Method,ID_Bits,Bits_Per_Feature,Fold,Enrollment_Index,Authentication_Index,Devices,Fit_Seconds,Mean_Transform_Milliseconds,Directed_Impostor_Comparisons,Intra_Mean,Intra_Mean_Normalized,Intra_Std,Intra_Min,Intra_Q05,Intra_Median,Intra_Q95,Intra_Max,Intra_Count,Inter_Mean,Inter_Mean_Normalized,Inter_Std,Inter_Min,Inter_Q05,Inter_Median,Inter_Q95,Inter_Max,Inter_Count,Fixed_Threshold,Fixed_Threshold_Normalized,FAR_At_Fixed_Threshold,FRR_At_Fixed_Threshold,Descriptive_EER,Descriptive_EER_Threshold,Minimum_Balanced_Error,Minimum_Balanced_Error_Threshold,Empirical_Overlap_Coefficient,Unique_Identifiers,Collision_Rate,Empirical_Codeword_Entropy_Bits,Active_Bit_Count,Constant_Bit_Count,Active_Bit_Fraction,Mean_Absolute_Bit_Bias,Mean_Absolute_Bit_Correlation
Direct-Scalar,12,4,enroll_1_test_2,1,2,295,0.007651699997950345,0.07610644087574239,86730,0.3050847457627119,0.025423728813559324,0.7660801650769585,0,0.0,0.0,2.0,4,295,2.0316614781505824,0.1693051231792152,1.2266430152997143,0,0.0,2.0,4.0,12,86730,2,0.16666666666666666,0.676582497405742,0.04745762711864407,0.12683615819209038,0,0.12683615819209038,0,0.2536723163841808,17,0.9423728813559322,3.7197961601151674,12,0,1.0,0.3457627118644067,0.4670335662021243
Direct-Scalar,12,4,enroll_1_test_3,1,3,295,0.00814869999885559,0.12348339048419464,86730,0.43389830508474575,0.03615819209039548,1.0142874194304121,0,0.0,0.0,3.0,10,295,2.062123832583881,0.17184365271532343,1.3133212308488305,0,0.0,2.0,4.0,12,86730,2,0.16666666666666666,0.6710019601060764,0.06779661016949153,0.15555747722817942,0,0.15555747722817942,0,0.3104462123832584,17,0.9423728813559322,3.7197961601151674,12,0,1.0,0.3457627118644067,0.4670335662021243
Direct-Scalar,12,4,enroll_1_test_4,1,4,295,0.013740700029302388,0.13283016870461278,86730,0.5220338983050847,0.04350282485875706,1.022879056131685,0,0.0,0.0,3.0,7,295,2.062354433298743,0.17186286944156193,1.3127746454401388,0,0.0,2.0,4.0,12,86730,2,0.16666666666666666,0.6704023982474345,0.09152542372881356,0.17924593566240055,0,0.17924593566240055,0,0.3554479418886199,17,0.9423728813559322,3.7197961601151674,12,0,1.0,0.3457627118644067,0.4670335662021243
Direct-Scalar,12,4,enroll_1_test_5,1,5,295,0.010769199987407774,0.15261762586059208,86730,0.559322033898305,0.04661016949152542,1.0113503204979764,0,0.0,0.0,3.0,4,295,2.0387639801683384,0.16989699834736152,1.252817624814357,0,0.0,2.0,4.0,12,86730,2,0.16666666666666666,0.6733194972904416,0.09830508474576272,0.24083938660209847,1,0.1893635420269803,0,0.3787270840539606,17,0.9423728813559322,3.7197961601151674,12,0,1.0,0.3457627118644067,0.4670335662021243
Direct-Scalar,12,4,enroll_2_test_1,2,1,295,0.019394800008740276,0.16084305105446758,86730,0.3694915254237288,0.030790960451977403,0.8897095446872136,0,0.0,0.0,3.0,4,295,2.024489795918367,0.16870748299319727,1.2474973906541023,0,0.0,2.0,4.0,12,86730,2,0.16666666666666666,0.6768476882278335,0.061016949152542375,0.13514354894500175,0,0.13514354894500175,0,0.27028709789000344,17,0.9423728813559322,3.6388456176159196,12,0,1.0,0.353954802259887,0.4672901809287728
Direct-Scalar,12,4,enroll_2_test_3,2,3,295,0.014381700020749122,0.1091000004434737,86730,0.23728813559322035,0.01977401129943503,0.8068369215994246,0,0.0,0.0,2.0,8,295,2.049948114839156,0.17082900956992966,1.3309303095133642,0,0.0,2.0,4.0,12,86730,2,0.16666666666666666,0.6752796033667704,0.030508474576271188,0.1028825089357777,0,0.1028825089357777,0,0.20355125100887814,17,0.9423728813559322,3.6388456176159196,12,0,1.0,0.353954802259887,0.4672901809287728
Direct-Scalar,12,4,enroll_2_test_4,2,4,295,0.01502200000686571,0.13022237196880376,86730,0.3525423728813559,0.02937853107344633,0.9391985170830227,0,0.0,0.0,2.0,8,295,2.054537069064914,0.17121142242207618,1.3329750606187154,0,0.0,2.0,4.0,12,86730,2,0.16666666666666666,0.6737922287559092,0.04745762711864407,0.1301568084861063,0,0.1301568084861063,0,0.25812291018102157,17,0.9423728813559322,3.6388456176159196,12,0,1.0,0.353954802259887,0.4672901809287728
Direct-Scalar,12,4,enroll_2_test_5,2,5,295,0.014040299982298166,0.12244067936188589,86730,0.31864406779661014,0.02655367231638418,0.7782053696622453,0,0.0,0.0,2.0,4,295,2.0239132941312117,0.16865944117760098,1.255606499277974,0,0.0,2.0,4.0,12,86730,2,0.16666666666666666,0.6758906952611553,0.03728813559322034,0.13403666551366308,0,0.13403666551366308,0,0.26807333102732617,17,0.9423728813559322,3.6388456176159196,12,0,1.0,0.353954802259887,0.4672901809287728
Direct-Scalar,12,4,enroll_3_test_1,3,1,295,0.017606300010811538,0.12602508324593054,86730,0.49830508474576274,0.041525423728813564,1.0590541803641806,0,0.0,0.0,3.0,7,295,2.051331719128329,0.17094430992736076,1.307858718406974,0,0.0,2.0,4.0,12,86730,2,0.16666666666666666,0.6738037587916522,0.07457627118644068,0.1610284791882855,0,0.1610284791882855,0,0.31901302894038974,18,0.9389830508474576,3.7074704122178948,12,0,1.0,0.3480225988700565,0.4228439209555305
Direct-Scalar,12,4,enroll_3_test_2,3,2,295,0.019172900007106364,0.10725864292106639,86730,0.22033898305084745,0.018361581920903956,0.757452690652818,0,0.0,0.0,1.3000000000000114,7,295,2.04577424190015,0.17048118682501248,1.2911817361171012,0,0.0,2.0,4.0,12,86730,2,0.16666666666666666,0.6743226104000922,0.023728813559322035,0.1006341519658711,0,0.1006341519658711,0,0.19868557592528535,18,0.9389830508474576,3.7074704122178948,12,0,1.0,0.3480225988700565,0.4228439209555305
Direct-Scalar,12,4,enroll_3_test_4,3,4,295,0.008802599972113967,0.0922806785931274,86730,0.16271186440677965,0.013559322033898305,0.5779091756798359,0,0.0,0.0,1.0,4,295,2.071094200392021,0.17259118336600177,1.3713458146511794,0,0.0,2.0,4.0,12,86730,2,0.16666666666666666,0.6734232676121296,0.01694915254237288,0.0884180790960452,0,0.0884180790960452,0,0.1768361581920904,18,0.9389830508474576,3.7074704122178948,12,0,1.0,0.3480225988700565,0.4228439209555305
Direct-Scalar,12,4,enroll_3_test_5,3,5,295,0.009509499999694526,0.08356440772886499,86730,0.2,0.016666666666666666,0.7171371656006361,0,0.0,0.0,1.3000000000000114,7,295,2.049233252623083,0.17076943771859024,1.3146133492541057,0,0.0,2.0,4.0,12,86730,2,0.16666666666666666,0.6746685114723856,0.02711864406779661,0.0936008301625735,0,0.0936008301625735,0,0.18424997117491065,18,0.9389830508474576,3.7074704122178948,12,0,1.0,0.3480225988700565,0.4228439209555305
Direct-Scalar,12,4,enroll_4_test_1,4,1,295,0.009153499966487288,0.07615694894565869,86730,0.4915254237288136,0.040960451977401134,1.0525783270405662,0,0.0,0.0,3.0,7,295,2.0477112879049923,0.17064260732541603,1.3096872125123173,0,0.0,2.0,4.0,12,86730,2,0.16666666666666666,0.6745186210077251,0.0711864406779661,0.15654329528421537,0,0.15654329528421537,0,0.31004266113224954,18,0.9389830508474576,3.6867771063589823,12,0,1.0,0.35141242937853107,0.4229431598424835
Direct-Scalar,12,4,enroll_4_test_2,4,2,295,0.010842799965757877,0.08281728694752111,86730,0.2677966101694915,0.02231638418079096,0.8035721011565654,0,0.0,0.0,2.0,7,295,2.0402167646719707,0.17001806372266423,1.292928355823957,0,0.0,2.0,4.0,12,86730,2,0.16666666666666666,0.6763288366193935,0.023728813559322035,0.10961028479188285,0,0.10961028479188285,0,0.2166263115415658,18,0.9389830508474576,3.6867771063589823,12,0,1.0,0.35141242937853107,0.4229431598424835
Direct-Scalar,12,4,enroll_4_test_3,4,3,295,0.01131939998595044,0.07679084536887831,86730,0.15932203389830507,0.01327683615819209,0.610319043383817,0,0.0,0.0,1.0,4,295,2.0676813098120603,0.1723067758176717,1.3724597379302395,0,0.0,2.0,4.0,12,86730,2,0.16666666666666666,0.6736999884699643,0.020338983050847456,0.08218032975902226,0,0.08218032975902226,0,0.16436065951804452,18,0.9389830508474576,3.6867771063589823,12,0,1.0,0.35141242937853107,0.4229431598424835
Direct-Scalar,12,4,enroll_4_test_5,4,5,295,0.011736100015696138,0.0761874564686569,86730,0.15254237288135594,0.012711864406779662,0.6601782722034925,0,0.0,0.0,1.0,7,295,2.0448057188977287,0.17040047657481072,1.3169973231743441,0,0.0,2.0,4.0,12,86730,2,0.16666666666666666,0.6759252853683846,0.01694915254237288,0.0807390752911334,0,0.0807390752911334,0,0.15853799146777353,18,0.9389830508474576,3.6867771063589823,12,0,1.0,0.35141242937853107,0.4229431598424835
Direct-Scalar,12,4,enroll_5_test_1,5,1,295,0.009699399990495294,0.07712135458428224,86730,0.5186440677966102,0.04322033898305085,1.0295753328817832,0,0.0,0.0,3.0,4,295,2.0270955839963105,0.16892463199969254,1.2482935826996853,0,0.0,2.0,4.0,12,86730,2,0.16666666666666666,0.6757292747607517,0.07457627118644068,0.16673008186325378,0,0.16673008186325378,0,0.3334601637265076,17,0.9423728813559322,3.6655163257938868,12,0,1.0,0.35197740112994347,0.4699160513220766
Direct-Scalar,12,4,enroll_5_test_2,5,2,295,0.008094699995126575,0.07321999676651873,86730,0.26101694915254237,0.02175141242937853,0.7211614189824328,0,0.0,0.0,2.0,4,295,2.0198086014066643,0.16831738345055536,1.2326016826155788,0,0.0,2.0,4.0,12,86730,2,0.16666666666666666,0.6765248472270264,0.023728813559322035,0.11311541565778854,0,0.11311541565778854,0,0.22623083131557709,17,0.9423728813559322,3.6655163257938868,12,0,1.0,0.35197740112994347,0.4699160513220766
Direct-Scalar,12,4,enroll_5_test_3,5,3,295,0.010166399995796382,0.06629830755103948,86730,0.16610169491525423,0.01384180790960452,0.6872527804096473,0,0.0,0.0,2.0,7,295,2.0480341289057997,0.17066951074214998,1.3160076697958247,0,0.0,2.0,4.0,12,86730,2,0.16666666666666666,0.6739190591490833,0.020338983050847456,0.07895191975095123,0,0.07895191975095123,0,0.15494062031592298,17,0.9423728813559322,3.6655163257938868,12,0,1.0,0.35197740112994347,0.4699160513220766
Direct-Scalar,12,4,enroll_5_test_4,5,4,295,0.013150200014933944,0.06815999927851608,86730,0.13898305084745763,0.011581920903954802,0.6528370709513575,0,0.0,0.0,1.0,7,295,2.0445981782543527,0.17038318152119605,1.3169781028523393,0,0.0,2.0,4.0,12,86730,2,0.16666666666666666,0.6756255044390638,0.013559322033898305,0.07230485414504785,0,0.07230485414504785,0,0.14164648910411623,17,0.9423728813559322,3.6655163257938868,12,0,1.0,0.35197740112994347,0.4699160513220766
PQM,12,4,enroll_1_test_2,1,2,295,0.003693200007546693,0.08585423771765525,86730,0.5220338983050847,0.04350282485875706,0.8483813713348194,0,0.0,0.0,3.0,4,295,3.8599792459356626,0.32166493716130523,1.7113726822353579,0,1.0,4.0,6.0,8,86730,2,0.16666666666666666,0.21279833967485298,0.0576271186440678,0.10694684653522427,1,0.10694684653522427,1,0.21389369307044853,36,0.8779661016949153,4.943119002901769,8,4,0.6666666666666666,0.2098870056497175,0.18001691186103222
PQM,12,4,enroll_1_test_3,1,3,295,0.0037379999994300306,0.040185083122134715,86730,0.5084745762711864,0.0423728813559322,0.7731216288029097,0,0.0,0.0,2.0,4,295,3.873354087397671,0.32277950728313926,1.7141439932864118,0,1.0,4.0,6.0,8,86730,2,0.16666666666666666,0.21188746685114723,0.04067796610169491,0.08755909143318344,1,0.08755909143318344,1,0.17511818286636688,36,0.8779661016949153,4.943119002901769,8,4,0.6666666666666666,0.2098870056497175,0.18001691186103222
PQM,12,4,enroll_1_test_4,1,4,295,0.0036643999628722668,0.04481559449617388,86730,0.576271186440678,0.0480225988700565,0.8572101130460672,0,0.0,0.0,2.3000000000000114,4,295,3.8703101579614896,0.3225258464967908,1.7135396038263297,0,1.0,4.0,6.0,8,86730,2,0.16666666666666666,0.21251008878127522,0.05084745762711865,0.1035281909373919,1,0.1035281909373919,1,0.2070563818747838,36,0.8779661016949153,4.943119002901769,8,4,0.6666666666666666,0.2098870056497175,0.18001691186103222
PQM,12,4,enroll_1_test_5,1,5,295,0.008669100003316998,0.03872338812640411,86730,0.6067796610169491,0.050564971751412426,0.8658023699451312,0,0.0,0.0,2.0,5,295,3.8740228294707713,0.32283523578923096,1.7168145219934163,0,1.0,4.0,6.0,8,86730,2,0.16666666666666666,0.21179522656520236,0.04745762711864407,0.10487720511933588,1,0.10487720511933588,1,0.20975441023867175,36,0.8779661016949153,4.943119002901769,8,4,0.6666666666666666,0.2098870056497175,0.18001691186103222
PQM,12,4,enroll_2_test_1,2,1,295,0.006585900031495839,0.03909932042992974,86730,0.49491525423728816,0.04124293785310735,0.864536313298299,0,0.0,0.0,3.0,4,295,3.8602098466505246,0.32168415388754373,1.7079182969608764,0,1.0,4.0,6.0,8,86730,2,0.16666666666666666,0.2115415657788539,0.06440677966101695,0.10174680041508129,1,0.10174680041508129,1,0.20349360083016257,35,0.8813559322033898,4.833077850249076,8,4,0.6666666666666666,0.21186440677966098,0.19532216825006796
PQM,12,4,enroll_2_test_3,2,3,295,0.0051259000319987535,0.03565457408805772,86730,0.44745762711864406,0.03728813559322034,0.878572576887246,0,0.0,0.0,3.0,4,295,3.868165571313271,0.3223471309427726,1.7209232769540426,0,1.0,4.0,6.0,8,86730,2,0.16666666666666666,0.21212959760175257,0.06779661016949153,0.11103424420615704,1,0.11103424420615704,1,0.22206848841231408,35,0.8813559322033898,4.833077850249076,8,4,0.6666666666666666,0.21186440677966098,0.19532216825006796
PQM,12,4,enroll_2_test_4,2,4,295,0.0036404000129550695,0.03834135743584168,86730,0.5050847457627119,0.042090395480225994,0.868461719421098,0,0.0,0.0,3.0,4,295,3.8651908220915483,0.3220992351742957,1.7256911050859514,0,1.0,4.0,6.0,8,86730,2,0.16666666666666666,0.21304047042545832,0.061016949152542375,0.11423959414274185,1,0.11423959414274185,1,0.2284791882854837,35,0.8813559322033898,4.833077850249076,8,4,0.6666666666666666,0.21186440677966098,0.19532216825006796
PQM,12,4,enroll_2_test_5,2,5,295,0.004206900019198656,0.04297559291629468,86730,0.4847457627118644,0.040395480225988704,0.8525299602376051,0,0.0,0.0,3.0,4,295,3.868557592528537,0.3223797993773781,1.7279271015691882,0,1.0,4.0,6.0,8,86730,2,0.16666666666666666,0.21214112763749568,0.05423728813559322,0.10871670702179177,1,0.10871670702179177,1,0.21743341404358354,35,0.8813559322033898,4.833077850249076,8,4,0.6666666666666666,0.21186440677966098,0.19532216825006796
PQM,12,4,enroll_3_test_1,3,1,295,0.008781899989116937,0.047325426752095,86730,0.46779661016949153,0.03898305084745763,0.7768856099895776,0,0.0,0.0,2.0,4,295,3.8738383488988815,0.3228198624082401,1.7097412943989947,0,1.0,4.0,6.0,8,86730,2,0.16666666666666666,0.2100426611322495,0.03728813559322034,0.08697682462815635,1,0.08697682462815635,1,0.1739536492563127,35,0.8813559322033898,4.878855037032158,8,4,0.6666666666666666,0.20790960451977403,0.18565066387361281
PQM,12,4,enroll_3_test_2,3,2,295,0.004362199979368597,0.061082033937702236,86730,0.43389830508474575,0.03615819209039548,0.8968217065261285,0,0.0,0.0,3.0,4,295,3.8684192320996194,0.3223682693416349,1.7205406486904642,0,1.0,4.0,6.0,8,86730,2,0.16666666666666666,0.2111034244206157,0.0711864406779661,0.1108324685806526,1,0.1108324685806526,1,0.2216649371613052,35,0.8813559322033898,4.878855037032158,8,4,0.6666666666666666,0.20790960451977403,0.18565066387361281
PQM,12,4,enroll_3_test_4,3,4,295,0.004149799991864711,0.05920203146130099,86730,0.29152542372881357,0.024293785310734464,0.7021076471318051,0,0.0,0.0,2.0,3,295,3.8789576847688227,0.32324647373073523,1.7213878338736737,0,1.0,4.0,6.0,8,86730,2,0.16666666666666666,0.21082670356278105,0.04406779661016949,0.08516660901648795,1,0.08516660901648795,1,0.1703332180329759,35,0.8813559322033898,4.878855037032158,8,4,0.6666666666666666,0.20790960451977403,0.18565066387361281
PQM,12,4,enroll_3_test_5,3,5,295,0.00364469998748973,0.05116847489755285,86730,0.28135593220338984,0.02344632768361582,0.6589195898913467,0,0.0,0.0,1.0,4,295,3.8819554940620318,0.323496291171836,1.7232227022495823,0,1.0,4.0,6.0,8,86730,2,0.16666666666666666,0.20963910988124063,0.030508474576271188,0.07992044275337254,1,0.07992044275337254,1,0.15984088550674508,35,0.8813559322033898,4.878855037032158,8,4,0.6666666666666666,0.20790960451977403,0.18565066387361281
PQM,12,4,enroll_4_test_1,4,1,295,0.006527099991217256,0.04857898634558512,86730,0.5661016949152542,0.04717514124293785,0.8737693326993258,0,0.0,0.0,2.0,4,295,3.870679119105269,0.32255659325877245,1.7098761577949146,0,1.0,4.0,6.0,8,86730,2,0.16666666666666666,0.2098351204888735,0.04745762711864407,0.10260002306007149,1,0.10260002306007149,1,0.20520004612014298,35,0.8813559322033898,4.839159074086625,8,4,0.6666666666666666,0.20875706214689269,0.19067937749817704
PQM,12,4,enroll_4_test_2,4,2,295,0.004249799996614456,0.04599050883109034,86730,0.511864406779661,0.04265536723163842,0.880067395719058,0,0.0,0.0,3.0,4,295,3.8654214228064108,0.32211845190053423,1.7249873609570838,0,1.0,4.0,6.0,8,86730,2,0.16666666666666666,0.21124178484953304,0.06779661016949153,0.11132826011760635,1,0.11132826011760635,1,0.22265652023521273,35,0.8813559322033898,4.839159074086625,8,4,0.6666666666666666,0.20875706214689269,0.19067937749817704
PQM,12,4,enroll_4_test_3,4,3,295,0.005973299965262413,0.04071084786427476,86730,0.30847457627118646,0.02570621468926554,0.7117307007132895,0,0.0,0.0,2.0,4,295,3.8789346246973366,0.32324455205811137,1.724431194634297,0,1.0,4.0,6.0,8,86730,2,0.16666666666666666,0.21007725123947885,0.04067796610169491,0.08471693762250664,1,0.08471693762250664,1,0.16943387524501327,35,0.8813559322033898,4.839159074086625,8,4,0.6666666666666666,0.20875706214689269,0.19067937749817704
PQM,12,4,enroll_4_test_5,4,5,295,0.005762199987657368,0.04442169634877878,86730,0.28135593220338984,0.02344632768361582,0.6891961640006369,0,0.0,0.0,2.0,4,295,3.8793727660555746,0.32328106383796457,1.7254645439367522,0,1.0,4.0,6.0,8,86730,2,0.16666666666666666,0.20986971059610285,0.03389830508474576,0.08695376455667013,1,0.08695376455667013,1,0.17390752911334026,35,0.8813559322033898,4.839159074086625,8,4,0.6666666666666666,0.20875706214689269,0.19067937749817704
PQM,12,4,enroll_5_test_1,5,1,295,0.0037378999986685812,0.06252881317099525,86730,0.5694915254237288,0.04745762711864407,0.8812588084739756,0,0.0,0.0,2.3000000000000114,5,295,3.8746454514008994,0.32288712095007494,1.7111825339890696,0,1.0,4.0,6.0,8,86730,2,0.16666666666666666,0.20956992966678198,0.05084745762711865,0.10590337830047274,1,0.10590337830047274,1,0.21180675660094547,36,0.8779661016949153,4.8887376248128165,8,4,0.6666666666666666,0.20819209039548023,0.18555029430893402
PQM,12,4,enroll_5_test_2,5,2,295,0.006723199971020222,0.046245764222753755,86730,0.46440677966101696,0.038700564971751415,0.8598692179992975,0,0.0,0.0,3.0,4,295,3.8691340943156924,0.32242784119297435,1.7225106663410525,0,1.0,4.0,6.0,8,86730,2,0.16666666666666666,0.2109074138129828,0.061016949152542375,0.10918367346938776,1,0.10918367346938776,1,0.21836734693877552,36,0.8779661016949153,4.8887376248128165,8,4,0.6666666666666666,0.20819209039548023,0.18555029430893402
PQM,12,4,enroll_5_test_3,5,3,295,0.004659099970012903,0.05600881186645415,86730,0.29152542372881357,0.024293785310734464,0.6774522438657816,0,0.0,0.0,1.0,4,295,3.882416695491756,0.323534724624313,1.7234950904571318,0,1.0,4.0,6.0,8,86730,2,0.16666666666666666,0.21000807102502017,0.030508474576271188,0.07929782082324455,1,0.07929782082324455,1,0.1585956416464891,36,0.8779661016949153,4.8887376248128165,8,4,0.6666666666666666,0.20819209039548023,0.18555029430893402
PQM,12,4,enroll_5_test_4,5,4,295,0.00529809994623065,0.062017288982426214,86730,0.2983050847457627,0.024858757062146894,0.7136882085250273,0,0.0,0.0,2.0,4,295,3.879672546984896,0.32330604558207465,1.7260066144574255,0,1.0,4.0,6.0,8,86730,2,0.16666666666666666,0.21076905338406549,0.04067796610169491,0.0868672892885968,1,0.0868672892885968,1,0.1737345785771936,36,0.8779661016949153,4.8887376248128165,8,4,0.6666666666666666,0.20819209039548023,0.18555029430893402
Direct-Scalar,18,6,enroll_1_test_2,1,2,295,0.011992399988230318,0.08161051072559114,86730,1.0338983050847457,0.057438794726930316,1.3114630882338392,0,0.0,1.0,4.0,5,295,3.055851493139629,0.16976952739664605,1.541612477112547,0,1.0,3.0,5.0,18,86730,3,0.16666666666666666,0.6489680618009915,0.07796610169491526,0.19109881240631846,1,0.19109881240631846,1,0.3821976248126369,56,0.8101694915254237,5.573947447225235,18,0,1.0,0.34218455743879467,0.46883548613332865
Direct-Scalar,18,6,enroll_1_test_3,1,3,295,0.008644699992146343,0.09072881243270585,86730,1.305084745762712,0.07250470809792844,1.4124595869016792,0,0.0,1.0,4.0,10,295,3.1007033321803297,0.17226129623224054,1.683334015009947,0,1.0,3.0,5.0,18,86730,3,0.16666666666666666,0.644851839040701,0.09152542372881356,0.26353049694454056,2,0.21598639455782315,1,0.4290210999654099,56,0.8101694915254237,5.573947447225235,18,0,1.0,0.34218455743879467,0.46883548613332865
Direct-Scalar,18,6,enroll_1_test_4,1,4,295,0.013585700013209134,0.08210915306551476,86730,1.4203389830508475,0.07890772128060264,1.433180619259391,0,0.0,1.0,4.0,9,295,3.0996425688919635,0.17220236493844243,1.6830135320976638,0,1.0,3.0,5.0,18,86730,3,0.16666666666666666,0.645785771935893,0.1016949152542373,0.2819958491871325,2,0.24282831776778507,1,0.4823936354202698,56,0.8101694915254237,5.573947447225235,18,0,1.0,0.34218455743879467,0.46883548613332865
Direct-Scalar,18,6,enroll_1_test_5,1,5,295,0.009233599994331598,0.09531966268511141,86730,1.5661016949152542,0.08700564971751412,1.445684425803475,0,0.0,1.0,4.300000000000011,6,295,3.0715323417502596,0.1706406856527922,1.6062787327447072,0,1.0,3.0,5.0,18,86730,3,0.16666666666666666,0.6472616165110112,0.1152542372881356,0.2978438833160383,2,0.26698374264960223,1,0.5339674852992043,56,0.8101694915254237,5.573947447225235,18,0,1.0,0.34218455743879467,0.46883548613332865
Direct-Scalar,18,6,enroll_2_test_1,2,1,295,0.012024499999824911,0.09779525285397293,86730,1.2610169491525425,0.07005649717514124,1.450898964722974,0,0.0,1.0,4.0,6,295,3.0629078750144125,0.1701615486119118,1.5987403183065942,0,1.0,3.0,5.0,18,86730,3,0.16666666666666666,0.6498212844459818,0.1016949152542373,0.2643548945001729,2,0.23210538452669202,1,0.46421076905338404,58,0.8033898305084746,5.572133486644909,18,0,1.0,0.34350282485875705,0.4675652603433953
Direct-Scalar,18,6,enroll_2_test_3,2,3,295,0.008240199997089803,0.07742271024607501,86730,0.9423728813559322,0.052354048964218455,1.4869275483210185,0,0.0,0.0,4.0,12,295,3.1054537069064914,0.17252520593924953,1.7422475939043471,0,1.0,3.0,5.0,18,86730,3,0.16666666666666666,0.6468695952957454,0.07457627118644068,0.17943041623429035,1,0.17943041623429035,1,0.3558284330681425,58,0.8033898305084746,5.572133486644909,18,0,1.0,0.34350282485875705,0.4675652603433953
Direct-Scalar,18,6,enroll_2_test_4,2,4,295,0.00838869996368885,0.07567626909526476,86730,1.1084745762711865,0.061581920903954805,1.6356246737350923,0,0.0,1.0,4.300000000000011,14,295,3.1030785195434105,0.17239325108574502,1.7440829778576747,0,1.0,3.0,5.0,18,86730,3,0.16666666666666666,0.648380029978093,0.1016949152542373,0.19304738844690417,1,0.19304738844690417,1,0.38523002421307506,58,0.8033898305084746,5.572133486644909,18,0,1.0,0.34350282485875705,0.4675652603433953
Direct-Scalar,18,6,enroll_2_test_5,2,5,295,0.010640399996191263,0.0724827115013564,86730,1.0677966101694916,0.059322033898305086,1.320487525662642,0,0.0,1.0,4.0,6,295,3.063438256658596,0.1701910142588109,1.603896497754253,0,1.0,3.0,5.0,18,86730,3,0.16666666666666666,0.6507667473769169,0.08135593220338982,0.20004035512510088,1,0.20004035512510088,1,0.4000807102502018,58,0.8033898305084746,5.572133486644909,18,0,1.0,0.34350282485875705,0.4675652603433953
Direct-Scalar,18,6,enroll_3_test_1,3,1,295,0.009220200008712709,0.06662813484889724,86730,1.423728813559322,0.0790960451977401,1.5843987446315666,0,0.0,1.0,4.0,11,295,3.0867289288596793,0.17148494049220442,1.6801156250724887,0,1.0,3.0,5.0,18,86730,3,0.16666666666666666,0.6486106306929551,0.1288135593220339,0.26983742649602216,2,0.2443387524501326,1,0.4862216072869826,59,0.8,5.58768896520832,18,0,1.0,0.3448210922787194,0.40209359565828356
Direct-Scalar,18,6,enroll_3_test_2,3,2,295,0.009463900001719594,0.05959864346689339,86730,0.8542372881355932,0.04745762711864407,1.405446407148551,0,0.0,0.0,4.0,9,295,3.0850916637841577,0.1713939813213421,1.6179433206219216,0,1.0,3.0,5.0,18,86730,3,0.16666666666666666,0.6471809062608094,0.0576271186440678,0.17608094085091663,1,0.17608094085091663,1,0.34557823129251697,59,0.8,5.58768896520832,18,0,1.0,0.3448210922787194,0.40209359565828356
Direct-Scalar,18,6,enroll_3_test_4,3,4,295,0.008413699979428202,0.06582203115952218,86730,0.7661016949152543,0.04256120527306968,1.2328566144527264,0,0.0,0.0,3.3000000000000114,6,295,3.119566470656059,0.17330924836978104,1.7636660030424893,0,1.0,3.0,5.0,18,86730,3,0.16666666666666666,0.6471347861178369,0.05084745762711865,0.16295976017525654,1,0.16295976017525654,1,0.325919520350513,59,0.8,5.58768896520832,18,0,1.0,0.3448210922787194,0.40209359565828356
Direct-Scalar,18,6,enroll_3_test_5,3,5,295,0.009766999981366098,0.06435457439461754,86730,0.8101694915254237,0.045009416195856876,1.3694547943469857,0,0.0,0.0,4.0,11,295,3.0887812752219532,0.17159895973455297,1.688067036233539,0,1.0,3.0,5.0,18,86730,3,0.16666666666666666,0.6491064222299089,0.06779661016949153,0.16170298627925747,1,0.16170298627925747,1,0.32081171451631496,59,0.8,5.58768896520832,18,0,1.0,0.3448210922787194,0.40209359565828356
Direct-Scalar,18,6,enroll_4_test_1,4,1,295,0.008247499994467944,0.05396610161415854,86730,1.5559322033898304,0.08644067796610169,1.4671309391689948,0,0.0,1.0,4.0,9,295,3.0908105615127406,0.17171169786181892,1.683958305303584,0,1.0,3.0,5.0,18,86730,3,0.16666666666666666,0.6468465352242592,0.12203389830508475,0.28161535800760984,2,0.2615358007609824,1,0.5197970713709212,58,0.8033898305084746,5.575481869939947,18,0,1.0,0.3429378531073446,0.41029726120578874
Direct-Scalar,18,6,enroll_4_test_2,4,2,295,0.007609999971464276,0.060572880280788166,86730,1.0813559322033899,0.06007532956685499,1.4142706319868215,0,0.0,1.0,4.0,11,295,3.0794650063415197,0.17108138924119554,1.618101176490799,0,1.0,3.0,5.0,18,86730,3,0.16666666666666666,0.6493946731234866,0.07457627118644068,0.2017295053614666,1,0.2017295053614666,1,0.40164879511126483,58,0.8033898305084746,5.575481869939947,18,0,1.0,0.3429378531073446,0.41029726120578874
Direct-Scalar,18,6,enroll_4_test_3,4,3,295,0.0074275999795645475,0.05308779457710305,86730,0.6677966101694915,0.03709981167608287,1.136057252492519,0,0.0,0.0,3.0,6,295,3.120304392943618,0.17335024405242322,1.7606648034295085,0,1.0,3.0,5.0,18,86730,3,0.16666666666666666,0.6474115069756716,0.03728813559322034,0.14761328260117607,1,0.14761328260117607,1,0.29522656520235213,58,0.8033898305084746,5.575481869939947,18,0,1.0,0.3429378531073446,0.41029726120578874
Direct-Scalar,18,6,enroll_4_test_5,4,5,295,0.007904199999757111,0.057442033450292834,86730,0.6745762711864407,0.037476459510357815,1.2680792186914842,0,0.0,0.0,4.0,9,295,3.0891271762942467,0.17161817646079147,1.6879463481769768,0,1.0,3.0,5.0,18,86730,3,0.16666666666666666,0.6488642914793036,0.05423728813559322,0.14320880894730773,1,0.14320880894730773,1,0.28310849763634266,58,0.8033898305084746,5.575481869939947,18,0,1.0,0.3429378531073446,0.41029726120578874
Direct-Scalar,18,6,enroll_5_test_1,5,1,295,0.007900999975390732,0.07176338912035196,86730,1.583050847457627,0.0879472693032015,1.5249793733826293,0,0.0,1.0,4.0,6,295,3.0586187017179753,0.16992326120655418,1.5989465975951538,0,1.0,3.0,5.0,18,86730,3,0.16666666666666666,0.651193358699412,0.1288135593220339,0.30752911334025135,2,0.27104808024904875,1,0.5386947999538798,57,0.8067796610169491,5.521736135693659,18,0,1.0,0.3444444444444444,0.4692002195717557
Direct-Scalar,18,6,enroll_5_test_2,5,2,295,0.008370499999728054,0.08529084734618664,86730,1.1627118644067798,0.06459510357815443,1.424028288467387,0,0.0,1.0,4.0,8,295,3.0485414504784965,0.16936341391547202,1.5363237178214975,0,1.0,3.0,5.0,18,86730,3,0.16666666666666666,0.6518966908797418,0.09152542372881356,0.21217571774472502,1,0.21217571774472502,1,0.42096160498097546,57,0.8067796610169491,5.521736135693659,18,0,1.0,0.3444444444444444,0.4692002195717557
Direct-Scalar,18,6,enroll_5_test_3,5,3,295,0.009218299994245172,0.08295898432290907,86730,0.8067796610169492,0.0448210922787194,1.2988566933226315,0,0.0,0.0,4.0,9,295,3.0927476075175835,0.17181931152875463,1.687300334652704,0,1.0,3.0,5.0,18,86730,3,0.16666666666666666,0.6481033091202583,0.06440677966101695,0.16096506399169838,1,0.16096506399169838,1,0.31863253776086703,57,0.8067796610169491,5.521736135693659,18,0,1.0,0.3444444444444444,0.4692002195717557
Direct-Scalar,18,6,enroll_5_test_4,5,4,295,0.009365100006107241,0.08153288064808664,86730,0.7932203389830509,0.04406779661016949,1.3977465351256169,0,0.0,0.0,4.0,9,295,3.092378646373804,0.17179881368743355,1.6894785559783976,0,1.0,3.0,5.0,18,86730,3,0.16666666666666666,0.648391560013836,0.08135593220338982,0.16471232560820936,1,0.16471232560820936,1,0.3261270609938891,57,0.8067796610169491,5.521736135693659,18,0,1.0,0.3444444444444444,0.4692002195717557
PQM,18,6,enroll_1_test_2,1,2,295,0.004888799972832203,0.04438203463520286,86730,1.2779661016949153,0.07099811676082862,1.3667663556569718,0,0.0,1.0,4.0,7,295,5.7794995964487486,0.32108331091381936,2.147586286548924,0,2.0,6.0,9.0,11,86730,3,0.16666666666666666,0.17297359621814828,0.08135593220338982,0.12898650985818055,2,0.12716476421076905,3,0.2543295284215381,119,0.5966101694915253,6.693468964932102,12,6,0.6666666666666666,0.20753295668549904,0.14339669159155727
PQM,18,6,enroll_1_test_3,1,3,295,0.003806099994108081,0.03971423898523642,86730,1.3322033898305086,0.07401129943502825,1.2473701148375451,0,0.0,1.0,3.3000000000000114,7,295,5.802121526576732,0.32234008480981846,2.14845281098209,0,2.0,6.0,9.0,11,86730,3,0.16666666666666666,0.17082900956992966,0.05084745762711865,0.11139744033206503,2,0.11083823359852416,3,0.2216764671970483,119,0.5966101694915253,6.693468964932102,12,6,0.6666666666666666,0.20753295668549904,0.14339669159155727
PQM,18,6,enroll_1_test_4,1,4,295,0.004731299995910376,0.03871830590700699,86730,1.464406779661017,0.08135593220338982,1.2980575115745991,0,0.0,1.0,4.0,7,295,5.800368961143779,0.3222427200635433,2.153153161656365,0,2.0,6.0,9.0,11,86730,3,0.16666666666666666,0.17266228525308427,0.0711864406779661,0.1290210999654099,2,0.1219243629655252,3,0.24384872593105036,119,0.5966101694915253,6.693468964932102,12,6,0.6666666666666666,0.20753295668549904,0.14339669159155727
PQM,18,6,enroll_1_test_5,1,5,295,0.004343100008554757,0.04076949277324444,86730,1.4983050847457626,0.0832391713747646,1.3193344443295891,0,0.0,1.0,4.0,7,295,5.8015219647180905,0.3223067758176717,2.1490682586189207,0,2.0,6.0,9.0,11,86730,3,0.16666666666666666,0.17175141242937852,0.07457627118644068,0.12835235789230948,2,0.1231638418079096,3,0.2463276836158192,119,0.5966101694915253,6.693468964932102,12,6,0.6666666666666666,0.20753295668549904,0.14339669159155727
PQM,18,6,enroll_2_test_1,2,1,295,0.007031999994069338,0.03787898359883387,86730,1.2440677966101694,0.06911487758945385,1.3657958715470349,0,0.0,1.0,4.0,7,295,5.863876398016834,0.32577091100093525,2.2811195956649657,0,2.0,6.0,9.0,11,86730,3,0.16666666666666666,0.18075637034474806,0.06440677966101695,0.1276893808370806,2,0.1225815750028825,3,0.245163150005765,111,0.623728813559322,6.621539199003717,12,6,0.6666666666666666,0.1983050847457627,0.17167318191876493
PQM,18,6,enroll_2_test_3,2,3,295,0.003868900006636977,0.03683389622276112,86730,1.0847457627118644,0.060263653483992465,1.3386984184467063,0,0.0,1.0,4.0,6,295,5.872408624466736,0.3262449235814853,2.2849658149723706,0,2.0,6.0,9.0,11,86730,3,0.16666666666666666,0.1795111264844921,0.08813559322033898,0.11987778162112303,2,0.11987778162112303,2,0.23975556324224603,111,0.623728813559322,6.621539199003717,12,6,0.6666666666666666,0.1983050847457627,0.17167318191876493
PQM,18,6,enroll_2_test_4,2,4,295,0.004023500019684434,0.043698984506082235,86730,1.1830508474576271,0.06572504708097929,1.2618354710140078,0,0.0,1.0,4.0,6,295,5.869456935316499,0.32608094085091666,2.2963414789129972,0,2.0,6.0,9.0,11,86730,3,0.16666666666666666,0.18279718667127867,0.08135593220338982,0.12273146546754295,2,0.12273146546754295,2,0.24546293093508592,111,0.623728813559322,6.621539199003717,12,6,0.6666666666666666,0.1983050847457627,0.17167318191876493
PQM,18,6,enroll_2_test_5,2,5,295,0.004651500028558075,0.03453864700208276,86730,1.2101694915254237,0.0672316384180791,1.2922709688332383,0,0.0,1.0,4.0,6,295,5.872800645682002,0.326266702537889,2.2923883387672617,0,2.0,6.0,9.0,11,86730,3,0.16666666666666666,0.18082555055920674,0.0711864406779661,0.11679926207771243,2,0.11679926207771243,2,0.23359852415542487,111,0.623728813559322,6.621539199003717,12,6,0.6666666666666666,0.1983050847457627,0.17167318191876493
PQM,18,6,enroll_3_test_1,3,1,295,0.004051700001582503,0.033049153211384505,86730,1.383050847457627,0.07683615819209039,1.2747085224213546,0,0.0,1.0,4.0,7,295,5.875821515046697,0.32643452861370537,2.1947113525122166,0,2.0,6.0,9.0,11,86730,3,0.16666666666666666,0.16890349360083015,0.0576271186440678,0.11406664360659519,2,0.11326530612244898,3,0.22653061224489796,112,0.6203389830508474,6.6329656719423955,12,6,0.6666666666666666,0.19717514124293783,0.15470937468151486
PQM,18,6,enroll_3_test_2,3,2,295,0.003817400021944195,0.03638203015108987,86730,1.0745762711864406,0.059698681732580035,1.4146456036014,0,0.0,1.0,5.0,6,295,5.871809062608094,0.32621161458933856,2.2032899617736197,0,2.0,6.0,9.0,11,86730,3,0.16666666666666666,0.1699066067104808,0.1016949152542373,0.11919174449440793,2,0.11775625504439063,1,0.23551251008878127,112,0.6203389830508474,6.6329656719423955,12,6,0.6666666666666666,0.19717514124293783,0.15470937468151486
PQM,18,6,enroll_3_test_4,3,4,295,0.006133700022473931,0.041969152270042796,86730,0.7830508474576271,0.04350282485875706,1.0974851497256477,0,0.0,1.0,4.0,5,295,5.880710250201775,0.32670612501120977,2.2005278827797574,0,2.0,6.0,9.0,11,86730,3,0.16666666666666666,0.16964141588838924,0.05423728813559322,0.09176178946154734,2,0.08357546408393866,1,0.16715092816787733,112,0.6203389830508474,6.6329656719423955,12,6,0.6666666666666666,0.19717514124293783,0.15470937468151486
PQM,18,6,enroll_3_test_5,3,5,295,0.004480800009332597,0.0404600010616547,86730,0.7898305084745763,0.043879472693032016,1.083220022633174,0,0.0,1.0,3.0,6,295,5.883339098351205,0.3268521721306225,2.198650726829522,0,2.0,6.0,9.0,11,86730,3,0.16666666666666666,0.1686267727429955,0.04067796610169491,0.08434797647872709,2,0.08434797647872709,2,0.16869595295745418,112,0.6203389830508474,6.6329656719423955,12,6,0.6666666666666666,0.19717514124293783,0.15470937468151486
PQM,18,6,enroll_4_test_1,4,1,295,0.005359899951145053,0.041013219299079,86730,1.4915254237288136,0.08286252354048965,1.379796906034528,0,0.0,1.0,5.0,7,295,5.854882970137208,0.32527127611873374,2.197018996359248,0,2.0,6.0,9.0,11,86730,3,0.16666666666666666,0.17283523578923093,0.07796610169491526,0.12842153810676815,2,0.1254006687420731,3,0.2508013374841462,114,0.6135593220338983,6.65552506866122,12,6,0.6666666666666666,0.2005649717514124,0.16204257211262627
PQM,18,6,enroll_4_test_2,4,2,295,0.004443399957381189,0.046197627276434734,86730,1.2338983050847459,0.06854990583804144,1.3104252528719311,0,0.0,1.0,4.0,6,295,5.8547907298512625,0.32526615165840345,2.2135556459508816,0,2.0,6.0,9.0,11,86730,3,0.16666666666666666,0.17369998846996426,0.09830508474576272,0.12168799723279142,2,0.12168799723279142,2,0.24337599446558283,114,0.6135593220338983,6.65552506866122,12,6,0.6666666666666666,0.2005649717514124,0.16204257211262627
PQM,18,6,enroll_4_test_3,4,3,295,0.00452190003124997,0.03505864504219617,86730,0.8033898305084746,0.04463276836158192,1.1317865748084477,0,0.0,1.0,3.0,6,295,5.86652830623775,0.3259182392354305,2.2087992391675524,0,2.0,6.0,9.0,11,86730,3,0.16666666666666666,0.17205119335869942,0.04067796610169491,0.08708059494984435,2,0.08708059494984435,2,0.17416118989968868,114,0.6135593220338983,6.65552506866122,12,6,0.6666666666666666,0.2005649717514124,0.16204257211262627
PQM,18,6,enroll_4_test_5,4,5,295,0.0056211999617516994,0.04065322149071401,86730,0.7559322033898305,0.041996233521657246,1.1958361982625634,0,0.0,0.0,3.0,7,295,5.8690418540297475,0.32605788077943043,2.2084276555760867,0,2.0,6.0,9.0,11,86730,3,0.16666666666666666,0.17238556439524963,0.04745762711864407,0.08533955955263461,2,0.08533955955263461,2,0.17067911910526923,114,0.6135593220338983,6.65552506866122,12,6,0.6666666666666666,0.2005649717514124,0.16204257211262627
PQM,18,6,enroll_5_test_1,5,1,295,0.003996499988716096,0.044059662258852335,86730,1.5220338983050847,0.08455743879472694,1.3821096706499594,0,0.0,1.0,5.0,7,295,5.878127522195319,0.3265626401219622,2.1938790488374695,0,2.0,6.0,9.0,11,86730,3,0.16666666666666666,0.17004496713939812,0.07796610169491526,0.1296667819670241,2,0.1240055344171567,3,0.2480110688343134,114,0.6135593220338983,6.654966434639592,12,6,0.6666666666666666,0.19491525423728817,0.15621434049594976
PQM,18,6,enroll_5_test_2,5,2,295,0.004232799983583391,0.03838474542628658,86730,1.2338983050847459,0.06854990583804144,1.368823191065405,0,0.0,1.0,4.0,6,295,5.873031246396864,0.32627951368871466,2.2058606829421827,0,2.0,6.0,9.0,11,86730,3,0.16666666666666666,0.17220108382335986,0.0847457627118644,0.11769860486567507,2,0.11769860486567507,2,0.23539720973135017,114,0.6135593220338983,6.654966434639592,12,6,0.6666666666666666,0.19491525423728817,0.15621434049594976
PQM,18,6,enroll_5_test_3,5,3,295,0.004723899997770786,0.04820813527488607,86730,0.8067796610169492,0.0448210922787194,1.0399935254213135,0,0.0,1.0,3.0,6,295,5.887374610861293,0.32707636727007183,2.2022616728959523,0,2.0,6.0,9.0,11,86730,3,0.16666666666666666,0.17051769860486568,0.03389830508474576,0.08306814251124178,2,0.08306814251124178,2,0.16613628502248357,114,0.6135593220338983,6.654966434639592,12,6,0.6666666666666666,0.19491525423728817,0.15621434049594976
PQM,18,6,enroll_5_test_4,5,4,295,0.004585199989378452,0.04987593314026372,86730,0.7762711864406779,0.043126177024482105,1.1594537452750158,0,0.0,0.0,3.0,7,295,5.884722702640378,0.3269290390355766,2.2082263257293175,0,2.0,6.0,9.0,11,86730,3,0.16666666666666666,0.17213190360890118,0.04745762711864407,0.08886775049002651,2,0.08886775049002651,2,0.17773550098005306,114,0.6135593220338983,6.654966434639592,12,6,0.6666666666666666,0.19491525423728817,0.15621434049594976
Direct-Scalar,24,8,enroll_1_test_2,1,2,295,0.008839499962050468,0.08033389912255234,86730,2.0983050847457627,0.08742937853107345,1.5232318315769136,0,0.0,2.0,5.0,7,295,4.545878012221838,0.1894115838425766,1.9956482518550671,0,2.0,4.0,7.0,23,86730,4,0.16666666666666666,0.5082900956992966,0.08813559322033898,0.22617894615473308,3,0.2240170644528998,2,0.4480341289057996,159,0.4610169491525423,7.090254524084086,24,0,1.0,0.32372881355932204,0.4195434084912602
Direct-Scalar,24,8,enroll_1_test_3,1,3,295,0.011529400013387203,0.07415152336391857,86730,2.369491525423729,0.09872881355932205,1.7090449890473336,0,0.0,2.0,5.0,15,295,4.597186671278681,0.19154944463661172,2.1699445414322893,0,2.0,4.0,7.0,24,86730,4,0.16666666666666666,0.5043814135823821,0.10508474576271186,0.2432261040009224,3,0.2432261040009224,3,0.4837080594949844,159,0.4610169491525423,7.090254524084086,24,0,1.0,0.32372881355932204,0.4195434084912602
Direct-Scalar,24,8,enroll_1_test_4,1,4,295,0.009613199974410236,0.0640132211906425,86730,2.5084745762711864,0.10451977401129943,1.7219361171943557,0,0.0,2.0,5.0,15,295,4.596287328490718,0.1915119720204466,2.165740327260159,0,2.0,4.0,7.0,24,86730,4,0.16666666666666666,0.5056727775856105,0.10847457627118644,0.26981436642453593,3,0.26981436642453593,3,0.5368269341634959,159,0.4610169491525423,7.090254524084086,24,0,1.0,0.32372881355932204,0.4195434084912602
Direct-Scalar,24,8,enroll_1_test_5,1,5,295,0.008642499975394458,0.07655322216293317,86730,2.4847457627118645,0.10353107344632768,1.581871529924085,0,0.0,2.0,5.0,8,295,4.556462585034014,0.18985260770975057,2.0544760749959274,0,2.0,4.0,7.0,24,86730,4,0.16666666666666666,0.5084053960567277,0.11186440677966102,0.27737230485414505,3,0.27737230485414505,3,0.5547446097082901,159,0.4610169491525423,7.090254524084086,24,0,1.0,0.32372881355932204,0.4195434084912602
Direct-Scalar,24,8,enroll_2_test_1,2,1,295,0.009253600030206144,0.08558067966694549,86730,2.1491525423728812,0.08954802259887006,1.6735612036917016,0,0.0,2.0,5.300000000000011,8,295,4.552865213882163,0.18970271724509014,2.0529436772832383,0,2.0,4.0,7.0,24,86730,4,0.16666666666666666,0.5073100426611322,0.09491525423728814,0.24106422229908914,3,0.24106422229908914,3,0.4821284445981783,162,0.45084745762711864,7.1225786140952385,24,0,1.0,0.3286723163841808,0.4200327960781689
Direct-Scalar,24,8,enroll_2_test_3,2,3,295,0.009597300027962774,0.07124135420673479,86730,1.888135593220339,0.07867231638418079,1.7759815476919854,0,0.0,1.0,5.0,15,295,4.6080018448057185,0.19200007686690493,2.2226670687531187,0,2.0,4.0,7.0,24,86730,4,0.16666666666666666,0.5060071486221607,0.07457627118644068,0.21818286636688572,3,0.19887005649717515,2,0.3944309927360775,162,0.45084745762711864,7.1225786140952385,24,0,1.0,0.3286723163841808,0.4200327960781689
Direct-Scalar,24,8,enroll_2_test_4,2,4,295,0.00994729995727539,0.08110372898153077,86730,2.077966101694915,0.08658192090395479,1.8909080528024413,0,0.0,2.0,5.300000000000011,19,295,4.602282947077136,0.19176178946154732,2.2268243672624783,0,2.0,4.0,7.0,24,86730,4,0.16666666666666666,0.5058457281217572,0.10508474576271186,0.19410815173527038,2,0.19410815173527038,2,0.38713248011068835,162,0.45084745762711864,7.1225786140952385,24,0,1.0,0.3286723163841808,0.4200327960781689
Direct-Scalar,24,8,enroll_2_test_5,2,5,295,0.00925860001007095,0.09344982977767112,86730,2.169491525423729,0.0903954802259887,1.5358808588829538,0,0.0,2.0,5.0,7,295,4.548276259656405,0.18951151081901688,2.0609154456303473,0,2.0,4.0,7.0,24,86730,4,0.16666666666666666,0.5098005303816442,0.06779661016949153,0.24082785656635536,3,0.23888504554364118,2,0.4777700910872823,162,0.45084745762711864,7.1225786140952385,24,0,1.0,0.3286723163841808,0.4200327960781689
Direct-Scalar,24,8,enroll_3_test_1,3,1,295,0.008555500011425465,0.08957559219166888,86730,2.4338983050847456,0.10141242937853107,1.8055668046964108,0,0.0,2.0,6.0,16,295,4.587040239824743,0.1911266766593643,2.1727486166088337,0,2.0,4.0,7.0,24,86730,4,0.16666666666666666,0.5074714631615358,0.13559322033898305,0.24488642914793038,3,0.24488642914793038,3,0.48755909143318343,156,0.4711864406779661,7.086043105320771,24,0,1.0,0.3279661016949153,0.37044728031209806
Direct-Scalar,24,8,enroll_3_test_2,3,2,295,0.00807169999461621,0.07486983095848207,86730,1.8677966101694916,0.07782485875706215,1.6699057651898566,0,0.0,2.0,5.0,13,295,4.582151504669665,0.19092297936123603,2.10815488438586,0,2.0,4.0,7.0,24,86730,4,0.16666666666666666,0.5065605903378301,0.07796610169491526,0.18787616741611898,2,0.18787616741611898,2,0.37248933471693757,156,0.4711864406779661,7.086043105320771,24,0,1.0,0.3279661016949153,0.37044728031209806
Direct-Scalar,24,8,enroll_3_test_4,3,4,295,0.00932080001803115,0.07331830398100665,86730,1.7186440677966102,0.07161016949152542,1.5775286985186874,0,0.0,1.0,5.0,8,295,4.625020177562551,0.19270917406510626,2.2842966856696596,0,2.0,4.0,7.0,24,86730,4,0.16666666666666666,0.5066182405165456,0.06440677966101695,0.17891156462585034,2,0.17891156462585034,2,0.3578231292517007,156,0.4711864406779661,7.086043105320771,24,0,1.0,0.3279661016949153,0.37044728031209806
Direct-Scalar,24,8,enroll_3_test_5,3,5,295,0.009318600001279265,0.08466339026877688,86730,1.8711864406779661,0.07796610169491526,1.7232948633968816,0,0.0,2.0,5.0,16,295,4.589553787616742,0.19123140781736425,2.1750544962131606,0,2.0,4.0,7.0,24,86730,4,0.16666666666666666,0.5071601521964718,0.0847457627118644,0.1797993773780699,2,0.1797993773780699,2,0.3571659172143434,156,0.4711864406779661,7.086043105320771,24,0,1.0,0.3279661016949153,0.37044728031209806
Direct-Scalar,24,8,enroll_4_test_1,4,1,295,0.00913999998010695,0.07714407017328224,86730,2.4237288135593222,0.10098870056497176,1.668061217559925,0,0.0,2.0,5.0,14,295,4.583719589530728,0.190988316230447,2.175981132398487,0,2.0,4.0,7.0,24,86730,4,0.16666666666666666,0.50863599677159,0.1152542372881356,0.24014758445751183,3,0.24014758445751183,3,0.47708981897843883,156,0.4711864406779661,7.090955002105601,24,0,1.0,0.32683615819209044,0.37896320529554584
Direct-Scalar,24,8,enroll_4_test_2,4,2,295,0.010799599986057729,0.066820678293263,86730,1.9661016949152543,0.08192090395480227,1.65745175379363,0,0.0,2.0,5.0,15,295,4.58169030323994,0.1909037626349975,2.112963912939161,0,2.0,4.0,7.0,23,86730,4,0.16666666666666666,0.5070448518390407,0.06779661016949153,0.20127406894961375,2,0.20127406894961375,2,0.40024213075060533,156,0.4711864406779661,7.090955002105601,24,0,1.0,0.32683615819209044,0.37896320529554584
Direct-Scalar,24,8,enroll_4_test_3,4,3,295,0.012373900040984154,0.0723179676412147,86730,1.5932203389830508,0.06638418079096045,1.5086896155430722,0,0.0,1.0,4.0,8,295,4.628940389715208,0.19287251623813365,2.2868030828126265,0,2.0,4.0,7.0,24,86730,4,0.16666666666666666,0.5046581344402168,0.04745762711864407,0.16858065260002306,2,0.16858065260002306,2,0.3371613052000461,156,0.4711864406779661,7.090955002105601,24,0,1.0,0.32683615819209044,0.37896320529554584
Direct-Scalar,24,8,enroll_4_test_5,4,5,295,0.013224599999375641,0.09131321991336043,86730,1.7084745762711864,0.0711864406779661,1.7813554549849104,0,0.0,1.0,5.0,14,295,4.591329413121181,0.19130539221338252,2.180428848673079,0,2.0,4.0,7.0,24,86730,4,0.16666666666666666,0.507494523233022,0.07796610169491526,0.19007263922518158,2,0.19007263922518158,2,0.37700910872823706,156,0.4711864406779661,7.090955002105601,24,0,1.0,0.32683615819209044,0.37896320529554584
Direct-Scalar,24,8,enroll_5_test_1,5,1,295,0.013719300040975213,0.1982477939514033,86730,2.6,0.10833333333333334,1.7130948244481448,0,0.0,2.0,6.0,7,295,4.543387524501326,0.18930781352088857,2.0618351893611035,0,2.0,4.0,7.0,24,86730,4,0.16666666666666666,0.5110918943848726,0.15932203389830507,0.28010492332526227,3,0.28010492332526227,3,0.5602098466505246,162,0.45084745762711864,7.1361922155562665,24,0,1.0,0.3299435028248588,0.4208226287913507
Direct-Scalar,24,8,enroll_5_test_2,5,2,295,0.031320400012191385,0.2099871157936878,86730,2.159322033898305,0.08997175141242937,1.57306393736665,0,0.0,2.0,5.0,8,295,4.5350628386948,0.18896095161228332,2.00094488716248,0,2.0,4.0,7.0,23,86730,4,0.16666666666666666,0.5109996540989277,0.09152542372881356,0.2380952380952381,3,0.22955724662746455,2,0.4591144932549291,162,0.45084745762711864,7.1361922155562665,24,0,1.0,0.3299435028248588,0.4208226287913507
Direct-Scalar,24,8,enroll_5_test_3,5,3,295,0.01756870001554489,0.23189932423627982,86730,1.7457627118644068,0.07274011299435028,1.6760946300280744,0,0.0,1.0,5.0,15,295,4.590637610976594,0.19127656712402474,2.176170254709609,0,2.0,4.0,7.0,24,86730,4,0.16666666666666666,0.5075406433759945,0.06779661016949153,0.18632537760867057,2,0.18632537760867057,2,0.3698720166032515,162,0.45084745762711864,7.1361922155562665,24,0,1.0,0.3299435028248588,0.4208226287913507
Direct-Scalar,24,8,enroll_5_test_4,5,4,295,0.020708099997136742,0.18189830520048234,86730,1.6813559322033897,0.07005649717514124,1.6660347008937226,0,0.0,1.0,5.0,14,295,4.581920903954802,0.19091337099811675,2.185634969250958,0,2.0,4.0,7.0,24,86730,4,0.16666666666666666,0.5095699296667819,0.06440677966101695,0.1740285944886429,2,0.1740285944886429,2,0.34493254929090283,162,0.45084745762711864,7.1361922155562665,24,0,1.0,0.3299435028248588,0.4208226287913507
PQM,24,8,enroll_1_test_2,1,2,295,0.010592800041195005,0.05253017031571875,86730,2.335593220338983,0.09731638418079096,1.7357547234035762,0,0.0,2.0,6.0,9,295,7.689934278796264,0.32041392828317766,2.712949572838798,0,2.0,8.0,11.0,15,86730,4,0.16666666666666666,0.1624236135132019,0.09491525423728814,0.12866943387524502,4,0.12866943387524502,4,0.25733886775049003,271,0.08135593220338988,8.041859279842425,16,8,0.6666666666666666,0.21002824858757063,0.14393078117430674
PQM,24,8,enroll_1_test_3,1,3,295,0.004752600041683763,0.0729450845491078,86730,2.454237288135593,0.10225988700564971,1.609001257160367,0,0.0,2.0,5.0,11,295,7.723901764095468,0.3218292401706445,2.7205864451832253,0,2.0,8.0,11.0,15,86730,4,0.16666666666666666,0.16032514700795572,0.0711864406779661,0.14278219762481265,3,0.11575579384296092,4,0.23151158768592184,271,0.08135593220338988,8.041859279842425,16,8,0.6666666666666666,0.21002824858757063,0.14393078117430674
PQM,24,8,enroll_1_test_4,1,4,295,0.005570099980104715,0.06580203771591187,86730,2.5796610169491525,0.10748587570621469,1.5991898098615276,0,1.0,2.0,5.300000000000011,10,295,7.715853799146777,0.3214939082977824,2.7255848455629326,0,2.0,8.0,11.0,15,86730,4,0.16666666666666666,0.16176640147584456,0.08813559322033898,0.12495099734809177,4,0.12495099734809177,4,0.24990199469618357,271,0.08135593220338988,8.041859279842425,16,8,0.6666666666666666,0.21002824858757063,0.14393078117430674
PQM,24,8,enroll_1_test_5,1,5,295,0.007184699992649257,0.0678498307795469,86730,2.647457627118644,0.11031073446327683,1.7016754381102819,0,0.0,2.0,6.0,10,295,7.71919750951228,0.32163322956301166,2.719452055241647,0,2.0,8.0,11.0,15,86730,4,0.16666666666666666,0.16047503747261616,0.09830508474576272,0.12939006110918944,4,0.12939006110918944,4,0.25878012221837887,271,0.08135593220338988,8.041859279842425,16,8,0.6666666666666666,0.21002824858757063,0.14393078117430674
PQM,24,8,enroll_2_test_1,2,1,295,0.00701389997266233,0.053444744474491324,86730,2.389830508474576,0.09957627118644068,1.9078868635482769,0,0.0,2.0,6.0,11,295,7.803712671509282,0.3251546946462201,2.8376259490362035,0,2.0,8.0,12.0,15,86730,4,0.16666666666666666,0.16319612590799032,0.11864406779661017,0.14092009685230025,4,0.14092009685230025,4,0.28184019370460045,275,0.06779661016949157,8.068977923910222,16,8,0.6666666666666666,0.2004237288135593,0.16121441000492684
PQM,24,8,enroll_2_test_3,2,3,295,0.004802500014193356,0.04059254108943929,86730,2.142372881355932,0.08926553672316384,1.9237332071582331,0,0.0,2.0,7.0,10,295,7.816072869825897,0.3256697029094124,2.8404233611501755,0,2.0,8.0,12.0,15,86730,4,0.16666666666666666,0.16272339444252276,0.11186440677966102,0.1372939006110919,4,0.1335927591375533,3,0.26718551827510667,275,0.06779661016949157,8.068977923910222,16,8,0.6666666666666666,0.2004237288135593,0.16121441000492684
PQM,24,8,enroll_2_test_4,2,4,295,0.005657800007611513,0.04217728925079613,86730,2.3728813559322033,0.09887005649717513,1.8580428687740864,0,0.0,2.0,6.0,10,295,7.814597025250778,0.3256082093854491,2.854980762002263,0,2.0,8.0,12.0,15,86730,4,0.16666666666666666,0.16506399169837427,0.11864406779661017,0.14185402974749223,4,0.13589876628617548,3,0.27179753257235095,275,0.06779661016949157,8.068977923910222,16,8,0.6666666666666666,0.2004237288135593,0.16121441000492684
PQM,24,8,enroll_2_test_5,2,5,295,0.004821499984245747,0.03622169764238899,86730,2.294915254237288,0.09562146892655367,1.862028713035295,0,0.0,2.0,6.0,10,295,7.818932318690188,0.3257888466120912,2.851565671555529,0,2.0,8.0,12.0,15,86730,4,0.16666666666666666,0.16333448633690764,0.11186440677966102,0.13759944655828432,4,0.13759944655828432,4,0.27519889311656864,275,0.06779661016949157,8.068977923910222,16,8,0.6666666666666666,0.2004237288135593,0.16121441000492684
PQM,24,8,enroll_3_test_1,3,1,295,0.0041099999798461795,0.03799525251359505,86730,2.383050847457627,0.09929378531073446,1.6940424363980104,0,0.0,2.0,6.0,10,295,7.813789922748761,0.3255745801145317,2.7268181487824896,0,3.0,8.0,11.0,14,86730,4,0.16666666666666666,0.15682001614205004,0.0711864406779661,0.13332180329759022,3,0.11400322841000807,4,0.22800645682001616,276,0.06440677966101693,8.075757584927171,17,7,0.7083333333333334,0.19858757062146892,0.13528274316406871
PQM,24,8,enroll_3_test_2,3,2,295,0.004538599983789027,0.03765559246195322,86730,2.1966101694915254,0.09152542372881356,2.0475608603328443,0,0.0,2.0,7.0,10,295,7.804681194511703,0.32519504977132097,2.7314498300821426,0,2.0,8.0,11.0,14,86730,4,0.16666666666666666,0.15821515046696644,0.11186440677966102,0.11924939467312348,3,0.11924939467312348,3,0.23849878934624696,276,0.06440677966101693,8.075757584927171,17,7,0.7083333333333334,0.19858757062146892,0.13528274316406871
PQM,24,8,enroll_3_test_4,3,4,295,0.004050499992445111,0.03790576346376437,86730,1.7864406779661017,0.07443502824858757,1.6634790224717655,0,0.0,2.0,5.300000000000011,9,295,7.826403781851724,0.32610015757715516,2.7252185455087763,0,2.0,8.0,11.0,14,86730,4,0.16666666666666666,0.15767323878704023,0.06440677966101695,0.0966908797417272,3,0.0966908797417272,3,0.19338175948345437,276,0.06440677966101693,8.075757584927171,17,7,0.7083333333333334,0.19858757062146892,0.13528274316406871
PQM,24,8,enroll_3_test_5,3,5,295,0.0074841000023297966,0.047751865152395885,86730,1.7864406779661017,0.07443502824858757,1.4772029124660493,0,0.0,2.0,5.0,8,295,7.822575809985011,0.32594065874937544,2.721534018728807,0,2.0,8.0,11.0,14,86730,4,0.16666666666666666,0.1561512740689496,0.05423728813559322,0.09158883892540068,3,0.09158883892540068,3,0.18317767785080133,276,0.06440677966101693,8.075757584927171,17,7,0.7083333333333334,0.19858757062146892,0.13528274316406871
PQM,24,8,enroll_4_test_1,4,1,295,0.005128700053319335,0.04503966281506217,86730,2.542372881355932,0.1059322033898305,1.7873519528463637,0,0.0,2.0,6.0,10,295,7.777793151158769,0.32407471463161536,2.7654313793580263,0,2.0,8.0,12.0,14,86730,4,0.16666666666666666,0.15893001268303933,0.09830508474576272,0.128617548714401,4,0.128617548714401,4,0.257235097428802,272,0.07796610169491525,8.048638940859373,17,7,0.7083333333333334,0.20423728813559325,0.14490246850321384
PQM,24,8,enroll_4_test_2,4,2,295,0.00437959999544546,0.04604610188280122,86730,2.376271186440678,0.09901129943502825,1.8837236050135706,0,0.0,2.0,6.300000000000011,9,295,7.788654444828779,0.32452726853453245,2.789828131288692,0,2.0,8.0,12.0,14,86730,4,0.16666666666666666,0.16038279718667128,0.12542372881355932,0.1429032630001153,4,0.1429032630001153,4,0.2858065260002306,272,0.07796610169491525,8.048638940859373,17,7,0.7083333333333334,0.20423728813559325,0.14490246850321384
PQM,24,8,enroll_4_test_3,4,3,295,0.004669400048442185,0.047052202556850546,86730,1.7389830508474575,0.07245762711864406,1.5329728520159356,0,0.0,1.0,5.0,8,295,7.793128098697106,0.32471367077904606,2.7705522280600543,0,2.0,8.0,12.0,14,86730,4,0.16666666666666666,0.15830739075291134,0.0576271186440678,0.10382797186671279,3,0.10382797186671279,3,0.20765594373342558,272,0.07796610169491525,8.048638940859373,17,7,0.7083333333333334,0.20423728813559325,0.14490246850321384
PQM,24,8,enroll_4_test_5,4,5,295,0.00438549998216331,0.04931288214905535,86730,1.7322033898305085,0.07217514124293785,1.6307463211468693,0,0.0,1.0,5.0,8,295,7.7974172719935435,0.32489238633306433,2.776140558096587,0,2.0,8.0,12.0,14,86730,4,0.16666666666666666,0.15856105153925978,0.06440677966101695,0.1022887120950075,3,0.1022887120950075,3,0.204577424190015,272,0.07796610169491525,8.048638940859373,17,7,0.7083333333333334,0.20423728813559325,0.14490246850321384
PQM,24,8,enroll_5_test_1,5,1,295,0.0044982999679632485,0.05690712023968414,86730,2.5830508474576273,0.1076271186440678,1.8587129390852015,0,0.0,2.0,7.0,10,295,7.814251124178485,0.3255937968407702,2.8220556400220924,0,2.0,8.0,12.0,15,86730,4,0.16666666666666666,0.16089011875936815,0.10847457627118644,0.1346823475152773,4,0.1346823475152773,4,0.2693646950305546,275,0.06779661016949157,8.068977923910222,16,8,0.6666666666666666,0.1953389830508475,0.15414121712270673
PQM,24,8,enroll_5_test_2,5,2,295,0.0057972000213339925,0.051110847734735676,86730,2.3322033898305086,0.09717514124293786,1.9478263376094567,0,0.0,2.0,7.0,9,295,7.805280756370345,0.32522003151543105,2.831616396652422,0,2.0,8.0,12.0,15,86730,4,0.16666666666666666,0.1628617548714401,0.1016949152542373,0.1336331142626542,3,0.1322783350628387,4,0.2645566701256774,275,0.06779661016949157,8.068977923910222,16,8,0.6666666666666666,0.1953389830508475,0.15414121712270673
PQM,24,8,enroll_5_test_3,5,3,295,0.0046381999854929745,0.052090167951912195,86730,1.769491525423729,0.07372881355932204,1.5077187161300192,0,0.0,2.0,4.0,9,295,7.827441485068603,0.3261433952111918,2.826529860848309,0,2.0,8.0,12.0,15,86730,4,0.16666666666666666,0.16133979015334948,0.04745762711864407,0.09401014643145394,3,0.09401014643145394,3,0.18802029286290786,275,0.06779661016949157,8.068977923910222,16,8,0.6666666666666666,0.1953389830508475,0.15414121712270673
PQM,24,8,enroll_5_test_4,5,4,295,0.004914800054393709,0.040526439877763644,86730,1.7457627118644068,0.07274011299435028,1.6308382338121,0,0.0,1.0,5.300000000000011,9,295,7.8249509973480915,0.32603962488950383,2.831092747045125,0,2.0,8.0,12.0,15,86730,4,0.16666666666666666,0.16240055344171567,0.06440677966101695,0.09485183904070102,3,0.09485183904070102,3,0.18970367808140204,275,0.06779661016949157,8.068977923910222,16,8,0.6666666666666666,0.1953389830508475,0.15414121712270673
