Method,ID_Bits,Device,Authentication_Queries,Intra_Mean_Normalized,Intra_Min,Intra_Max,Verification_Rate,Identification_Rate,Combined_Authentication_Rate
Direct-Scalar,12,1,20,0.03333333333333333,0,1,1.0,0.0,0.0
Direct-Scalar,12,10,20,0.0,0,0,1.0,0.0,0.0
Direct-Scalar,12,100,20,0.0,0,0,1.0,0.0,0.0
Direct-Scalar,12,101,20,0.025,0,3,0.9,0.0,0.0
Direct-Scalar,12,102,20,0.0,0,0,1.0,0.0,0.0
Direct-Scalar,12,103,20,0.14583333333333331,0,4,0.5,0.8,0.5
Direct-Scalar,12,104,20,0.0,0,0,1.0,0.0,0.0
Direct-Scalar,12,105,20,0.0,0,0,1.0,0.0,0.0
Direct-Scalar,12,106,20,0.008333333333333333,0,1,1.0,0.0,0.0
Direct-Scalar,12,107,20,0.0,0,0,1.0,0.0,0.0
Direct-Scalar,12,108,20,0.025,0,2,1.0,0.0,0.0
Direct-Scalar,12,109,20,0.020833333333333332,0,1,1.0,0.0,0.0
Direct-Scalar,12,11,20,0.016666666666666666,0,1,1.0,0.0,0.0
Direct-Scalar,12,110,20,0.025,0,3,0.9,0.0,0.0
Direct-Scalar,12,111,20,0.0,0,0,1.0,0.0,0.0
Direct-Scalar,12,112,20,0.0,0,0,1.0,0.0,0.0
Direct-Scalar,12,113,20,0.008333333333333333,0,2,1.0,0.0,0.0
Direct-Scalar,12,114,20,0.0,0,0,1.0,0.0,0.0
Direct-Scalar,12,115,20,0.016666666666666666,0,1,1.0,0.0,0.0
Direct-Scalar,12,116,20,0.0875,0,3,0.65,0.0,0.0
Direct-Scalar,12,117,20,0.008333333333333333,0,2,1.0,0.0,0.0
Direct-Scalar,12,118,20,0.0,0,0,1.0,0.0,0.0
Direct-Scalar,12,119,20,0.004166666666666667,0,1,1.0,0.0,0.0
Direct-Scalar,12,12,20,0.0,0,0,1.0,0.0,0.0
Direct-Scalar,12,120,20,0.0,0,0,1.0,0.0,0.0
Direct-Scalar,12,121,20,0.020833333333333332,0,1,1.0,0.0,0.0
Direct-Scalar,12,122,20,0.025,0,2,1.0,0.0,0.0
Direct-Scalar,12,123,20,0.029166666666666664,0,1,1.0,0.0,0.0
Direct-Scalar,12,124,20,0.0,0,0,1.0,0.0,0.0
Direct-Scalar,12,125,20,0.0,0,0,1.0,0.0,0.0
Direct-Scalar,12,126,20,0.05833333333333333,0,1,1.0,0.0,0.0
Direct-Scalar,12,127,20,0.0625,0,3,0.75,0.0,0.0
Direct-Scalar,12,128,20,0.029166666666666664,0,1,1.0,0.0,0.0
Direct-Scalar,12,129,20,0.041666666666666664,0,2,1.0,0.0,0.0
Direct-Scalar,12,13,20,0.0,0,0,1.0,0.0,0.0
Direct-Scalar,12,130,20,0.0,0,0,1.0,0.0,0.0
Direct-Scalar,12,131,20,0.0,0,0,1.0,0.0,0.0
Direct-Scalar,12,132,20,0.0,0,0,1.0,0.0,0.0
Direct-Scalar,12,133,20,0.004166666666666667,0,1,1.0,0.0,0.0
Direct-Scalar,12,134,20,0.0125,0,1,1.0,0.0,0.0
Direct-Scalar,12,135,20,0.0,0,0,1.0,1.0,1.0
Direct-Scalar,12,136,20,0.029166666666666664,0,1,1.0,0.0,0.0
Direct-Scalar,12,137,20,0.0,0,0,1.0,0.0,0.0
Direct-Scalar,12,138,20,0.0125,0,3,0.95,0.0,0.0
Direct-Scalar,12,139,20,0.0,0,0,1.0,0.0,0.0
Direct-Scalar,12,14,20,0.0,0,0,1.0,0.0,0.0
Direct-Scalar,12,140,20,0.05,0,3,0.8,0.0,0.0
Direct-Scalar,12,15,20,0.15,0,4,0.55,0.0,0.0
Direct-Scalar,12,151,20,0.025,0,2,1.0,0.0,0.0
Direct-Scalar,12,152,20,0.0,0,0,1.0,0.0,0.0
Direct-Scalar,12,153,20,0.08333333333333333,0,4,0.75,0.0,0.0
Direct-Scalar,12,154,20,0.0,0,0,1.0,0.0,0.0
Direct-Scalar,12,155,20,0.0,0,0,1.0,0.0,0.0
Direct-Scalar,12,156,20,0.0,0,0,1.0,0.0,0.0
Direct-Scalar,12,157,20,0.0625,0,3,0.75,0.0,0.0
Direct-Scalar,12,158,20,0.0,0,0,1.0,0.0,0.0
Direct-Scalar,12,159,20,0.0,0,0,1.0,0.0,0.0
Direct-Scalar,12,16,20,0.0,0,0,1.0,0.6,0.6
Direct-Scalar,12,160,20,0.0,0,0,1.0,0.0,0.0
Direct-Scalar,12,161,20,0.020833333333333332,0,1,1.0,0.0,0.0
Direct-Scalar,12,162,20,0.041666666666666664,0,1,1.0,0.0,0.0
Direct-Scalar,12,163,20,0.0125,0,3,0.95,0.0,0.0
Direct-Scalar,12,164,20,0.0,0,0,1.0,0.0,0.0
Direct-Scalar,12,165,20,0.0,0,0,1.0,0.0,0.0
Direct-Scalar,12,166,20,0.1125,0,3,0.55,0.0,0.0
Direct-Scalar,12,167,20,0.05833333333333333,0,2,1.0,0.0,0.0
Direct-Scalar,12,168,20,0.029166666666666664,0,1,1.0,0.0,0.0
Direct-Scalar,12,169,20,0.1,0,3,0.6,0.0,0.0
Direct-Scalar,12,17,20,0.05,0,3,0.8,0.0,0.0
Direct-Scalar,12,170,20,0.0,0,0,1.0,0.0,0.0
Direct-Scalar,12,171,20,0.008333333333333333,0,1,1.0,0.0,0.0
Direct-Scalar,12,172,20,0.008333333333333333,0,2,1.0,0.0,0.0
Direct-Scalar,12,173,20,0.0,0,0,1.0,0.0,0.0
Direct-Scalar,12,174,20,0.05,0,2,1.0,0.0,0.0
Direct-Scalar,12,175,20,0.008333333333333333,0,2,1.0,0.0,0.0
Direct-Scalar,12,176,20,0.016666666666666666,0,1,1.0,0.0,0.0
Direct-Scalar,12,177,20,0.03333333333333333,0,2,1.0,0.0,0.0
Direct-Scalar,12,178,20,0.0125,0,1,1.0,0.0,0.0
Direct-Scalar,12,179,20,0.0,0,0,1.0,0.0,0.0
Direct-Scalar,12,18,20,0.025,0,1,1.0,0.0,0.0
Direct-Scalar,12,180,20,0.0,0,0,1.0,0.0,0.0
Direct-Scalar,12,181,20,0.0,0,0,1.0,0.0,0.0
Direct-Scalar,12,182,20,0.041666666666666664,0,1,1.0,0.0,0.0
Direct-Scalar,12,183,20,0.025,0,1,1.0,0.0,0.0
Direct-Scalar,12,184,20,0.075,0,3,0.7,0.0,0.0
Direct-Scalar,12,185,20,0.0,0,0,1.0,0.0,0.0
Direct-Scalar,12,186,20,0.0375,0,3,0.85,0.0,0.0
Direct-Scalar,12,187,20,0.1,0,4,0.7,0.0,0.0
Direct-Scalar,12,188,20,0.016666666666666666,0,1,1.0,0.0,0.0
Direct-Scalar,12,189,20,0.0,0,0,1.0,0.0,0.0
Direct-Scalar,12,19,20,0.0,0,0,1.0,0.0,0.0
Direct-Scalar,12,190,20,0.020833333333333332,0,1,1.0,0.0,0.0
Direct-Scalar,12,191,20,0.025,0,1,1.0,0.0,0.0
Direct-Scalar,12,192,20,0.029166666666666664,0,1,1.0,0.0,0.0
Direct-Scalar,12,193,20,0.0,0,0,1.0,0.0,0.0
Direct-Scalar,12,194,20,0.1,0,4,0.7,0.0,0.0
Direct-Scalar,12,195,20,0.016666666666666666,0,1,1.0,0.0,0.0
Direct-Scalar,12,196,20,0.016666666666666666,0,1,1.0,0.0,0.0
Direct-Scalar,12,197,20,0.0875,0,3,0.65,0.0,0.0
Direct-Scalar,12,198,20,0.0,0,0,1.0,0.0,0.0
Direct-Scalar,12,199,20,0.0,0,0,1.0,0.0,0.0
Direct-Scalar,12,2,20,0.029166666666666664,0,1,1.0,0.0,0.0
Direct-Scalar,12,20,20,0.09166666666666666,0,3,0.65,0.0,0.0
Direct-Scalar,12,200,20,0.0375,0,3,0.85,0.0,0.0
Direct-Scalar,12,202,20,0.0125,0,1,1.0,0.0,0.0
Direct-Scalar,12,203,20,0.0375,0,1,1.0,0.0,0.0
Direct-Scalar,12,204,20,0.0375,0,1,1.0,0.0,0.0
Direct-Scalar,12,205,20,0.008333333333333333,0,1,1.0,0.0,0.0
Direct-Scalar,12,206,20,0.0625,0,3,0.75,0.0,0.0
Direct-Scalar,12,207,20,0.016666666666666666,0,1,1.0,0.0,0.0
Direct-Scalar,12,208,20,0.05,0,3,0.8,0.0,0.0
Direct-Scalar,12,209,20,0.0,0,0,1.0,0.0,0.0
Direct-Scalar,12,21,20,0.016666666666666666,0,4,0.95,0.0,0.0
Direct-Scalar,12,210,20,0.0,0,0,1.0,0.0,0.0
Direct-Scalar,12,211,20,0.0,0,0,1.0,0.0,0.0
Direct-Scalar,12,212,20,0.0625,0,3,0.75,0.0,0.0
Direct-Scalar,12,213,20,0.0625,0,3,0.75,0.0,0.0
Direct-Scalar,12,214,20,0.0125,0,1,1.0,0.0,0.0
Direct-Scalar,12,215,20,0.016666666666666666,0,1,1.0,0.0,0.0
Direct-Scalar,12,216,20,0.008333333333333333,0,2,1.0,0.0,0.0
Direct-Scalar,12,217,20,0.0,0,0,1.0,0.0,0.0
Direct-Scalar,12,218,20,0.075,0,3,0.7,0.0,0.0
Direct-Scalar,12,219,20,0.0,0,0,1.0,0.0,0.0
Direct-Scalar,12,22,20,0.05833333333333333,0,2,1.0,0.0,0.0
Direct-Scalar,12,220,20,0.0,0,0,1.0,0.0,0.0
Direct-Scalar,12,221,20,0.13333333333333333,0,4,0.6,0.0,0.0
Direct-Scalar,12,222,20,0.041666666666666664,0,2,1.0,0.0,0.0
Direct-Scalar,12,223,20,0.0,0,0,1.0,0.0,0.0
Direct-Scalar,12,224,20,0.0125,0,1,1.0,0.0,0.0
Direct-Scalar,12,225,20,0.05,0,3,0.8,0.0,0.0
Direct-Scalar,12,226,20,0.016666666666666666,0,1,1.0,0.0,0.0
Direct-Scalar,12,227,20,0.0,0,0,1.0,0.0,0.0
Direct-Scalar,12,228,20,0.05,0,3,0.8,0.0,0.0
Direct-Scalar,12,229,20,0.0,0,0,1.0,0.0,0.0
Direct-Scalar,12,23,20,0.0125,0,1,1.0,0.0,0.0
Direct-Scalar,12,230,20,0.008333333333333333,0,1,1.0,0.0,0.0
Direct-Scalar,12,231,20,0.16666666666666666,0,4,0.5,0.0,0.0
Direct-Scalar,12,232,20,0.05833333333333333,0,2,1.0,0.0,0.0
Direct-Scalar,12,233,20,0.025,0,3,0.9,0.0,0.0
Direct-Scalar,12,234,20,0.008333333333333333,0,1,1.0,0.0,0.0
Direct-Scalar,12,235,20,0.07916666666666666,0,2,1.0,0.0,0.0
Direct-Scalar,12,236,20,0.0,0,0,1.0,0.0,0.0
Direct-Scalar,12,237,20,0.0,0,0,1.0,0.0,0.0
Direct-Scalar,12,238,20,0.075,0,2,1.0,0.0,0.0
Direct-Scalar,12,239,20,0.08333333333333333,0,4,0.75,0.0,0.0
Direct-Scalar,12,24,20,0.0,0,0,1.0,0.0,0.0
Direct-Scalar,12,240,20,0.0,0,0,1.0,0.0,0.0
Direct-Scalar,12,241,20,0.06666666666666667,0,2,1.0,0.0,0.0
Direct-Scalar,12,242,20,0.0125,0,1,1.0,0.0,0.0
Direct-Scalar,12,243,20,0.016666666666666666,0,2,1.0,0.0,0.0
Direct-Scalar,12,244,20,0.075,0,2,1.0,0.0,0.0
Direct-Scalar,12,245,20,0.0,0,0,1.0,0.0,0.0
Direct-Scalar,12,246,20,0.025,0,1,1.0,0.0,0.0
Direct-Scalar,12,247,20,0.016666666666666666,0,1,1.0,0.0,0.0
Direct-Scalar,12,248,20,0.016666666666666666,0,4,0.95,0.0,0.0
Direct-Scalar,12,249,20,0.075,0,2,1.0,0.0,0.0
Direct-Scalar,12,25,20,0.0,0,0,1.0,0.0,0.0
Direct-Scalar,12,250,20,0.020833333333333332,0,1,1.0,0.0,0.0
Direct-Scalar,12,251,20,0.075,0,3,0.7,0.0,0.0
Direct-Scalar,12,252,20,0.0,0,0,1.0,0.0,0.0
Direct-Scalar,12,255,20,0.0,0,0,1.0,0.0,0.0
Direct-Scalar,12,256,20,0.029166666666666664,0,1,1.0,0.0,0.0
Direct-Scalar,12,257,20,0.0,0,0,1.0,0.0,0.0
Direct-Scalar,12,259,20,0.075,0,2,1.0,0.0,0.0
Direct-Scalar,12,26,20,0.0,0,0,1.0,0.0,0.0
Direct-Scalar,12,260,20,0.0,0,0,1.0,0.0,0.0
Direct-Scalar,12,261,20,0.0875,0,3,0.65,0.0,0.0
Direct-Scalar,12,262,20,0.05,0,3,0.8,0.0,0.0
Direct-Scalar,12,263,20,0.0,0,0,1.0,0.0,0.0
Direct-Scalar,12,264,20,0.03333333333333333,0,2,1.0,0.0,0.0
Direct-Scalar,12,265,20,0.0,0,0,1.0,0.0,0.0
Direct-Scalar,12,266,20,0.0125,0,1,1.0,0.0,0.0
Direct-Scalar,12,267,20,0.041666666666666664,0,1,1.0,0.0,0.0
Direct-Scalar,12,268,20,0.0,0,0,1.0,0.0,0.0
Direct-Scalar,12,269,20,0.03333333333333333,0,1,1.0,0.0,0.0
Direct-Scalar,12,27,20,0.0,0,0,1.0,0.0,0.0
Direct-Scalar,12,270,20,0.0,0,0,1.0,0.0,0.0
Direct-Scalar,12,271,20,0.0,0,0,1.0,0.0,0.0
Direct-Scalar,12,272,20,0.020833333333333332,0,1,1.0,0.0,0.0
Direct-Scalar,12,273,20,0.041666666666666664,0,2,1.0,0.0,0.0
Direct-Scalar,12,274,20,0.05,0,2,1.0,0.0,0.0
Direct-Scalar,12,275,20,0.020833333333333332,0,1,1.0,0.0,0.0
Direct-Scalar,12,276,20,0.0,0,0,1.0,0.0,0.0
Direct-Scalar,12,277,20,0.016666666666666666,0,1,1.0,0.0,0.0
Direct-Scalar,12,278,20,0.03333333333333333,0,2,1.0,0.0,0.0
Direct-Scalar,12,279,20,0.05,0,3,0.8,0.0,0.0
Direct-Scalar,12,28,20,0.0,0,0,1.0,0.0,0.0
Direct-Scalar,12,280,20,0.025,0,1,1.0,0.0,0.0
Direct-Scalar,12,281,20,0.0,0,0,1.0,0.0,0.0
Direct-Scalar,12,282,20,0.025,0,1,1.0,0.0,0.0
Direct-Scalar,12,283,20,0.041666666666666664,0,1,1.0,0.0,0.0
Direct-Scalar,12,284,20,0.0,0,0,1.0,0.0,0.0
Direct-Scalar,12,285,20,0.05,0,3,0.8,0.0,0.0
Direct-Scalar,12,286,20,0.05,0,2,1.0,0.0,0.0
Direct-Scalar,12,287,20,0.0,0,0,1.0,0.0,0.0
Direct-Scalar,12,288,20,0.004166666666666667,0,1,1.0,0.0,0.0
Direct-Scalar,12,289,20,0.029166666666666664,0,1,1.0,0.0,0.0
Direct-Scalar,12,29,20,0.025,0,1,1.0,0.0,0.0
Direct-Scalar,12,290,20,0.05,0,2,1.0,0.0,0.0
Direct-Scalar,12,291,20,0.03333333333333333,0,2,1.0,0.0,0.0
Direct-Scalar,12,292,20,0.025,0,2,1.0,0.0,0.0
Direct-Scalar,12,293,20,0.004166666666666667,0,1,1.0,0.0,0.0
Direct-Scalar,12,294,20,0.0125,0,1,1.0,0.0,0.0
Direct-Scalar,12,295,20,0.0,0,0,1.0,0.0,0.0
Direct-Scalar,12,296,20,0.03333333333333333,0,2,1.0,0.0,0.0
Direct-Scalar,12,297,20,0.05,0,2,1.0,0.0,0.0
Direct-Scalar,12,298,20,0.0125,0,1,1.0,0.0,0.0
Direct-Scalar,12,299,20,0.029166666666666664,0,1,1.0,0.0,0.0
Direct-Scalar,12,3,20,0.016666666666666666,0,2,1.0,0.0,0.0
Direct-Scalar,12,30,20,0.0,0,0,1.0,0.0,0.0
Direct-Scalar,12,300,20,0.0,0,0,1.0,0.0,0.0
Direct-Scalar,12,301,20,0.1,0,3,0.6,0.0,0.0
Direct-Scalar,12,302,20,0.0,0,0,1.0,0.0,0.0
Direct-Scalar,12,303,20,0.075,0,3,0.7,0.0,0.0
Direct-Scalar,12,304,20,0.0,0,0,1.0,0.0,0.0
Direct-Scalar,12,305,20,0.016666666666666666,0,1,1.0,0.0,0.0
Direct-Scalar,12,306,20,0.0,0,0,1.0,0.0,0.0
Direct-Scalar,12,307,20,0.05,0,3,0.8,0.0,0.0
Direct-Scalar,12,308,20,0.38333333333333336,0,10,0.35,0.1,0.1
Direct-Scalar,12,309,20,0.0,0,0,1.0,0.0,0.0
Direct-Scalar,12,31,20,0.016666666666666666,0,2,1.0,0.0,0.0
Direct-Scalar,12,32,20,0.0,0,0,1.0,0.0,0.0
Direct-Scalar,12,33,20,0.0375,0,3,0.9,0.0,0.0
Direct-Scalar,12,34,20,0.05833333333333333,0,2,1.0,0.0,0.0
Direct-Scalar,12,35,20,0.0125,0,3,0.95,0.0,0.0
Direct-Scalar,12,36,20,0.0,0,0,1.0,0.0,0.0
Direct-Scalar,12,37,20,0.05,0,3,0.8,0.0,0.0
Direct-Scalar,12,38,20,0.075,0,2,1.0,0.0,0.0
Direct-Scalar,12,39,20,0.0,0,0,1.0,0.0,0.0
Direct-Scalar,12,4,20,0.0,0,0,1.0,0.0,0.0
Direct-Scalar,12,40,20,0.03333333333333333,0,1,1.0,0.0,0.0
Direct-Scalar,12,41,20,0.10833333333333332,0,2,1.0,0.0,0.0
Direct-Scalar,12,42,20,0.0,0,0,1.0,0.0,0.0
Direct-Scalar,12,43,20,0.0,0,0,1.0,0.0,0.0
Direct-Scalar,12,44,20,0.05833333333333333,0,2,1.0,0.0,0.0
Direct-Scalar,12,45,20,0.0,0,0,1.0,0.0,0.0
Direct-Scalar,12,46,20,0.025,0,1,1.0,0.0,0.0
Direct-Scalar,12,47,20,0.05,0,2,1.0,0.0,0.0
Direct-Scalar,12,48,20,0.016666666666666666,0,1,1.0,0.0,0.0
Direct-Scalar,12,49,20,0.0375,0,1,1.0,0.0,0.0
Direct-Scalar,12,5,20,0.016666666666666666,0,2,1.0,0.0,0.0
Direct-Scalar,12,50,20,0.008333333333333333,0,1,1.0,0.0,0.0
Direct-Scalar,12,51,20,0.06666666666666667,0,4,0.8,0.0,0.0
Direct-Scalar,12,52,20,0.03333333333333333,0,4,0.95,0.0,0.0
Direct-Scalar,12,53,20,0.004166666666666667,0,1,1.0,0.0,0.0
Direct-Scalar,12,54,20,0.016666666666666666,0,1,1.0,0.0,0.0
Direct-Scalar,12,55,20,0.041666666666666664,0,2,1.0,0.0,0.0
Direct-Scalar,12,56,20,0.029166666666666664,0,1,1.0,0.0,0.0
Direct-Scalar,12,57,20,0.0,0,0,1.0,0.0,0.0
Direct-Scalar,12,58,20,0.0,0,0,1.0,0.0,0.0
Direct-Scalar,12,59,20,0.0,0,0,1.0,0.0,0.0
Direct-Scalar,12,6,20,0.0,0,0,1.0,0.0,0.0
Direct-Scalar,12,60,20,0.016666666666666666,0,4,0.95,0.0,0.0
Direct-Scalar,12,61,20,0.0,0,0,1.0,0.0,0.0
Direct-Scalar,12,62,20,0.0125,0,1,1.0,0.0,0.0
Direct-Scalar,12,63,20,0.1,0,3,0.95,0.0,0.0
Direct-Scalar,12,64,20,0.004166666666666667,0,1,1.0,0.0,0.0
Direct-Scalar,12,65,20,0.0125,0,1,1.0,0.0,0.0
Direct-Scalar,12,66,20,0.0,0,0,1.0,0.0,0.0
Direct-Scalar,12,67,20,0.0,0,0,1.0,0.0,0.0
Direct-Scalar,12,68,20,0.0,0,0,1.0,0.0,0.0
Direct-Scalar,12,69,20,0.0,0,0,1.0,0.0,0.0
Direct-Scalar,12,7,20,0.016666666666666666,0,2,1.0,0.0,0.0
Direct-Scalar,12,70,20,0.0,0,0,1.0,0.0,0.0
Direct-Scalar,12,71,20,0.1,0,3,0.6,0.0,0.0
Direct-Scalar,12,72,20,0.008333333333333333,0,1,1.0,0.0,0.0
Direct-Scalar,12,73,20,0.0,0,0,1.0,0.0,0.0
Direct-Scalar,12,74,20,0.03333333333333333,0,2,1.0,0.0,0.0
Direct-Scalar,12,75,20,0.0125,0,1,1.0,0.0,0.0
Direct-Scalar,12,76,20,0.0125,0,3,0.95,0.0,0.0
Direct-Scalar,12,77,20,0.004166666666666667,0,1,1.0,0.0,0.0
Direct-Scalar,12,78,20,0.09166666666666666,0,2,1.0,0.0,0.0
Direct-Scalar,12,79,20,0.041666666666666664,0,1,1.0,0.0,0.0
Direct-Scalar,12,8,20,0.0,0,0,1.0,0.0,0.0
Direct-Scalar,12,80,20,0.0125,0,1,1.0,0.0,0.0
Direct-Scalar,12,81,20,0.0375,0,3,0.85,0.0,0.0
Direct-Scalar,12,82,20,0.025,0,2,1.0,0.0,0.0
Direct-Scalar,12,83,20,0.0,0,0,1.0,0.0,0.0
Direct-Scalar,12,84,20,0.0,0,0,1.0,0.0,0.0
Direct-Scalar,12,85,20,0.0,0,0,1.0,0.0,0.0
Direct-Scalar,12,86,20,0.029166666666666664,0,1,1.0,0.0,0.0
Direct-Scalar,12,87,20,0.008333333333333333,0,2,1.0,0.0,0.0
Direct-Scalar,12,88,20,0.0,0,0,1.0,0.0,0.0
Direct-Scalar,12,89,20,0.0375,0,3,0.85,0.0,0.0
Direct-Scalar,12,9,20,0.11666666666666665,0,4,0.65,0.0,0.0
Direct-Scalar,12,90,20,0.025,0,1,1.0,0.0,0.0
Direct-Scalar,12,91,20,0.05833333333333333,0,2,1.0,0.0,0.0
Direct-Scalar,12,92,20,0.008333333333333333,0,1,1.0,0.0,0.0
Direct-Scalar,12,93,20,0.004166666666666667,0,1,1.0,0.0,0.0
Direct-Scalar,12,94,20,0.0,0,0,1.0,0.0,0.0
Direct-Scalar,12,95,20,0.0,0,0,1.0,0.0,0.0
Direct-Scalar,12,96,20,0.0,0,0,1.0,0.0,0.0
Direct-Scalar,12,97,20,0.03333333333333333,0,1,1.0,0.0,0.0
Direct-Scalar,12,98,20,0.05,0,2,1.0,0.0,0.0
Direct-Scalar,12,99,20,0.125,0,2,1.0,0.0,0.0
PQM,12,1,20,0.0,0,0,1.0,0.0,0.0
PQM,12,10,20,0.0,0,0,1.0,0.0,0.0
PQM,12,100,20,0.11666666666666667,0,3,0.6,0.0,0.0
PQM,12,101,20,0.05,0,1,1.0,0.0,0.0
PQM,12,102,20,0.15,0,3,0.4,0.0,0.0
PQM,12,103,20,0.07916666666666666,0,2,1.0,0.0,0.0
PQM,12,104,20,0.0,0,0,1.0,0.0,0.0
PQM,12,105,20,0.029166666666666664,0,1,1.0,0.0,0.0
PQM,12,106,20,0.041666666666666664,0,1,1.0,0.0,0.0
PQM,12,107,20,0.029166666666666664,0,1,1.0,0.0,0.0
PQM,12,108,20,0.0,0,0,1.0,0.0,0.0
PQM,12,109,20,0.0,0,0,1.0,0.0,0.0
PQM,12,11,20,0.0,0,0,1.0,0.0,0.0
PQM,12,110,20,0.008333333333333333,0,1,1.0,0.0,0.0
PQM,12,111,20,0.0375,0,1,1.0,0.0,0.0
PQM,12,112,20,0.0375,0,1,1.0,0.0,0.0
PQM,12,113,20,0.0,0,0,1.0,0.0,0.0
PQM,12,114,20,0.0375,0,1,1.0,0.0,0.0
PQM,12,115,20,0.020833333333333332,0,1,1.0,0.0,0.0
PQM,12,116,20,0.008333333333333333,0,1,1.0,0.0,0.0
PQM,12,117,20,0.0375,0,1,1.0,0.0,0.0
PQM,12,118,20,0.0,0,0,1.0,0.0,0.0
PQM,12,119,20,0.0,0,0,1.0,0.0,0.0
PQM,12,12,20,0.05416666666666666,0,1,1.0,0.0,0.0
PQM,12,120,20,0.029166666666666664,0,1,1.0,0.0,0.0
PQM,12,121,20,0.0,0,0,1.0,0.0,0.0
PQM,12,122,20,0.041666666666666664,0,1,1.0,0.0,0.0
PQM,12,123,20,0.016666666666666666,0,1,1.0,0.0,0.0
PQM,12,124,20,0.016666666666666666,0,1,1.0,0.0,0.0
PQM,12,125,20,0.12916666666666665,0,4,0.6,0.0,0.0
PQM,12,126,20,0.029166666666666664,0,1,1.0,0.0,0.0
PQM,12,127,20,0.03333333333333333,0,1,1.0,0.0,0.0
PQM,12,128,20,0.07916666666666666,0,3,0.95,0.0,0.0
PQM,12,129,20,0.0,0,0,1.0,0.0,0.0
PQM,12,13,20,0.016666666666666666,0,1,1.0,0.0,0.0
PQM,12,130,20,0.0,0,0,1.0,0.0,0.0
PQM,12,131,20,0.0,0,0,1.0,0.0,0.0
PQM,12,132,20,0.016666666666666666,0,1,1.0,0.0,0.0
PQM,12,133,20,0.12916666666666665,0,4,0.6,0.0,0.0
PQM,12,134,20,0.03333333333333333,0,1,1.0,0.0,0.0
PQM,12,135,20,0.0,0,0,1.0,0.0,0.0
PQM,12,136,20,0.016666666666666666,0,1,1.0,0.0,0.0
PQM,12,137,20,0.016666666666666666,0,1,1.0,0.0,0.0
PQM,12,138,20,0.0,0,0,1.0,0.0,0.0
PQM,12,139,20,0.0,0,0,1.0,0.0,0.0
PQM,12,14,20,0.0,0,0,1.0,0.0,0.0
PQM,12,140,20,0.0,0,0,1.0,0.0,0.0
PQM,12,15,20,0.0,0,0,1.0,0.0,0.0
PQM,12,151,20,0.03333333333333333,0,1,1.0,0.0,0.0
PQM,12,152,20,0.0,0,0,1.0,0.0,0.0
PQM,12,153,20,0.0,0,0,1.0,0.0,0.0
PQM,12,154,20,0.15,0,3,0.4,0.0,0.0
PQM,12,155,20,0.03333333333333333,0,1,1.0,0.0,0.0
PQM,12,156,20,0.0,0,0,1.0,0.0,0.0
PQM,12,157,20,0.14166666666666666,0,4,0.6,0.0,0.0
PQM,12,158,20,0.15,0,3,0.4,0.0,0.0
PQM,12,159,20,0.0125,0,1,1.0,0.0,0.0
PQM,12,16,20,0.0,0,0,1.0,0.0,0.0
PQM,12,160,20,0.08333333333333333,0,3,0.8,0.0,0.0
PQM,12,161,20,0.0,0,0,1.0,0.0,0.0
PQM,12,162,20,0.0375,0,2,1.0,0.0,0.0
PQM,12,163,20,0.10416666666666666,0,2,1.0,0.0,0.0
PQM,12,164,20,0.004166666666666667,0,1,1.0,0.0,0.0
PQM,12,165,20,0.0,0,0,1.0,0.0,0.0
PQM,12,166,20,0.0375,0,1,1.0,0.0,0.0
PQM,12,167,20,0.09166666666666666,0,2,1.0,0.0,0.0
PQM,12,168,20,0.04583333333333333,0,1,1.0,0.0,0.0
PQM,12,169,20,0.025,0,1,1.0,0.0,0.0
PQM,12,17,20,0.03333333333333333,0,1,1.0,0.0,0.0
PQM,12,170,20,0.1,0,2,1.0,0.05,0.05
PQM,12,171,20,0.07083333333333333,0,2,1.0,0.0,0.0
PQM,12,172,20,0.0,0,0,1.0,0.0,0.0
PQM,12,173,20,0.09166666666666666,0,3,0.9,0.0,0.0
PQM,12,174,20,0.008333333333333333,0,1,1.0,0.0,0.0
PQM,12,175,20,0.020833333333333332,0,1,1.0,0.0,0.0
PQM,12,176,20,0.03333333333333333,0,1,1.0,0.0,0.0
PQM,12,177,20,0.15833333333333333,0,4,0.6,0.0,0.0
PQM,12,178,20,0.04583333333333333,0,2,1.0,0.0,0.0
PQM,12,179,20,0.0875,0,3,0.8,0.0,0.0
PQM,12,18,20,0.004166666666666667,0,1,1.0,0.0,0.0
PQM,12,180,20,0.0125,0,1,1.0,0.0,0.0
PQM,12,181,20,0.15,0,3,0.4,0.0,0.0
PQM,12,182,20,0.15416666666666667,0,4,0.4,0.0,0.0
PQM,12,183,20,0.1,0,3,0.6,0.0,0.0
PQM,12,184,20,0.020833333333333332,0,1,1.0,0.0,0.0
PQM,12,185,20,0.0,0,0,1.0,0.0,0.0
PQM,12,186,20,0.05416666666666666,0,1,1.0,0.0,0.0
PQM,12,187,20,0.0,0,0,1.0,0.0,0.0
PQM,12,188,20,0.05833333333333333,0,1,1.0,0.0,0.0
PQM,12,189,20,0.0,0,0,1.0,0.0,0.0
PQM,12,19,20,0.004166666666666667,0,1,1.0,0.0,0.0
PQM,12,190,20,0.05,0,1,1.0,0.0,0.0
PQM,12,191,20,0.008333333333333333,0,1,1.0,0.0,0.0
PQM,12,192,20,0.03333333333333333,0,1,1.0,0.0,0.0
PQM,12,193,20,0.0,0,0,1.0,0.0,0.0
PQM,12,194,20,0.020833333333333332,0,1,1.0,0.0,0.0
PQM,12,195,20,0.041666666666666664,0,1,1.0,0.0,0.0
PQM,12,196,20,0.0,0,0,1.0,0.0,0.0
PQM,12,197,20,0.03333333333333333,0,1,1.0,0.0,0.0
PQM,12,198,20,0.0125,0,1,1.0,0.0,0.0
PQM,12,199,20,0.1,0,3,0.6,0.0,0.0
PQM,12,2,20,0.0,0,0,1.0,0.0,0.0
PQM,12,20,20,0.06666666666666667,0,2,1.0,0.0,0.0
PQM,12,200,20,0.03333333333333333,0,1,1.0,0.0,0.0
PQM,12,202,20,0.0375,0,1,1.0,0.0,0.0
PQM,12,203,20,0.03333333333333333,0,1,1.0,0.0,0.0
PQM,12,204,20,0.0,0,0,1.0,0.0,0.0
PQM,12,205,20,0.0,0,0,1.0,0.0,0.0
PQM,12,206,20,0.07916666666666666,0,2,1.0,0.0,0.0
PQM,12,207,20,0.18333333333333332,0,4,0.4,0.0,0.0
PQM,12,208,20,0.05833333333333333,0,1,1.0,0.0,0.0
PQM,12,209,20,0.1375,0,3,0.7,0.0,0.0
PQM,12,21,20,0.1,0,3,0.6,0.0,0.0
PQM,12,210,20,0.041666666666666664,0,1,1.0,0.0,0.0
PQM,12,211,20,0.0,0,0,1.0,0.0,0.0
PQM,12,212,20,0.041666666666666664,0,1,1.0,0.0,0.0
PQM,12,213,20,0.03333333333333333,0,1,1.0,0.0,0.0
PQM,12,214,20,0.0375,0,1,1.0,0.0,0.0
PQM,12,215,20,0.041666666666666664,0,1,1.0,0.0,0.0
PQM,12,216,20,0.004166666666666667,0,1,1.0,0.0,0.0
PQM,12,217,20,0.0375,0,1,1.0,0.0,0.0
PQM,12,218,20,0.075,0,2,1.0,0.0,0.0
PQM,12,219,20,0.03333333333333333,0,1,1.0,0.0,0.0
PQM,12,22,20,0.12083333333333332,0,4,0.6,0.0,0.0
PQM,12,220,20,0.004166666666666667,0,1,1.0,0.0,0.0
PQM,12,221,20,0.0,0,0,1.0,0.0,0.0
PQM,12,222,20,0.13333333333333333,0,4,0.6,0.0,0.0
PQM,12,223,20,0.004166666666666667,0,1,1.0,0.0,0.0
PQM,12,224,20,0.0,0,0,1.0,0.0,0.0
PQM,12,225,20,0.0,0,0,1.0,0.0,0.0
PQM,12,226,20,0.016666666666666666,0,1,1.0,0.0,0.0
PQM,12,227,20,0.025,0,2,1.0,0.0,0.0
PQM,12,228,20,0.0375,0,1,1.0,0.0,0.0
PQM,12,229,20,0.0,0,0,1.0,0.0,0.0
PQM,12,23,20,0.2,0,4,0.4,0.0,0.0
PQM,12,230,20,0.05,0,1,1.0,0.0,0.0
PQM,12,231,20,0.0,0,0,1.0,0.0,0.0
PQM,12,232,20,0.05416666666666666,0,1,1.0,0.0,0.0
PQM,12,233,20,0.1125,0,3,0.85,0.0,0.0
PQM,12,234,20,0.13333333333333333,0,4,0.6,0.0,0.0
PQM,12,235,20,0.025,0,1,1.0,0.0,0.0
PQM,12,236,20,0.0,0,0,1.0,0.0,0.0
PQM,12,237,20,0.041666666666666664,0,1,1.0,0.0,0.0
PQM,12,238,20,0.075,0,2,1.0,0.0,0.0
PQM,12,239,20,0.0,0,0,1.0,0.0,0.0
PQM,12,24,20,0.0125,0,1,1.0,0.0,0.0
PQM,12,240,20,0.029166666666666664,0,1,1.0,0.0,0.0
PQM,12,241,20,0.05,0,1,1.0,0.0,0.0
PQM,12,242,20,0.05,0,1,1.0,0.0,0.0
PQM,12,243,20,0.004166666666666667,0,1,1.0,0.0,0.0
PQM,12,244,20,0.05,0,1,1.0,0.0,0.0
PQM,12,245,20,0.0,0,0,1.0,0.0,0.0
PQM,12,246,20,0.0125,0,1,1.0,0.0,0.0
PQM,12,247,20,0.1,0,3,0.6,0.0,0.0
PQM,12,248,20,0.0,0,0,1.0,0.0,0.0
PQM,12,249,20,0.025,0,1,1.0,0.0,0.0
PQM,12,25,20,0.0375,0,1,1.0,0.0,0.0
PQM,12,250,20,0.05,0,1,1.0,0.0,0.0
PQM,12,251,20,0.1375,0,3,0.75,0.0,0.0
PQM,12,252,20,0.0,0,0,1.0,0.0,0.0
PQM,12,255,20,0.0,0,0,1.0,0.0,0.0
PQM,12,256,20,0.004166666666666667,0,1,1.0,0.0,0.0
PQM,12,257,20,0.0,0,0,1.0,0.0,0.0
PQM,12,259,20,0.020833333333333332,0,1,1.0,0.0,0.0
PQM,12,26,20,0.020833333333333332,0,1,1.0,0.0,0.0
PQM,12,260,20,0.0375,0,1,1.0,0.0,0.0
PQM,12,261,20,0.15,0,3,0.7,0.0,0.0
PQM,12,262,20,0.06666666666666667,0,2,1.0,0.0,0.0
PQM,12,263,20,0.03333333333333333,0,1,1.0,0.0,0.0
PQM,12,264,20,0.0,0,0,1.0,0.0,0.0
PQM,12,265,20,0.008333333333333333,0,1,1.0,0.0,0.0
PQM,12,266,20,0.004166666666666667,0,1,1.0,0.0,0.0
PQM,12,267,20,0.05,0,1,1.0,0.0,0.0
PQM,12,268,20,0.07083333333333333,0,3,0.95,0.0,0.0
PQM,12,269,20,0.03333333333333333,0,1,1.0,0.0,0.0
PQM,12,27,20,0.0,0,0,1.0,0.0,0.0
PQM,12,270,20,0.07916666666666666,0,3,0.95,0.0,0.0
PQM,12,271,20,0.10833333333333332,0,3,0.9,0.0,0.0
PQM,12,272,20,0.05833333333333333,0,1,1.0,0.0,0.0
PQM,12,273,20,0.0,0,0,1.0,0.0,0.0
PQM,12,274,20,0.05416666666666666,0,1,1.0,0.0,0.0
PQM,12,275,20,0.008333333333333333,0,1,1.0,0.7,0.7
PQM,12,276,20,0.03333333333333333,0,1,1.0,0.0,0.0
PQM,12,277,20,0.05833333333333333,0,1,1.0,0.0,0.0
PQM,12,278,20,0.0375,0,1,1.0,0.0,0.0
PQM,12,279,20,0.03333333333333333,0,1,1.0,0.0,0.0
PQM,12,28,20,0.0,0,0,1.0,0.0,0.0
PQM,12,280,20,0.041666666666666664,0,1,1.0,0.0,0.0
PQM,12,281,20,0.03333333333333333,0,1,1.0,0.0,0.0
PQM,12,282,20,0.025,0,1,1.0,0.0,0.0
PQM,12,283,20,0.0375,0,1,1.0,0.0,0.0
PQM,12,284,20,0.004166666666666667,0,1,1.0,0.0,0.0
PQM,12,285,20,0.05416666666666666,0,1,1.0,0.0,0.0
PQM,12,286,20,0.03333333333333333,0,1,1.0,0.0,0.0
PQM,12,287,20,0.0125,0,1,1.0,0.0,0.0
PQM,12,288,20,0.016666666666666666,0,1,1.0,0.0,0.0
PQM,12,289,20,0.0,0,0,1.0,0.0,0.0
PQM,12,29,20,0.029166666666666664,0,1,1.0,0.0,0.0
PQM,12,290,20,0.0125,0,1,1.0,0.0,0.0
PQM,12,291,20,0.029166666666666664,0,1,1.0,0.0,0.0
PQM,12,292,20,0.020833333333333332,0,1,1.0,0.0,0.0
PQM,12,293,20,0.0,0,0,1.0,0.0,0.0
PQM,12,294,20,0.0,0,0,1.0,0.0,0.0
PQM,12,295,20,0.0125,0,1,1.0,0.0,0.0
PQM,12,296,20,0.029166666666666664,0,1,1.0,0.0,0.0
PQM,12,297,20,0.13333333333333333,0,4,0.6,0.0,0.0
PQM,12,298,20,0.03333333333333333,0,1,1.0,0.0,0.0
PQM,12,299,20,0.016666666666666666,0,1,1.0,0.0,0.0
PQM,12,3,20,0.016666666666666666,0,1,1.0,0.0,0.0
PQM,12,30,20,0.0,0,0,1.0,0.0,0.0
PQM,12,300,20,0.03333333333333333,0,1,1.0,0.0,0.0
PQM,12,301,20,0.04583333333333333,0,1,1.0,0.1,0.1
PQM,12,302,20,0.03333333333333333,0,1,1.0,0.0,0.0
PQM,12,303,20,0.016666666666666666,0,1,1.0,0.0,0.0
PQM,12,304,20,0.05416666666666666,0,1,1.0,0.0,0.0
PQM,12,305,20,0.03333333333333333,0,1,1.0,0.0,0.0
PQM,12,306,20,0.0,0,0,1.0,0.0,0.0
PQM,12,307,20,0.0,0,0,1.0,0.0,0.0
PQM,12,308,20,0.020833333333333332,0,1,1.0,0.0,0.0
PQM,12,309,20,0.07916666666666666,0,3,0.85,0.0,0.0
PQM,12,31,20,0.0,0,0,1.0,0.0,0.0
PQM,12,32,20,0.0,0,0,1.0,0.0,0.0
PQM,12,33,20,0.18333333333333332,0,5,0.6,0.0,0.0
PQM,12,34,20,0.004166666666666667,0,1,1.0,0.0,0.0
PQM,12,35,20,0.0,0,0,1.0,0.0,0.0
PQM,12,36,20,0.025,0,1,1.0,0.0,0.0
PQM,12,37,20,0.04583333333333333,0,1,1.0,0.0,0.0
PQM,12,38,20,0.03333333333333333,0,1,1.0,0.0,0.0
PQM,12,39,20,0.025,0,1,1.0,0.0,0.0
PQM,12,4,20,0.12083333333333332,0,3,0.6,0.0,0.0
PQM,12,40,20,0.03333333333333333,0,1,1.0,0.0,0.0
PQM,12,41,20,0.05,0,1,1.0,0.0,0.0
PQM,12,42,20,0.004166666666666667,0,1,1.0,0.0,0.0
PQM,12,43,20,0.0125,0,1,1.0,0.0,0.0
PQM,12,44,20,0.03333333333333333,0,1,1.0,0.0,0.0
PQM,12,45,20,0.0,0,0,1.0,0.0,0.0
PQM,12,46,20,0.0,0,0,1.0,0.0,0.0
PQM,12,47,20,0.05833333333333333,0,1,1.0,0.0,0.0
PQM,12,48,20,0.03333333333333333,0,1,1.0,0.0,0.0
PQM,12,49,20,0.016666666666666666,0,1,1.0,0.0,0.0
PQM,12,5,20,0.0,0,0,1.0,0.0,0.0
PQM,12,50,20,0.0125,0,1,1.0,0.0,0.0
PQM,12,51,20,0.0,0,0,1.0,0.2,0.2
PQM,12,52,20,0.15,0,4,0.6,0.0,0.0
PQM,12,53,20,0.0,0,0,1.0,0.0,0.0
PQM,12,54,20,0.008333333333333333,0,1,1.0,0.0,0.0
PQM,12,55,20,0.004166666666666667,0,1,1.0,0.0,0.0
PQM,12,56,20,0.0,0,0,1.0,0.0,0.0
PQM,12,57,20,0.04583333333333333,0,1,1.0,0.0,0.0
PQM,12,58,20,0.029166666666666664,0,1,1.0,0.0,0.0
PQM,12,59,20,0.05,0,1,1.0,0.0,0.0
PQM,12,6,20,0.1125,0,3,0.8,0.0,0.0
PQM,12,60,20,0.0,0,0,1.0,0.0,0.0
PQM,12,61,20,0.004166666666666667,0,1,1.0,0.0,0.0
PQM,12,62,20,0.05,0,1,1.0,0.0,0.0
PQM,12,63,20,0.15,0,3,0.4,0.0,0.0
PQM,12,64,20,0.05416666666666666,0,1,1.0,0.0,0.0
PQM,12,65,20,0.016666666666666666,0,1,1.0,0.0,0.0
PQM,12,66,20,0.0375,0,1,1.0,0.0,0.0
PQM,12,67,20,0.05416666666666666,0,1,1.0,0.0,0.0
PQM,12,68,20,0.0,0,0,1.0,0.0,0.0
PQM,12,69,20,0.0,0,0,1.0,0.0,0.0
PQM,12,7,20,0.05,0,1,1.0,0.0,0.0
PQM,12,70,20,0.0,0,0,1.0,0.0,0.0
PQM,12,71,20,0.020833333333333332,0,1,1.0,0.0,0.0
PQM,12,72,20,0.05,0,1,1.0,0.0,0.0
PQM,12,73,20,0.08333333333333333,0,3,0.95,0.0,0.0
PQM,12,74,20,0.05416666666666666,0,1,1.0,0.0,0.0
PQM,12,75,20,0.029166666666666664,0,1,1.0,0.0,0.0
PQM,12,76,20,0.0,0,0,1.0,0.8,0.8
PQM,12,77,20,0.0,0,0,1.0,0.0,0.0
PQM,12,78,20,0.04583333333333333,0,1,1.0,0.0,0.0
PQM,12,79,20,0.0,0,0,1.0,0.0,0.0
PQM,12,8,20,0.19583333333333333,0,4,0.4,0.0,0.0
PQM,12,80,20,0.05,0,1,1.0,0.0,0.0
PQM,12,81,20,0.0,0,0,1.0,0.0,0.0
PQM,12,82,20,0.06666666666666667,0,2,1.0,0.15,0.15
PQM,12,83,20,0.0,0,0,1.0,0.0,0.0
PQM,12,84,20,0.0,0,0,1.0,0.0,0.0
PQM,12,85,20,0.0,0,0,1.0,0.0,0.0
PQM,12,86,20,0.0125,0,1,1.0,0.0,0.0
PQM,12,87,20,0.0,0,0,1.0,0.0,0.0
PQM,12,88,20,0.03333333333333333,0,1,1.0,0.0,0.0
PQM,12,89,20,0.0,0,0,1.0,0.0,0.0
PQM,12,9,20,0.0,0,0,1.0,0.0,0.0
PQM,12,90,20,0.03333333333333333,0,1,1.0,0.0,0.0
PQM,12,91,20,0.0,0,0,1.0,0.0,0.0
PQM,12,92,20,0.125,0,3,0.75,0.3,0.3
PQM,12,93,20,0.0,0,0,1.0,0.0,0.0
PQM,12,94,20,0.020833333333333332,0,1,1.0,0.0,0.0
PQM,12,95,20,0.09166666666666666,0,3,0.9,0.0,0.0
PQM,12,96,20,0.020833333333333332,0,1,1.0,0.0,0.0
PQM,12,97,20,0.16666666666666666,0,3,0.55,0.0,0.0
PQM,12,98,20,0.0,0,0,1.0,0.0,0.0
PQM,12,99,20,0.0,0,0,1.0,0.0,0.0
Direct-Scalar,18,1,20,0.04722222222222222,0,3,1.0,0.0,0.0
Direct-Scalar,18,10,20,0.05555555555555556,0,2,1.0,0.0,0.0
Direct-Scalar,18,100,20,0.01111111111111111,0,2,1.0,0.0,0.0
Direct-Scalar,18,101,20,0.0611111111111111,0,2,1.0,0.0,0.0
Direct-Scalar,18,102,20,0.0611111111111111,0,3,1.0,0.0,0.0
Direct-Scalar,18,103,20,0.19722222222222222,0,8,0.55,0.8,0.55
Direct-Scalar,18,104,20,0.01111111111111111,0,2,1.0,0.0,0.0
Direct-Scalar,18,105,20,0.14166666666666666,0,4,0.4,0.0,0.0
Direct-Scalar,18,106,20,0.06666666666666667,0,3,1.0,0.0,0.0
Direct-Scalar,18,107,20,0.11944444444444444,0,4,0.5,0.0,0.0
Direct-Scalar,18,108,20,0.041666666666666664,0,2,1.0,0.0,0.0
Direct-Scalar,18,109,20,0.0611111111111111,0,3,1.0,0.0,0.0
Direct-Scalar,18,11,20,0.05555555555555556,0,3,1.0,0.25,0.25
Direct-Scalar,18,110,20,0.041666666666666664,0,2,1.0,0.0,0.0
Direct-Scalar,18,111,20,0.06388888888888888,0,4,0.9,0.0,0.0
Direct-Scalar,18,112,20,0.04722222222222222,0,4,0.85,0.0,0.0
Direct-Scalar,18,113,20,0.005555555555555555,0,1,1.0,0.0,0.0
Direct-Scalar,18,114,20,0.041666666666666664,0,2,1.0,0.0,0.0
Direct-Scalar,18,115,20,0.025,0,3,1.0,0.0,0.0
Direct-Scalar,18,116,20,0.07777777777777777,0,4,0.9,0.0,0.0
Direct-Scalar,18,117,20,0.1222222222222222,0,4,0.6,0.0,0.0
Direct-Scalar,18,118,20,0.016666666666666666,0,3,1.0,0.7,0.7
Direct-Scalar,18,119,20,0.05555555555555556,0,2,1.0,0.1,0.1
Direct-Scalar,18,12,20,0.06388888888888888,0,5,0.95,0.0,0.0
Direct-Scalar,18,120,20,0.03333333333333333,0,4,0.85,0.0,0.0
Direct-Scalar,18,121,20,0.05277777777777778,0,2,1.0,0.0,0.0
Direct-Scalar,18,122,20,0.17222222222222222,0,4,0.4,0.0,0.0
Direct-Scalar,18,123,20,0.05555555555555556,0,2,1.0,0.0,0.0
Direct-Scalar,18,124,20,0.06388888888888888,0,3,1.0,0.0,0.0
Direct-Scalar,18,125,20,0.08333333333333333,0,4,0.85,0.0,0.0
Direct-Scalar,18,126,20,0.0611111111111111,0,2,1.0,0.0,0.0
Direct-Scalar,18,127,20,0.06388888888888888,0,4,0.95,0.0,0.0
Direct-Scalar,18,128,20,0.04722222222222222,0,2,1.0,0.0,0.0
Direct-Scalar,18,129,20,0.08333333333333333,0,4,0.7,0.0,0.0
Direct-Scalar,18,13,20,0.03888888888888888,0,2,1.0,0.0,0.0
Direct-Scalar,18,130,20,0.03333333333333333,0,3,1.0,0.0,0.0
Direct-Scalar,18,131,20,0.04722222222222222,0,2,1.0,0.0,0.0
Direct-Scalar,18,132,20,0.02777777777777778,0,2,1.0,0.0,0.0
Direct-Scalar,18,133,20,0.05,0,2,1.0,0.0,0.0
Direct-Scalar,18,134,20,0.008333333333333333,0,1,1.0,0.0,0.0
Direct-Scalar,18,135,20,0.016666666666666666,0,1,1.0,0.7,0.7
Direct-Scalar,18,136,20,0.03611111111111111,0,3,1.0,0.0,0.0
Direct-Scalar,18,137,20,0.008333333333333333,0,1,1.0,0.0,0.0
Direct-Scalar,18,138,20,0.05,0,2,1.0,0.0,0.0
Direct-Scalar,18,139,20,0.03611111111111111,0,2,1.0,0.0,0.0
Direct-Scalar,18,14,20,0.008333333333333333,0,1,1.0,0.0,0.0
Direct-Scalar,18,140,20,0.03888888888888889,0,5,0.95,0.0,0.0
Direct-Scalar,18,15,20,0.15833333333333333,0,6,0.55,0.0,0.0
Direct-Scalar,18,151,20,0.11666666666666665,0,4,0.85,0.05,0.05
Direct-Scalar,18,152,20,0.02222222222222222,0,2,1.0,0.0,0.0
Direct-Scalar,18,153,20,0.08888888888888888,0,6,0.75,0.0,0.0
Direct-Scalar,18,154,20,0.02222222222222222,0,1,1.0,0.0,0.0
Direct-Scalar,18,155,20,0.06944444444444445,0,4,0.9,0.15,0.15
Direct-Scalar,18,156,20,0.02222222222222222,0,1,1.0,0.0,0.0
Direct-Scalar,18,157,20,0.15833333333333333,0,5,0.45,0.0,0.0
Direct-Scalar,18,158,20,0.03055555555555555,0,3,1.0,0.0,0.0
Direct-Scalar,18,159,20,0.01111111111111111,0,1,1.0,0.0,0.0
Direct-Scalar,18,16,20,0.01111111111111111,0,1,1.0,0.8,0.8
Direct-Scalar,18,160,20,0.06666666666666667,0,5,0.9,0.0,0.0
Direct-Scalar,18,161,20,0.08611111111111111,0,3,1.0,0.05,0.05
Direct-Scalar,18,162,20,0.08333333333333333,0,3,1.0,0.0,0.0
Direct-Scalar,18,163,20,0.06666666666666667,0,5,0.85,0.0,0.0
Direct-Scalar,18,164,20,0.03333333333333333,0,2,1.0,0.0,0.0
Direct-Scalar,18,165,20,0.04722222222222222,0,2,1.0,0.0,0.0
Direct-Scalar,18,166,20,0.08888888888888888,0,5,0.7,0.0,0.0
Direct-Scalar,18,167,20,0.07222222222222222,0,3,1.0,0.0,0.0
Direct-Scalar,18,168,20,0.08333333333333333,0,3,1.0,0.0,0.0
Direct-Scalar,18,169,20,0.025,0,2,1.0,0.0,0.0
Direct-Scalar,18,17,20,0.05555555555555556,0,4,0.8,0.0,0.0
Direct-Scalar,18,170,20,0.03611111111111111,0,2,1.0,0.0,0.0
Direct-Scalar,18,171,20,0.03333333333333333,0,2,1.0,0.0,0.0
Direct-Scalar,18,172,20,0.05277777777777778,0,3,1.0,0.0,0.0
Direct-Scalar,18,173,20,0.05555555555555556,0,3,1.0,0.0,0.0
Direct-Scalar,18,174,20,0.06388888888888888,0,4,0.8,0.0,0.0
Direct-Scalar,18,175,20,0.06388888888888888,0,4,0.75,0.0,0.0
Direct-Scalar,18,176,20,0.07222222222222222,0,2,1.0,0.0,0.0
Direct-Scalar,18,177,20,0.09722222222222222,0,4,0.75,0.0,0.0
Direct-Scalar,18,178,20,0.03888888888888888,0,3,1.0,0.0,0.0
Direct-Scalar,18,179,20,0.06944444444444445,0,3,1.0,0.0,0.0
Direct-Scalar,18,18,20,0.05277777777777778,0,3,1.0,0.0,0.0
Direct-Scalar,18,180,20,0.05,0,2,1.0,0.0,0.0
Direct-Scalar,18,181,20,0.02222222222222222,0,2,1.0,0.0,0.0
Direct-Scalar,18,182,20,0.08611111111111111,0,3,1.0,0.0,0.0
Direct-Scalar,18,183,20,0.025,0,3,1.0,0.0,0.0
Direct-Scalar,18,184,20,0.041666666666666664,0,5,0.95,0.0,0.0
Direct-Scalar,18,185,20,0.02222222222222222,0,2,1.0,0.0,0.0
Direct-Scalar,18,186,20,0.15555555555555556,0,5,0.45,0.0,0.0
Direct-Scalar,18,187,20,0.11944444444444444,0,6,0.7,0.0,0.0
Direct-Scalar,18,188,20,0.05277777777777778,0,2,1.0,0.0,0.0
Direct-Scalar,18,189,20,0.04444444444444444,0,2,1.0,0.0,0.0
Direct-Scalar,18,19,20,0.05555555555555556,0,2,1.0,0.0,0.0
Direct-Scalar,18,190,20,0.10277777777777777,0,5,0.8,0.0,0.0
Direct-Scalar,18,191,20,0.09444444444444444,0,3,1.0,0.0,0.0
Direct-Scalar,18,192,20,0.03888888888888888,0,2,1.0,0.0,0.0
Direct-Scalar,18,193,20,0.01944444444444444,0,2,1.0,0.0,0.0
Direct-Scalar,18,194,20,0.11944444444444444,0,6,0.7,0.0,0.0
Direct-Scalar,18,195,20,0.07777777777777777,0,3,1.0,0.0,0.0
Direct-Scalar,18,196,20,0.0611111111111111,0,3,1.0,0.25,0.25
Direct-Scalar,18,197,20,0.11388888888888889,0,5,0.65,0.0,0.0
Direct-Scalar,18,198,20,0.041666666666666664,0,3,1.0,0.0,0.0
Direct-Scalar,18,199,20,0.05277777777777778,0,5,0.95,0.0,0.0
Direct-Scalar,18,2,20,0.06944444444444445,0,3,1.0,0.0,0.0
Direct-Scalar,18,20,20,0.11111111111111112,0,4,0.7,0.0,0.0
Direct-Scalar,18,200,20,0.06944444444444445,0,5,0.85,0.0,0.0
Direct-Scalar,18,202,20,0.04444444444444444,0,3,1.0,0.0,0.0
Direct-Scalar,18,203,20,0.09166666666666666,0,4,0.8,0.15,0.15
Direct-Scalar,18,204,20,0.04722222222222222,0,2,1.0,0.0,0.0
Direct-Scalar,18,205,20,0.06388888888888888,0,2,1.0,0.05,0.05
Direct-Scalar,18,206,20,0.11111111111111112,0,4,0.6,0.0,0.0
Direct-Scalar,18,207,20,0.06388888888888888,0,4,0.9,0.0,0.0
Direct-Scalar,18,208,20,0.09444444444444444,0,5,0.8,0.0,0.0
Direct-Scalar,18,209,20,0.09166666666666666,0,5,0.8,0.0,0.0
Direct-Scalar,18,21,20,0.0611111111111111,0,5,0.95,0.0,0.0
Direct-Scalar,18,210,20,0.03888888888888888,0,3,1.0,0.0,0.0
Direct-Scalar,18,211,20,0.01388888888888889,0,4,0.95,0.0,0.0
Direct-Scalar,18,212,20,0.09166666666666667,0,5,0.75,0.0,0.0
Direct-Scalar,18,213,20,0.08333333333333333,0,5,0.8,0.0,0.0
Direct-Scalar,18,214,20,0.06388888888888888,0,3,1.0,0.0,0.0
Direct-Scalar,18,215,20,0.06666666666666667,0,2,1.0,0.0,0.0
Direct-Scalar,18,216,20,0.08055555555555555,0,4,0.7,0.0,0.0
Direct-Scalar,18,217,20,0.05,0,2,1.0,0.0,0.0
Direct-Scalar,18,218,20,0.11944444444444444,0,5,0.65,0.0,0.0
Direct-Scalar,18,219,20,0.01388888888888889,0,1,1.0,0.3,0.3
Direct-Scalar,18,22,20,0.09444444444444444,0,3,1.0,0.0,0.0
Direct-Scalar,18,220,20,0.01944444444444444,0,2,1.0,0.2,0.2
Direct-Scalar,18,221,20,0.15277777777777776,0,6,0.6,0.0,0.0
Direct-Scalar,18,222,20,0.0611111111111111,0,4,0.9,0.0,0.0
Direct-Scalar,18,223,20,0.05,0,3,1.0,0.0,0.0
Direct-Scalar,18,224,20,0.0,0,0,1.0,0.0,0.0
Direct-Scalar,18,225,20,0.03611111111111111,0,5,0.95,0.0,0.0
Direct-Scalar,18,226,20,0.05,0,2,1.0,0.0,0.0
Direct-Scalar,18,227,20,0.05,0,2,1.0,0.0,0.0
Direct-Scalar,18,228,20,0.08611111111111111,0,5,0.7,0.0,0.0
Direct-Scalar,18,229,20,0.0,0,0,1.0,0.0,0.0
Direct-Scalar,18,23,20,0.05277777777777778,0,2,1.0,0.0,0.0
Direct-Scalar,18,230,20,0.05277777777777778,0,3,1.0,0.0,0.0
Direct-Scalar,18,231,20,0.18611111111111112,0,6,0.5,0.0,0.0
Direct-Scalar,18,232,20,0.11111111111111112,0,4,0.7,0.0,0.0
Direct-Scalar,18,233,20,0.125,0,5,0.6,0.0,0.0
Direct-Scalar,18,234,20,0.075,0,3,1.0,0.0,0.0
Direct-Scalar,18,235,20,0.11666666666666665,0,4,0.95,0.0,0.0
Direct-Scalar,18,236,20,0.04444444444444444,0,4,0.95,0.0,0.0
Direct-Scalar,18,237,20,0.09166666666666666,0,5,0.8,0.0,0.0
Direct-Scalar,18,238,20,0.09722222222222222,0,4,0.8,0.0,0.0
Direct-Scalar,18,239,20,0.08888888888888888,0,6,0.75,0.0,0.0
Direct-Scalar,18,24,20,0.15833333333333335,0,5,0.45,0.0,0.0
Direct-Scalar,18,240,20,0.06388888888888888,0,3,1.0,0.0,0.0
Direct-Scalar,18,241,20,0.08611111111111111,0,4,0.8,0.0,0.0
Direct-Scalar,18,242,20,0.075,0,3,1.0,0.0,0.0
Direct-Scalar,18,243,20,0.008333333333333333,0,1,1.0,0.0,0.0
Direct-Scalar,18,244,20,0.09166666666666666,0,4,0.8,0.0,0.0
Direct-Scalar,18,245,20,0.008333333333333333,0,1,1.0,0.0,0.0
Direct-Scalar,18,246,20,0.06944444444444445,0,3,1.0,0.0,0.0
Direct-Scalar,18,247,20,0.04444444444444444,0,3,1.0,0.0,0.0
Direct-Scalar,18,248,20,0.03611111111111111,0,6,0.95,0.0,0.0
Direct-Scalar,18,249,20,0.08055555555555555,0,4,0.9,0.0,0.0
Direct-Scalar,18,25,20,0.005555555555555555,0,2,1.0,0.0,0.0
Direct-Scalar,18,250,20,0.06666666666666667,0,3,1.0,0.0,0.0
Direct-Scalar,18,251,20,0.13611111111111113,0,5,0.65,0.0,0.0
Direct-Scalar,18,252,20,0.03611111111111111,0,3,1.0,0.0,0.0
Direct-Scalar,18,255,20,0.02222222222222222,0,2,1.0,0.0,0.0
Direct-Scalar,18,256,20,0.025,0,3,1.0,0.0,0.0
Direct-Scalar,18,257,20,0.025,0,3,1.0,0.0,0.0
Direct-Scalar,18,259,20,0.09166666666666666,0,4,0.9,0.0,0.0
Direct-Scalar,18,26,20,0.05,0,2,1.0,0.0,0.0
Direct-Scalar,18,260,20,0.09444444444444444,0,4,0.7,0.0,0.0
Direct-Scalar,18,261,20,0.10555555555555556,0,5,0.75,0.0,0.0
Direct-Scalar,18,262,20,0.05,0,2,1.0,0.0,0.0
Direct-Scalar,18,263,20,0.02777777777777778,0,4,0.9,0.0,0.0
Direct-Scalar,18,264,20,0.05277777777777778,0,2,1.0,0.0,0.0
Direct-Scalar,18,265,20,0.075,0,3,1.0,0.0,0.0
Direct-Scalar,18,266,20,0.05277777777777778,0,3,1.0,0.0,0.0
Direct-Scalar,18,267,20,0.09166666666666666,0,3,1.0,0.0,0.0
Direct-Scalar,18,268,20,0.041666666666666664,0,2,1.0,0.0,0.0
Direct-Scalar,18,269,20,0.041666666666666664,0,3,1.0,0.0,0.0
Direct-Scalar,18,27,20,0.03055555555555555,0,2,1.0,0.0,0.0
Direct-Scalar,18,270,20,0.07222222222222222,0,5,0.8,0.0,0.0
Direct-Scalar,18,271,20,0.07777777777777778,0,5,0.75,0.0,0.0
Direct-Scalar,18,272,20,0.07222222222222222,0,3,1.0,0.0,0.0
Direct-Scalar,18,273,20,0.07222222222222222,0,4,0.9,0.0,0.0
Direct-Scalar,18,274,20,0.06666666666666667,0,4,0.85,0.0,0.0
Direct-Scalar,18,275,20,0.06388888888888888,0,3,1.0,0.0,0.0
Direct-Scalar,18,276,20,0.03611111111111111,0,2,1.0,0.0,0.0
Direct-Scalar,18,277,20,0.09166666666666666,0,3,1.0,0.0,0.0
Direct-Scalar,18,278,20,0.1,0,3,1.0,0.0,0.0
Direct-Scalar,18,279,20,0.05833333333333333,0,3,1.0,0.0,0.0
Direct-Scalar,18,28,20,0.01111111111111111,0,3,1.0,0.0,0.0
Direct-Scalar,18,280,20,0.05555555555555556,0,3,1.0,0.0,0.0
Direct-Scalar,18,281,20,0.06388888888888888,0,4,0.85,0.0,0.0
Direct-Scalar,18,282,20,0.06388888888888888,0,3,1.0,0.0,0.0
Direct-Scalar,18,283,20,0.05555555555555556,0,2,1.0,0.0,0.0
Direct-Scalar,18,284,20,0.02777777777777778,0,3,1.0,0.0,0.0
Direct-Scalar,18,285,20,0.03888888888888888,0,2,1.0,0.0,0.0
Direct-Scalar,18,286,20,0.08055555555555555,0,4,0.95,0.0,0.0
Direct-Scalar,18,287,20,0.05555555555555556,0,3,1.0,0.0,0.0
Direct-Scalar,18,288,20,0.08888888888888888,0,3,1.0,0.0,0.0
Direct-Scalar,18,289,20,0.05833333333333333,0,3,1.0,0.0,0.0
Direct-Scalar,18,29,20,0.03333333333333333,0,3,1.0,0.0,0.0
Direct-Scalar,18,290,20,0.08611111111111111,0,4,0.9,0.0,0.0
Direct-Scalar,18,291,20,0.06666666666666667,0,4,0.7,0.0,0.0
Direct-Scalar,18,292,20,0.05,0,4,0.85,0.0,0.0
Direct-Scalar,18,293,20,0.01111111111111111,0,1,1.0,0.0,0.0
Direct-Scalar,18,294,20,0.03888888888888888,0,3,1.0,0.0,0.0
Direct-Scalar,18,295,20,0.03888888888888888,0,2,1.0,0.0,0.0
Direct-Scalar,18,296,20,0.06388888888888888,0,2,1.0,0.0,0.0
Direct-Scalar,18,297,20,0.09722222222222222,0,4,0.75,0.0,0.0
Direct-Scalar,18,298,20,0.06944444444444445,0,3,1.0,0.0,0.0
Direct-Scalar,18,299,20,0.09444444444444444,0,3,1.0,0.0,0.0
Direct-Scalar,18,3,20,0.10277777777777777,0,4,0.55,0.0,0.0
Direct-Scalar,18,30,20,0.0027777777777777775,0,1,1.0,0.0,0.0
Direct-Scalar,18,300,20,0.05833333333333333,0,3,1.0,0.0,0.0
Direct-Scalar,18,301,20,0.06666666666666667,0,4,0.8,0.0,0.0
Direct-Scalar,18,302,20,0.03888888888888888,0,2,1.0,0.0,0.0
Direct-Scalar,18,303,20,0.06944444444444445,0,5,0.85,0.0,0.0
Direct-Scalar,18,304,20,0.03888888888888888,0,2,1.0,0.0,0.0
Direct-Scalar,18,305,20,0.03055555555555555,0,2,1.0,0.0,0.0
Direct-Scalar,18,306,20,0.04444444444444444,0,2,1.0,0.0,0.0
Direct-Scalar,18,307,20,0.04444444444444444,0,2,1.0,0.0,0.0
Direct-Scalar,18,308,20,0.35555555555555557,0,14,0.4,0.1,0.1
Direct-Scalar,18,309,20,0.06666666666666667,0,5,0.9,0.0,0.0
Direct-Scalar,18,31,20,0.05277777777777778,0,4,0.8,0.0,0.0
Direct-Scalar,18,32,20,0.016666666666666666,0,4,0.95,0.0,0.0
Direct-Scalar,18,33,20,0.10277777777777777,0,5,0.85,0.0,0.0
Direct-Scalar,18,34,20,0.01111111111111111,0,4,0.95,0.0,0.0
Direct-Scalar,18,35,20,0.04722222222222222,0,5,0.85,0.0,0.0
Direct-Scalar,18,36,20,0.09444444444444444,0,5,0.75,0.0,0.0
Direct-Scalar,18,37,20,0.04166666666666667,0,5,0.85,0.0,0.0
Direct-Scalar,18,38,20,0.03611111111111111,0,4,0.9,0.0,0.0
Direct-Scalar,18,39,20,0.03333333333333333,0,2,1.0,0.0,0.0
Direct-Scalar,18,4,20,0.005555555555555555,0,1,1.0,0.0,0.0
Direct-Scalar,18,40,20,0.03333333333333333,0,3,1.0,0.0,0.0
Direct-Scalar,18,41,20,0.09722222222222222,0,4,0.95,0.0,0.0
Direct-Scalar,18,42,20,0.02222222222222222,0,4,0.9,0.0,0.0
Direct-Scalar,18,43,20,0.01111111111111111,0,3,1.0,0.0,0.0
Direct-Scalar,18,44,20,0.02777777777777778,0,4,0.9,0.0,0.0
Direct-Scalar,18,45,20,0.05277777777777778,0,2,1.0,0.15,0.15
Direct-Scalar,18,46,20,0.0611111111111111,0,3,1.0,0.0,0.0
Direct-Scalar,18,47,20,0.11666666666666665,0,4,0.5,0.0,0.0
Direct-Scalar,18,48,20,0.05,0,2,1.0,0.0,0.0
Direct-Scalar,18,49,20,0.06944444444444445,0,3,1.0,0.0,0.0
Direct-Scalar,18,5,20,0.05555555555555556,0,4,0.9,0.0,0.0
Direct-Scalar,18,50,20,0.05,0,2,1.0,0.0,0.0
Direct-Scalar,18,51,20,0.09444444444444444,0,6,0.8,0.0,0.0
Direct-Scalar,18,52,20,0.07777777777777777,0,4,0.95,0.0,0.0
Direct-Scalar,18,53,20,0.03611111111111111,0,3,1.0,0.0,0.0
Direct-Scalar,18,54,20,0.01111111111111111,0,1,1.0,0.0,0.0
Direct-Scalar,18,55,20,0.08333333333333333,0,4,0.7,0.0,0.0
Direct-Scalar,18,56,20,0.01111111111111111,0,3,1.0,0.0,0.0
Direct-Scalar,18,57,20,0.075,0,2,1.0,0.0,0.0
Direct-Scalar,18,58,20,0.05,0,3,1.0,0.0,0.0
Direct-Scalar,18,59,20,0.06666666666666667,0,2,1.0,0.0,0.0
Direct-Scalar,18,6,20,0.07222222222222222,0,4,0.9,0.0,0.0
Direct-Scalar,18,60,20,0.01944444444444444,0,6,0.95,0.0,0.0
Direct-Scalar,18,61,20,0.03333333333333333,0,2,1.0,0.0,0.0
Direct-Scalar,18,62,20,0.05,0,3,1.0,0.0,0.0
Direct-Scalar,18,63,20,0.1,0,3,1.0,0.0,0.0
Direct-Scalar,18,64,20,0.05833333333333333,0,3,1.0,0.0,0.0
Direct-Scalar,18,65,20,0.04722222222222222,0,3,1.0,0.0,0.0
Direct-Scalar,18,66,20,0.1388888888888889,0,5,0.5,0.0,0.0
Direct-Scalar,18,67,20,0.06666666666666667,0,2,1.0,0.0,0.0
Direct-Scalar,18,68,20,0.005555555555555555,0,1,1.0,0.0,0.0
Direct-Scalar,18,69,20,0.03055555555555555,0,1,1.0,0.0,0.0
Direct-Scalar,18,7,20,0.1472222222222222,0,4,0.55,0.05,0.05
Direct-Scalar,18,70,20,0.0027777777777777775,0,1,1.0,0.0,0.0
Direct-Scalar,18,71,20,0.04444444444444444,0,2,1.0,0.0,0.0
Direct-Scalar,18,72,20,0.03888888888888888,0,3,1.0,0.0,0.0
Direct-Scalar,18,73,20,0.01944444444444444,0,1,1.0,0.0,0.0
Direct-Scalar,18,74,20,0.14166666666666666,0,4,0.4,0.0,0.0
Direct-Scalar,18,75,20,0.01111111111111111,0,1,1.0,0.0,0.0
Direct-Scalar,18,76,20,0.01111111111111111,0,1,1.0,0.0,0.0
Direct-Scalar,18,77,20,0.016666666666666666,0,1,1.0,0.0,0.0
Direct-Scalar,18,78,20,0.08888888888888888,0,4,0.65,0.0,0.0
Direct-Scalar,18,79,20,0.07777777777777777,0,3,1.0,0.2,0.2
Direct-Scalar,18,8,20,0.05833333333333333,0,2,1.0,0.0,0.0
Direct-Scalar,18,80,20,0.06666666666666667,0,3,1.0,0.0,0.0
Direct-Scalar,18,81,20,0.05833333333333333,0,2,1.0,0.0,0.0
Direct-Scalar,18,82,20,0.08055555555555555,0,4,0.75,0.0,0.0
Direct-Scalar,18,83,20,0.03333333333333333,0,2,1.0,0.0,0.0
Direct-Scalar,18,84,20,0.02777777777777778,0,2,1.0,0.0,0.0
Direct-Scalar,18,85,20,0.0027777777777777775,0,1,1.0,0.0,0.0
Direct-Scalar,18,86,20,0.05277777777777778,0,2,1.0,0.0,0.0
Direct-Scalar,18,87,20,0.05555555555555556,0,2,1.0,0.0,0.0
Direct-Scalar,18,88,20,0.07222222222222223,0,5,0.75,0.0,0.0
Direct-Scalar,18,89,20,0.05277777777777778,0,2,1.0,0.0,0.0
Direct-Scalar,18,9,20,0.12777777777777777,0,6,0.65,0.0,0.0
Direct-Scalar,18,90,20,0.041666666666666664,0,3,1.0,0.0,0.0
Direct-Scalar,18,91,20,0.05555555555555556,0,4,0.85,0.0,0.0
Direct-Scalar,18,92,20,0.05555555555555556,0,3,1.0,0.0,0.0
Direct-Scalar,18,93,20,0.016666666666666666,0,3,1.0,0.0,0.0
Direct-Scalar,18,94,20,0.04722222222222222,0,2,1.0,0.0,0.0
Direct-Scalar,18,95,20,0.025,0,4,0.9,0.0,0.0
Direct-Scalar,18,96,20,0.03611111111111111,0,2,1.0,0.0,0.0
Direct-Scalar,18,97,20,0.06388888888888888,0,3,1.0,0.0,0.0
Direct-Scalar,18,98,20,0.05,0,4,0.85,0.0,0.0
Direct-Scalar,18,99,20,0.06666666666666667,0,3,1.0,0.0,0.0
PQM,18,1,20,0.041666666666666664,0,2,1.0,0.0,0.0
PQM,18,10,20,0.03611111111111111,0,2,1.0,0.0,0.0
PQM,18,100,20,0.10833333333333332,0,5,0.8,0.0,0.0
PQM,18,101,20,0.08611111111111111,0,3,1.0,0.0,0.0
PQM,18,102,20,0.13611111111111113,0,5,0.5,0.1,0.1
PQM,18,103,20,0.11388888888888889,0,4,0.9,0.1,0.1
PQM,18,104,20,0.0027777777777777775,0,1,1.0,0.0,0.0
PQM,18,105,20,0.03611111111111111,0,1,1.0,0.0,0.0
PQM,18,106,20,0.05,0,2,1.0,0.15,0.15
PQM,18,107,20,0.03888888888888888,0,1,1.0,0.0,0.0
PQM,18,108,20,0.02777777777777778,0,1,1.0,0.0,0.0
PQM,18,109,20,0.05277777777777778,0,2,1.0,0.0,0.0
PQM,18,11,20,0.0,0,0,1.0,0.0,0.0
PQM,18,110,20,0.05833333333333333,0,2,1.0,0.0,0.0
PQM,18,111,20,0.0611111111111111,0,3,1.0,0.0,0.0
PQM,18,112,20,0.04444444444444444,0,2,1.0,0.0,0.0
PQM,18,113,20,0.02777777777777778,0,1,1.0,0.0,0.0
PQM,18,114,20,0.05277777777777778,0,3,1.0,0.0,0.0
PQM,18,115,20,0.03611111111111111,0,2,1.0,0.0,0.0
PQM,18,116,20,0.05,0,2,1.0,0.0,0.0
PQM,18,117,20,0.07222222222222222,0,2,1.0,0.0,0.0
PQM,18,118,20,0.0,0,0,1.0,0.0,0.0
PQM,18,119,20,0.03333333333333333,0,2,1.0,0.3,0.3
PQM,18,12,20,0.08888888888888888,0,3,1.0,0.0,0.0
PQM,18,120,20,0.01944444444444444,0,1,1.0,0.0,0.0
PQM,18,121,20,0.041666666666666664,0,1,1.0,0.0,0.0
PQM,18,122,20,0.08611111111111111,0,3,1.0,0.0,0.0
PQM,18,123,20,0.07222222222222222,0,3,1.0,0.0,0.0
PQM,18,124,20,0.075,0,2,1.0,0.0,0.0
PQM,18,125,20,0.15555555555555556,0,6,0.6,0.0,0.0
PQM,18,126,20,0.08333333333333333,0,2,1.0,0.0,0.0
PQM,18,127,20,0.08611111111111111,0,3,1.0,0.0,0.0
PQM,18,128,20,0.14166666666666666,0,6,0.6,0.0,0.0
PQM,18,129,20,0.06666666666666667,0,2,1.0,0.0,0.0
PQM,18,13,20,0.016666666666666666,0,1,1.0,0.0,0.0
PQM,18,130,20,0.06388888888888888,0,2,1.0,0.0,0.0
PQM,18,131,20,0.01388888888888889,0,1,1.0,0.35,0.35
PQM,18,132,20,0.05277777777777778,0,3,1.0,0.0,0.0
PQM,18,133,20,0.11944444444444444,0,6,0.6,0.35,0.35
PQM,18,134,20,0.03055555555555555,0,2,1.0,0.4,0.4
PQM,18,135,20,0.0,0,0,1.0,0.0,0.0
PQM,18,136,20,0.04444444444444444,0,2,1.0,0.0,0.0
PQM,18,137,20,0.01111111111111111,0,1,1.0,0.0,0.0
PQM,18,138,20,0.03611111111111111,0,2,1.0,0.0,0.0
PQM,18,139,20,0.03611111111111111,0,2,1.0,0.0,0.0
PQM,18,14,20,0.02222222222222222,0,1,1.0,0.45,0.45
PQM,18,140,20,0.04444444444444444,0,2,1.0,0.05,0.05
PQM,18,15,20,0.03611111111111111,0,1,1.0,0.0,0.0
PQM,18,151,20,0.08888888888888888,0,4,0.9,0.0,0.0
PQM,18,152,20,0.03055555555555555,0,2,1.0,0.0,0.0
PQM,18,153,20,0.03055555555555555,0,1,1.0,0.0,0.0
PQM,18,154,20,0.17777777777777776,0,7,0.4,0.0,0.0
PQM,18,155,20,0.06666666666666667,0,3,1.0,0.0,0.0
PQM,18,156,20,0.025,0,2,1.0,0.0,0.0
PQM,18,157,20,0.16944444444444445,0,7,0.6,0.0,0.0
PQM,18,158,20,0.13611111111111113,0,5,0.65,0.05,0.05
PQM,18,159,20,0.008333333333333333,0,1,1.0,0.0,0.0
PQM,18,16,20,0.0,0,0,1.0,0.6,0.6
PQM,18,160,20,0.11666666666666665,0,5,0.7,0.0,0.0
PQM,18,161,20,0.041666666666666664,0,2,1.0,0.0,0.0
PQM,18,162,20,0.07777777777777777,0,4,0.95,0.0,0.0
PQM,18,163,20,0.16944444444444445,0,5,0.45,0.0,0.0
PQM,18,164,20,0.03333333333333333,0,3,1.0,0.0,0.0
PQM,18,165,20,0.04444444444444444,0,2,1.0,0.0,0.0
PQM,18,166,20,0.06388888888888888,0,3,1.0,0.0,0.0
PQM,18,167,20,0.11111111111111112,0,4,0.95,0.0,0.0
PQM,18,168,20,0.075,0,3,1.0,0.0,0.0
PQM,18,169,20,0.03333333333333333,0,2,1.0,0.0,0.0
PQM,18,17,20,0.04444444444444444,0,3,1.0,0.0,0.0
PQM,18,170,20,0.11666666666666665,0,4,0.8,0.1,0.1
PQM,18,171,20,0.09166666666666666,0,4,0.9,0.1,0.1
PQM,18,172,20,0.05,0,2,1.0,0.0,0.0
PQM,18,173,20,0.10555555555555556,0,5,0.75,0.0,0.0
PQM,18,174,20,0.01111111111111111,0,1,1.0,0.0,0.0
PQM,18,175,20,0.03333333333333333,0,2,1.0,0.0,0.0
PQM,18,176,20,0.03055555555555555,0,2,1.0,0.0,0.0
PQM,18,177,20,0.19722222222222222,1,7,0.6,0.0,0.0
PQM,18,178,20,0.06944444444444445,0,3,1.0,0.0,0.0
PQM,18,179,20,0.11944444444444444,0,5,0.65,0.0,0.0
PQM,18,18,20,0.06944444444444445,0,2,1.0,0.1,0.1
PQM,18,180,20,0.06388888888888888,0,3,1.0,0.0,0.0
PQM,18,181,20,0.15555555555555556,0,6,0.55,0.0,0.0
PQM,18,182,20,0.18888888888888888,0,7,0.4,0.1,0.1
PQM,18,183,20,0.13611111111111113,0,6,0.7,0.1,0.1
PQM,18,184,20,0.01944444444444444,0,1,1.0,0.0,0.0
PQM,18,185,20,0.02222222222222222,0,1,1.0,0.0,0.0
PQM,18,186,20,0.08888888888888888,0,3,1.0,0.0,0.0
PQM,18,187,20,0.04444444444444444,0,2,1.0,0.0,0.0
PQM,18,188,20,0.0611111111111111,0,2,1.0,0.0,0.0
PQM,18,189,20,0.03888888888888888,0,2,1.0,0.0,0.0
PQM,18,19,20,0.06388888888888888,0,2,1.0,0.0,0.0
PQM,18,190,20,0.09166666666666666,0,3,1.0,0.0,0.0
PQM,18,191,20,0.041666666666666664,0,2,1.0,0.0,0.0
PQM,18,192,20,0.07777777777777777,0,4,0.75,0.15,0.15
PQM,18,193,20,0.016666666666666666,0,1,1.0,0.0,0.0
PQM,18,194,20,0.0611111111111111,0,2,1.0,0.0,0.0
PQM,18,195,20,0.07777777777777777,0,3,1.0,0.0,0.0
PQM,18,196,20,0.041666666666666664,0,2,1.0,0.0,0.0
PQM,18,197,20,0.08333333333333333,0,3,1.0,0.0,0.0
PQM,18,198,20,0.03888888888888888,0,2,1.0,0.15,0.15
PQM,18,199,20,0.11666666666666667,0,5,0.6,0.0,0.0
PQM,18,2,20,0.05277777777777778,0,2,1.0,0.0,0.0
PQM,18,20,20,0.08611111111111111,0,4,0.75,0.0,0.0
PQM,18,200,20,0.09166666666666666,0,3,1.0,0.0,0.0
PQM,18,202,20,0.05555555555555556,0,2,1.0,0.15,0.15
PQM,18,203,20,0.041666666666666664,0,2,1.0,0.0,0.0
PQM,18,204,20,0.01388888888888889,0,1,1.0,0.45,0.45
PQM,18,205,20,0.01944444444444444,0,1,1.0,0.2,0.2
PQM,18,206,20,0.07777777777777777,0,3,1.0,0.0,0.0
PQM,18,207,20,0.20555555555555555,0,6,0.4,0.0,0.0
PQM,18,208,20,0.08888888888888888,0,3,1.0,0.05,0.05
PQM,18,209,20,0.1472222222222222,1,5,0.7,0.0,0.0
PQM,18,21,20,0.14444444444444443,0,6,0.6,0.0,0.0
PQM,18,210,20,0.041666666666666664,0,2,1.0,0.0,0.0
PQM,18,211,20,0.02222222222222222,0,1,1.0,0.15,0.15
PQM,18,212,20,0.04722222222222222,0,2,1.0,0.0,0.0
PQM,18,213,20,0.07222222222222222,0,3,1.0,0.0,0.0
PQM,18,214,20,0.03333333333333333,0,1,1.0,0.0,0.0
PQM,18,215,20,0.075,0,3,1.0,0.0,0.0
PQM,18,216,20,0.03611111111111111,0,2,1.0,0.0,0.0
PQM,18,217,20,0.07777777777777777,0,3,1.0,0.0,0.0
PQM,18,218,20,0.10833333333333332,1,4,0.95,0.0,0.0
PQM,18,219,20,0.06666666666666667,0,4,0.85,0.0,0.0
PQM,18,22,20,0.13333333333333333,0,6,0.6,0.0,0.0
PQM,18,220,20,0.0027777777777777775,0,1,1.0,0.0,0.0
PQM,18,221,20,0.05833333333333333,0,2,1.0,0.0,0.0
PQM,18,222,20,0.14444444444444443,0,7,0.6,0.0,0.0
PQM,18,223,20,0.05,0,3,1.0,0.0,0.0
PQM,18,224,20,0.01944444444444444,0,1,1.0,0.0,0.0
PQM,18,225,20,0.0611111111111111,0,2,1.0,0.0,0.0
PQM,18,226,20,0.041666666666666664,0,2,1.0,0.0,0.0
PQM,18,227,20,0.05277777777777778,0,3,1.0,0.0,0.0
PQM,18,228,20,0.08333333333333333,0,3,1.0,0.0,0.0
PQM,18,229,20,0.008333333333333333,0,1,1.0,0.0,0.0
PQM,18,23,20,0.15833333333333335,0,5,0.4,0.0,0.0
PQM,18,230,20,0.0611111111111111,0,2,1.0,0.0,0.0
PQM,18,231,20,0.06666666666666667,0,2,1.0,0.0,0.0
PQM,18,232,20,0.0611111111111111,0,2,1.0,0.0,0.0
PQM,18,233,20,0.15,0,5,0.65,0.0,0.0
PQM,18,234,20,0.1277777777777778,0,6,0.6,0.2,0.2
PQM,18,235,20,0.06666666666666667,0,3,1.0,0.0,0.0
PQM,18,236,20,0.04722222222222222,0,2,1.0,0.0,0.0
PQM,18,237,20,0.0611111111111111,0,3,1.0,0.2,0.2
PQM,18,238,20,0.09444444444444444,0,4,0.85,0.0,0.0
PQM,18,239,20,0.01388888888888889,0,1,1.0,0.0,0.0
PQM,18,24,20,0.01111111111111111,0,1,1.0,0.0,0.0
PQM,18,240,20,0.06944444444444445,0,2,1.0,0.0,0.0
PQM,18,241,20,0.06944444444444445,0,2,1.0,0.0,0.0
PQM,18,242,20,0.06944444444444445,0,2,1.0,0.0,0.0
PQM,18,243,20,0.02777777777777778,0,2,1.0,0.0,0.0
PQM,18,244,20,0.07777777777777777,0,3,1.0,0.0,0.0
PQM,18,245,20,0.01388888888888889,0,1,1.0,0.0,0.0
PQM,18,246,20,0.041666666666666664,0,2,1.0,0.0,0.0
PQM,18,247,20,0.13333333333333333,0,6,0.6,0.0,0.0
PQM,18,248,20,0.03055555555555555,0,1,1.0,0.0,0.0
PQM,18,249,20,0.0611111111111111,0,3,1.0,0.0,0.0
PQM,18,25,20,0.03333333333333333,0,2,1.0,0.1,0.1
PQM,18,250,20,0.07777777777777777,0,3,1.0,0.0,0.0
PQM,18,251,20,0.19444444444444445,0,7,0.45,0.0,0.0
PQM,18,252,20,0.05833333333333333,0,2,1.0,0.0,0.0
PQM,18,255,20,0.02222222222222222,0,1,1.0,0.0,0.0
PQM,18,256,20,0.05277777777777778,0,2,1.0,0.0,0.0
PQM,18,257,20,0.016666666666666666,0,1,1.0,0.0,0.0
PQM,18,259,20,0.07222222222222222,0,3,1.0,0.0,0.0
PQM,18,26,20,0.0611111111111111,0,3,1.0,0.0,0.0
PQM,18,260,20,0.07777777777777777,0,3,1.0,0.0,0.0
PQM,18,261,20,0.2111111111111111,1,7,0.55,0.0,0.0
PQM,18,262,20,0.14166666666666666,0,6,0.6,0.1,0.1
PQM,18,263,20,0.05277777777777778,0,2,1.0,0.0,0.0
PQM,18,264,20,0.03055555555555555,0,1,1.0,0.0,0.0
PQM,18,265,20,0.05,0,2,1.0,0.0,0.0
PQM,18,266,20,0.041666666666666664,0,2,1.0,0.0,0.0
PQM,18,267,20,0.07777777777777777,0,3,1.0,0.0,0.0
PQM,18,268,20,0.13055555555555556,0,6,0.6,0.0,0.0
PQM,18,269,20,0.075,0,3,1.0,0.0,0.0
PQM,18,27,20,0.02777777777777778,0,1,1.0,0.0,0.0
PQM,18,270,20,0.13333333333333333,0,7,0.65,0.0,0.0
PQM,18,271,20,0.175,0,7,0.45,0.0,0.0
PQM,18,272,20,0.06666666666666667,0,3,1.0,0.0,0.0
PQM,18,273,20,0.03888888888888888,0,2,1.0,0.0,0.0
PQM,18,274,20,0.06388888888888888,0,3,1.0,0.0,0.0
PQM,18,275,20,0.0611111111111111,0,3,1.0,0.2,0.2
PQM,18,276,20,0.05277777777777778,0,2,1.0,0.15,0.15
PQM,18,277,20,0.06666666666666667,0,2,1.0,0.0,0.0
PQM,18,278,20,0.07777777777777777,0,3,1.0,0.0,0.0
PQM,18,279,20,0.07777777777777777,0,3,1.0,0.0,0.0
PQM,18,28,20,0.03611111111111111,0,2,1.0,0.0,0.0
PQM,18,280,20,0.06666666666666667,0,3,1.0,0.1,0.1
PQM,18,281,20,0.06666666666666667,0,3,1.0,0.0,0.0
PQM,18,282,20,0.04444444444444444,0,2,1.0,0.05,0.05
PQM,18,283,20,0.0611111111111111,0,3,1.0,0.05,0.05
PQM,18,284,20,0.01944444444444444,0,1,1.0,0.0,0.0
PQM,18,285,20,0.06944444444444445,0,3,1.0,0.0,0.0
PQM,18,286,20,0.07222222222222222,0,3,1.0,0.0,0.0
PQM,18,287,20,0.06666666666666667,0,3,1.0,0.0,0.0
PQM,18,288,20,0.075,0,3,1.0,0.0,0.0
PQM,18,289,20,0.05833333333333333,0,2,1.0,0.0,0.0
PQM,18,29,20,0.0611111111111111,0,3,1.0,0.0,0.0
PQM,18,290,20,0.08055555555555555,0,2,1.0,0.05,0.05
PQM,18,291,20,0.05,0,2,1.0,0.0,0.0
PQM,18,292,20,0.04722222222222222,0,3,1.0,0.0,0.0
PQM,18,293,20,0.02777777777777778,0,2,1.0,0.0,0.0
PQM,18,294,20,0.03611111111111111,0,2,1.0,0.0,0.0
PQM,18,295,20,0.0611111111111111,0,3,1.0,0.0,0.0
PQM,18,296,20,0.06388888888888888,0,3,1.0,0.0,0.0
PQM,18,297,20,0.13055555555555556,0,5,0.7,0.05,0.05
PQM,18,298,20,0.05833333333333333,0,2,1.0,0.0,0.0
PQM,18,299,20,0.07777777777777777,0,3,1.0,0.0,0.0
PQM,18,3,20,0.04444444444444444,0,3,1.0,0.0,0.0
PQM,18,30,20,0.01944444444444444,0,1,1.0,0.0,0.0
PQM,18,300,20,0.06944444444444445,0,2,1.0,0.0,0.0
PQM,18,301,20,0.06666666666666667,0,3,1.0,0.4,0.4
PQM,18,302,20,0.06388888888888888,0,2,1.0,0.0,0.0
PQM,18,303,20,0.06944444444444445,0,3,1.0,0.05,0.05
PQM,18,304,20,0.075,0,3,1.0,0.0,0.0
PQM,18,305,20,0.05,0,2,1.0,0.0,0.0
PQM,18,306,20,0.01944444444444444,0,1,1.0,0.0,0.0
PQM,18,307,20,0.03888888888888888,0,2,1.0,0.0,0.0
PQM,18,308,20,0.05833333333333333,0,2,1.0,0.0,0.0
PQM,18,309,20,0.1,0,5,0.75,0.15,0.15
PQM,18,31,20,0.02777777777777778,0,2,1.0,0.0,0.0
PQM,18,32,20,0.03611111111111111,0,1,1.0,0.0,0.0
PQM,18,33,20,0.2,0,7,0.5,0.0,0.0
PQM,18,34,20,0.016666666666666666,0,1,1.0,0.0,0.0
PQM,18,35,20,0.01111111111111111,0,1,1.0,0.0,0.0
PQM,18,36,20,0.08055555555555555,0,3,1.0,0.0,0.0
PQM,18,37,20,0.03055555555555555,0,1,1.0,0.0,0.0
PQM,18,38,20,0.05555555555555556,0,2,1.0,0.0,0.0
PQM,18,39,20,0.016666666666666666,0,1,1.0,0.2,0.2
PQM,18,4,20,0.11944444444444444,0,5,0.6,0.0,0.0
PQM,18,40,20,0.05833333333333333,0,3,1.0,0.1,0.1
PQM,18,41,20,0.09166666666666666,0,3,1.0,0.0,0.0
PQM,18,42,20,0.01944444444444444,0,2,1.0,0.2,0.2
PQM,18,43,20,0.016666666666666666,0,1,1.0,0.35,0.35
PQM,18,44,20,0.03611111111111111,0,2,1.0,0.0,0.0
PQM,18,45,20,0.0027777777777777775,0,1,1.0,0.0,0.0
PQM,18,46,20,0.03333333333333333,0,1,1.0,0.05,0.05
PQM,18,47,20,0.06388888888888888,0,2,1.0,0.0,0.0
PQM,18,48,20,0.04722222222222222,0,3,1.0,0.0,0.0
PQM,18,49,20,0.05,0,2,1.0,0.0,0.0
PQM,18,5,20,0.05277777777777778,0,2,1.0,0.05,0.05
PQM,18,50,20,0.03888888888888888,0,2,1.0,0.0,0.0
PQM,18,51,20,0.05,0,2,1.0,0.3,0.3
PQM,18,52,20,0.1638888888888889,0,7,0.6,0.0,0.0
PQM,18,53,20,0.025,0,1,1.0,0.0,0.0
PQM,18,54,20,0.02777777777777778,0,1,1.0,0.0,0.0
PQM,18,55,20,0.041666666666666664,0,2,1.0,0.0,0.0
PQM,18,56,20,0.025,0,1,1.0,0.0,0.0
PQM,18,57,20,0.03888888888888888,0,2,1.0,0.0,0.0
PQM,18,58,20,0.04722222222222222,0,2,1.0,0.0,0.0
PQM,18,59,20,0.041666666666666664,0,2,1.0,0.0,0.0
PQM,18,6,20,0.1472222222222222,0,6,0.7,0.0,0.0
PQM,18,60,20,0.01111111111111111,0,1,1.0,0.0,0.0
PQM,18,61,20,0.03055555555555555,0,2,1.0,0.6,0.6
PQM,18,62,20,0.05833333333333333,0,2,1.0,0.0,0.0
PQM,18,63,20,0.18611111111111112,0,7,0.4,0.0,0.0
PQM,18,64,20,0.075,0,3,1.0,0.0,0.0
PQM,18,65,20,0.041666666666666664,0,2,1.0,0.0,0.0
PQM,18,66,20,0.02777777777777778,0,2,1.0,0.0,0.0
PQM,18,67,20,0.03611111111111111,0,1,1.0,0.0,0.0
PQM,18,68,20,0.016666666666666666,0,1,1.0,0.35,0.35
PQM,18,69,20,0.04444444444444444,0,2,1.0,0.0,0.0
PQM,18,7,20,0.10555555555555556,0,3,1.0,0.05,0.05
PQM,18,70,20,0.02777777777777778,0,1,1.0,0.0,0.0
PQM,18,71,20,0.04722222222222222,0,2,1.0,0.15,0.15
PQM,18,72,20,0.0611111111111111,0,2,1.0,0.0,0.0
PQM,18,73,20,0.09722222222222222,0,4,0.85,0.1,0.1
PQM,18,74,20,0.05,0,2,1.0,0.05,0.05
PQM,18,75,20,0.02777777777777778,0,1,1.0,0.0,0.0
PQM,18,76,20,0.041666666666666664,0,2,1.0,0.4,0.4
PQM,18,77,20,0.01111111111111111,0,1,1.0,0.0,0.0
PQM,18,78,20,0.03888888888888888,0,2,1.0,0.15,0.15
PQM,18,79,20,0.008333333333333333,0,1,1.0,0.2,0.2
PQM,18,8,20,0.16111111111111112,0,5,0.45,0.0,0.0
PQM,18,80,20,0.08055555555555555,0,3,1.0,0.0,0.0
PQM,18,81,20,0.05555555555555556,0,2,1.0,0.0,0.0
PQM,18,82,20,0.10555555555555556,0,4,0.8,0.15,0.15
PQM,18,83,20,0.02777777777777778,0,2,1.0,0.0,0.0
PQM,18,84,20,0.01388888888888889,0,1,1.0,0.0,0.0
PQM,18,85,20,0.025,0,2,1.0,0.0,0.0
PQM,18,86,20,0.06388888888888888,0,3,1.0,0.0,0.0
PQM,18,87,20,0.025,0,1,1.0,0.0,0.0
PQM,18,88,20,0.02222222222222222,0,1,1.0,0.0,0.0
PQM,18,89,20,0.075,0,2,1.0,0.0,0.0
PQM,18,9,20,0.041666666666666664,0,2,1.0,0.0,0.0
PQM,18,90,20,0.04444444444444444,0,1,1.0,0.1,0.1
PQM,18,91,20,0.03611111111111111,0,2,1.0,0.0,0.0
PQM,18,92,20,0.1222222222222222,0,4,0.6,0.3,0.3
PQM,18,93,20,0.01944444444444444,0,1,1.0,0.0,0.0
PQM,18,94,20,0.03055555555555555,0,1,1.0,0.0,0.0
PQM,18,95,20,0.11388888888888889,0,5,0.6,0.25,0.25
PQM,18,96,20,0.03333333333333333,0,2,1.0,0.0,0.0
PQM,18,97,20,0.2,1,7,0.45,0.0,0.0
PQM,18,98,20,0.01388888888888889,0,1,1.0,0.0,0.0
PQM,18,99,20,0.05555555555555556,0,2,1.0,0.0,0.0
Direct-Scalar,24,1,20,0.06666666666666667,0,5,0.95,0.0,0.0
Direct-Scalar,24,10,20,0.08541666666666667,0,4,1.0,0.0,0.0
Direct-Scalar,24,100,20,0.05833333333333333,0,3,1.0,0.0,0.0
Direct-Scalar,24,101,20,0.09583333333333333,1,4,1.0,0.0,0.0
Direct-Scalar,24,102,20,0.12083333333333332,0,5,0.75,0.05,0.05
Direct-Scalar,24,103,20,0.19166666666666665,0,9,0.45,0.85,0.45
Direct-Scalar,24,104,20,0.08541666666666667,0,4,1.0,0.0,0.0
Direct-Scalar,24,105,20,0.07916666666666666,0,6,0.8,0.0,0.0
Direct-Scalar,24,106,20,0.08958333333333332,0,5,0.9,0.0,0.0
Direct-Scalar,24,107,20,0.09375,0,6,0.75,0.05,0.05
Direct-Scalar,24,108,20,0.06458333333333333,0,4,1.0,0.1,0.1
Direct-Scalar,24,109,20,0.0875,0,5,0.95,0.05,0.05
Direct-Scalar,24,11,20,0.08541666666666667,0,5,0.95,0.2,0.2
Direct-Scalar,24,110,20,0.07708333333333332,0,4,1.0,0.0,0.0
Direct-Scalar,24,111,20,0.10208333333333333,0,6,0.85,0.0,0.0
Direct-Scalar,24,112,20,0.08333333333333333,0,6,0.85,0.0,0.0
Direct-Scalar,24,113,20,0.10625,0,6,0.8,0.0,0.0
Direct-Scalar,24,114,20,0.08958333333333333,0,3,1.0,0.0,0.0
Direct-Scalar,24,115,20,0.0625,0,4,1.0,0.0,0.0
Direct-Scalar,24,116,20,0.09791666666666667,1,5,0.95,0.0,0.0
Direct-Scalar,24,117,20,0.13541666666666669,1,6,0.65,0.0,0.0
Direct-Scalar,24,118,20,0.04583333333333333,0,5,0.9,0.6,0.6
Direct-Scalar,24,119,20,0.08125,0,4,1.0,0.1,0.1
Direct-Scalar,24,12,20,0.11041666666666668,1,7,0.9,0.0,0.0
Direct-Scalar,24,120,20,0.0625,0,6,0.85,0.0,0.0
Direct-Scalar,24,121,20,0.08541666666666667,0,4,1.0,0.1,0.1
Direct-Scalar,24,122,20,0.15,0,6,0.5,0.0,0.0
Direct-Scalar,24,123,20,0.1,1,4,1.0,0.0,0.0
Direct-Scalar,24,124,20,0.07916666666666666,0,5,0.95,0.05,0.05
Direct-Scalar,24,125,20,0.07291666666666666,0,6,0.9,0.0,0.0
Direct-Scalar,24,126,20,0.10208333333333333,1,4,1.0,0.0,0.0
Direct-Scalar,24,127,20,0.08333333333333334,1,5,0.95,0.0,0.0
Direct-Scalar,24,128,20,0.06458333333333333,0,3,1.0,0.0,0.0
Direct-Scalar,24,129,20,0.08958333333333332,0,5,0.85,0.05,0.05
Direct-Scalar,24,13,20,0.07291666666666666,0,4,1.0,0.0,0.0
Direct-Scalar,24,130,20,0.11458333333333333,1,5,0.75,0.0,0.0
Direct-Scalar,24,131,20,0.05416666666666666,0,4,1.0,0.05,0.05
Direct-Scalar,24,132,20,0.07083333333333333,0,3,1.0,0.0,0.0
Direct-Scalar,24,133,20,0.08333333333333333,0,4,1.0,0.05,0.05
Direct-Scalar,24,134,20,0.07083333333333333,0,4,1.0,0.0,0.0
Direct-Scalar,24,135,20,0.024999999999999998,0,2,1.0,0.55,0.55
Direct-Scalar,24,136,20,0.06666666666666667,0,4,1.0,0.0,0.0
Direct-Scalar,24,137,20,0.06458333333333333,0,4,1.0,0.0,0.0
Direct-Scalar,24,138,20,0.06458333333333333,0,4,1.0,0.0,0.0
Direct-Scalar,24,139,20,0.07291666666666666,0,6,0.95,0.0,0.0
Direct-Scalar,24,14,20,0.049999999999999996,0,3,1.0,0.0,0.0
Direct-Scalar,24,140,20,0.07083333333333333,0,4,1.0,0.05,0.05
Direct-Scalar,24,15,20,0.16041666666666668,0,8,0.55,0.0,0.0
Direct-Scalar,24,151,20,0.13333333333333333,0,5,0.75,0.05,0.05
Direct-Scalar,24,152,20,0.075,0,4,1.0,0.0,0.0
Direct-Scalar,24,153,20,0.10208333333333333,0,7,0.75,0.0,0.0
Direct-Scalar,24,154,20,0.08125,0,4,1.0,0.15,0.15
Direct-Scalar,24,155,20,0.0875,0,5,0.95,0.05,0.05
Direct-Scalar,24,156,20,0.041666666666666664,0,2,1.0,0.0,0.0
Direct-Scalar,24,157,20,0.16666666666666669,0,7,0.4,0.0,0.0
Direct-Scalar,24,158,20,0.06666666666666667,0,4,1.0,0.05,0.05
Direct-Scalar,24,159,20,0.03958333333333333,0,2,1.0,0.15,0.15
Direct-Scalar,24,16,20,0.029166666666666664,0,3,1.0,0.6,0.6
Direct-Scalar,24,160,20,0.10208333333333333,0,7,0.85,0.0,0.0
Direct-Scalar,24,161,20,0.08958333333333332,1,4,1.0,0.1,0.1
Direct-Scalar,24,162,20,0.08541666666666667,0,4,1.0,0.0,0.0
Direct-Scalar,24,163,20,0.09583333333333333,0,7,0.8,0.0,0.0
Direct-Scalar,24,164,20,0.029166666666666664,0,3,1.0,0.3,0.3
Direct-Scalar,24,165,20,0.10416666666666666,0,4,1.0,0.0,0.0
Direct-Scalar,24,166,20,0.07916666666666666,0,6,0.9,0.05,0.05
Direct-Scalar,24,167,20,0.10208333333333333,1,5,0.95,0.0,0.0
Direct-Scalar,24,168,20,0.1,0,5,0.95,0.05,0.05
Direct-Scalar,24,169,20,0.075,0,4,1.0,0.0,0.0
Direct-Scalar,24,17,20,0.08333333333333334,0,6,0.9,0.0,0.0
Direct-Scalar,24,170,20,0.0625,0,3,1.0,0.0,0.0
Direct-Scalar,24,171,20,0.05416666666666666,0,3,1.0,0.0,0.0
Direct-Scalar,24,172,20,0.075,0,5,0.95,0.2,0.2
Direct-Scalar,24,173,20,0.08125,0,5,0.95,0.0,0.0
Direct-Scalar,24,174,20,0.05833333333333333,0,4,1.0,0.1,0.1
Direct-Scalar,24,175,20,0.12083333333333332,0,6,0.65,0.05,0.05
Direct-Scalar,24,176,20,0.09583333333333333,0,4,1.0,0.2,0.2
Direct-Scalar,24,177,20,0.11041666666666668,0,6,0.85,0.0,0.0
Direct-Scalar,24,178,20,0.07916666666666666,0,5,0.9,0.15,0.15
Direct-Scalar,24,179,20,0.08333333333333334,0,4,1.0,0.0,0.0
Direct-Scalar,24,18,20,0.08125,0,4,1.0,0.0,0.0
Direct-Scalar,24,180,20,0.08333333333333333,1,3,1.0,0.0,0.0
Direct-Scalar,24,181,20,0.07083333333333333,0,5,0.9,0.0,0.0
Direct-Scalar,24,182,20,0.14166666666666666,1,6,0.65,0.05,0.05
Direct-Scalar,24,183,20,0.05625,0,3,1.0,0.0,0.0
Direct-Scalar,24,184,20,0.0625,0,3,1.0,0.05,0.05
Direct-Scalar,24,185,20,0.041666666666666664,0,4,1.0,0.0,0.0
Direct-Scalar,24,186,20,0.14375,0,7,0.45,0.0,0.0
Direct-Scalar,24,187,20,0.13125,0,8,0.7,0.0,0.0
Direct-Scalar,24,188,20,0.075,0,4,1.0,0.0,0.0
Direct-Scalar,24,189,20,0.06458333333333333,0,4,1.0,0.1,0.1
Direct-Scalar,24,19,20,0.08541666666666667,0,4,1.0,0.0,0.0
Direct-Scalar,24,190,20,0.12083333333333332,0,6,0.8,0.05,0.05
Direct-Scalar,24,191,20,0.11666666666666665,1,4,1.0,0.0,0.0
Direct-Scalar,24,192,20,0.06041666666666666,0,3,1.0,0.0,0.0
Direct-Scalar,24,193,20,0.06458333333333334,0,3,1.0,0.0,0.0
Direct-Scalar,24,194,20,0.12916666666666668,0,7,0.75,0.0,0.0
Direct-Scalar,24,195,20,0.09791666666666667,1,5,0.95,0.0,0.0
Direct-Scalar,24,196,20,0.075,0,4,1.0,0.1,0.1
Direct-Scalar,24,197,20,0.14375,1,6,0.65,0.0,0.0
Direct-Scalar,24,198,20,0.08333333333333333,0,5,0.85,0.05,0.05
Direct-Scalar,24,199,20,0.06458333333333333,0,6,0.95,0.0,0.0
Direct-Scalar,24,2,20,0.07083333333333333,0,5,0.95,0.0,0.0
Direct-Scalar,24,20,20,0.125,0,6,0.85,0.1,0.1
Direct-Scalar,24,200,20,0.10208333333333333,0,6,0.8,0.05,0.05
Direct-Scalar,24,202,20,0.06666666666666667,0,5,0.95,0.0,0.0
Direct-Scalar,24,203,20,0.09166666666666666,0,6,0.85,0.15,0.15
Direct-Scalar,24,204,20,0.075,0,4,1.0,0.1,0.1
Direct-Scalar,24,205,20,0.08333333333333333,0,6,0.95,0.05,0.05
Direct-Scalar,24,206,20,0.12291666666666667,0,6,0.7,0.0,0.0
Direct-Scalar,24,207,20,0.08333333333333334,0,6,0.9,0.0,0.0
Direct-Scalar,24,208,20,0.1,0,5,0.95,0.0,0.0
Direct-Scalar,24,209,20,0.09583333333333333,0,6,0.85,0.05,0.05
Direct-Scalar,24,21,20,0.10416666666666667,1,5,0.95,0.0,0.0
Direct-Scalar,24,210,20,0.06875,0,3,1.0,0.0,0.0
Direct-Scalar,24,211,20,0.058333333333333334,0,6,0.95,0.25,0.25
Direct-Scalar,24,212,20,0.10625,0,6,0.8,0.0,0.0
Direct-Scalar,24,213,20,0.09583333333333334,0,7,0.8,0.0,0.0
Direct-Scalar,24,214,20,0.09791666666666667,0,5,0.9,0.0,0.0
Direct-Scalar,24,215,20,0.08958333333333332,1,4,1.0,0.0,0.0
Direct-Scalar,24,216,20,0.10625,0,6,0.75,0.0,0.0
Direct-Scalar,24,217,20,0.07083333333333333,0,4,1.0,0.0,0.0
Direct-Scalar,24,218,20,0.15625,1,6,0.6,0.0,0.0
Direct-Scalar,24,219,20,0.06875,0,5,0.9,0.2,0.2
Direct-Scalar,24,22,20,0.09375,0,5,0.9,0.2,0.2
Direct-Scalar,24,220,20,0.04791666666666666,0,3,1.0,0.25,0.25
Direct-Scalar,24,221,20,0.16041666666666668,0,7,0.6,0.0,0.0
Direct-Scalar,24,222,20,0.11041666666666668,0,6,0.95,0.0,0.0
Direct-Scalar,24,223,20,0.07708333333333332,0,4,1.0,0.0,0.0
Direct-Scalar,24,224,20,0.05,0,3,1.0,0.1,0.1
Direct-Scalar,24,225,20,0.07916666666666666,0,6,0.9,0.0,0.0
Direct-Scalar,24,226,20,0.08125,0,4,1.0,0.05,0.05
Direct-Scalar,24,227,20,0.08541666666666667,0,4,1.0,0.0,0.0
Direct-Scalar,24,228,20,0.1125,0,6,0.75,0.0,0.0
Direct-Scalar,24,229,20,0.041666666666666664,0,6,0.95,0.1,0.1
Direct-Scalar,24,23,20,0.07708333333333332,0,4,1.0,0.05,0.05
Direct-Scalar,24,230,20,0.09583333333333333,1,4,1.0,0.0,0.0
Direct-Scalar,24,231,20,0.18125,0,8,0.5,0.05,0.05
Direct-Scalar,24,232,20,0.13125,1,6,0.65,0.0,0.0
Direct-Scalar,24,233,20,0.1375,1,6,0.55,0.0,0.0
Direct-Scalar,24,234,20,0.08958333333333332,0,4,1.0,0.0,0.0
Direct-Scalar,24,235,20,0.12708333333333333,1,5,0.95,0.0,0.0
Direct-Scalar,24,236,20,0.08958333333333333,0,5,0.85,0.05,0.05
Direct-Scalar,24,237,20,0.11666666666666667,0,7,0.8,0.05,0.05
Direct-Scalar,24,238,20,0.11458333333333333,1,5,0.85,0.0,0.0
Direct-Scalar,24,239,20,0.11041666666666668,0,8,0.75,0.05,0.05
Direct-Scalar,24,24,20,0.10208333333333333,0,7,0.75,0.0,0.0
Direct-Scalar,24,240,20,0.08958333333333332,1,5,0.95,0.0,0.0
Direct-Scalar,24,241,20,0.11666666666666667,1,5,0.75,0.0,0.0
Direct-Scalar,24,242,20,0.09375,0,4,1.0,0.05,0.05
Direct-Scalar,24,243,20,0.035416666666666666,0,3,1.0,0.1,0.1
Direct-Scalar,24,244,20,0.1125,0,6,0.7,0.0,0.0
Direct-Scalar,24,245,20,0.05208333333333333,0,3,1.0,0.2,0.2
Direct-Scalar,24,246,20,0.10416666666666667,0,5,0.9,0.05,0.05
Direct-Scalar,24,247,20,0.07083333333333333,0,3,1.0,0.1,0.1
Direct-Scalar,24,248,20,0.04583333333333333,0,6,0.95,0.0,0.0
Direct-Scalar,24,249,20,0.10625,1,5,0.9,0.0,0.0
Direct-Scalar,24,25,20,0.041666666666666664,0,3,1.0,0.0,0.0
Direct-Scalar,24,250,20,0.09375,0,4,1.0,0.0,0.0
Direct-Scalar,24,251,20,0.14375,0,7,0.65,0.0,0.0
Direct-Scalar,24,252,20,0.07083333333333333,0,4,1.0,0.0,0.0
Direct-Scalar,24,255,20,0.06666666666666667,0,4,1.0,0.0,0.0
Direct-Scalar,24,256,20,0.09166666666666666,1,5,0.95,0.0,0.0
Direct-Scalar,24,257,20,0.0375,0,5,0.95,0.0,0.0
Direct-Scalar,24,259,20,0.10416666666666666,0,6,0.95,0.0,0.0
Direct-Scalar,24,26,20,0.1,1,4,1.0,0.0,0.0
Direct-Scalar,24,260,20,0.11875,0,5,0.7,0.0,0.0
Direct-Scalar,24,261,20,0.12291666666666667,1,7,0.85,0.0,0.0
Direct-Scalar,24,262,20,0.09166666666666666,0,4,1.0,0.0,0.0
Direct-Scalar,24,263,20,0.07708333333333332,0,6,0.85,0.05,0.05
Direct-Scalar,24,264,20,0.06875,0,4,1.0,0.05,0.05
Direct-Scalar,24,265,20,0.08958333333333332,0,5,0.85,0.05,0.05
Direct-Scalar,24,266,20,0.07916666666666666,0,5,0.95,0.05,0.05
Direct-Scalar,24,267,20,0.10833333333333332,1,5,0.9,0.0,0.0
Direct-Scalar,24,268,20,0.07708333333333334,0,5,0.95,0.0,0.0
Direct-Scalar,24,269,20,0.06458333333333333,0,4,1.0,0.1,0.1
Direct-Scalar,24,27,20,0.07708333333333334,0,3,1.0,0.0,0.0
Direct-Scalar,24,270,20,0.07916666666666666,0,7,0.9,0.0,0.0
Direct-Scalar,24,271,20,0.09791666666666668,0,7,0.75,0.1,0.1
Direct-Scalar,24,272,20,0.08125,0,4,1.0,0.0,0.0
Direct-Scalar,24,273,20,0.08333333333333333,0,4,1.0,0.1,0.1
Direct-Scalar,24,274,20,0.08333333333333334,0,6,0.85,0.0,0.0
Direct-Scalar,24,275,20,0.09166666666666666,0,5,0.95,0.05,0.05
Direct-Scalar,24,276,20,0.07083333333333333,0,3,1.0,0.1,0.1
Direct-Scalar,24,277,20,0.1125,1,4,1.0,0.0,0.0
Direct-Scalar,24,278,20,0.11458333333333333,0,5,0.9,0.0,0.0
Direct-Scalar,24,279,20,0.11458333333333333,0,5,0.9,0.0,0.0
Direct-Scalar,24,28,20,0.05833333333333333,0,5,0.95,0.0,0.0
Direct-Scalar,24,280,20,0.09375,0,5,0.95,0.0,0.0
Direct-Scalar,24,281,20,0.05833333333333333,0,5,0.95,0.0,0.0
Direct-Scalar,24,282,20,0.07083333333333333,0,4,1.0,0.05,0.05
Direct-Scalar,24,283,20,0.08541666666666667,0,4,1.0,0.0,0.0
Direct-Scalar,24,284,20,0.058333333333333334,0,5,0.9,0.05,0.05
Direct-Scalar,24,285,20,0.06041666666666666,0,3,1.0,0.0,0.0
Direct-Scalar,24,286,20,0.09583333333333333,0,5,0.85,0.1,0.1
Direct-Scalar,24,287,20,0.09166666666666666,1,5,0.9,0.0,0.0
Direct-Scalar,24,288,20,0.12708333333333333,0,5,0.85,0.05,0.05
Direct-Scalar,24,289,20,0.08541666666666667,0,4,1.0,0.0,0.0
Direct-Scalar,24,29,20,0.06458333333333333,0,4,1.0,0.1,0.1
Direct-Scalar,24,290,20,0.1125,1,6,0.9,0.0,0.0
Direct-Scalar,24,291,20,0.1125,0,6,0.6,0.05,0.05
Direct-Scalar,24,292,20,0.075,0,5,0.95,0.0,0.0
Direct-Scalar,24,293,20,0.05208333333333333,0,3,1.0,0.0,0.0
Direct-Scalar,24,294,20,0.06041666666666666,0,4,1.0,0.05,0.05
Direct-Scalar,24,295,20,0.06875,0,3,1.0,0.0,0.0
Direct-Scalar,24,296,20,0.08541666666666667,0,4,1.0,0.0,0.0
Direct-Scalar,24,297,20,0.10625,0,6,0.8,0.05,0.05
Direct-Scalar,24,298,20,0.07291666666666666,0,5,0.9,0.05,0.05
Direct-Scalar,24,299,20,0.10625,0,5,0.9,0.0,0.0
Direct-Scalar,24,3,20,0.11875,0,6,0.75,0.0,0.0
Direct-Scalar,24,30,20,0.06875,0,7,0.85,0.0,0.0
Direct-Scalar,24,300,20,0.07916666666666666,0,5,0.95,0.0,0.0
Direct-Scalar,24,301,20,0.10625,0,6,0.85,0.0,0.0
Direct-Scalar,24,302,20,0.07708333333333332,0,4,1.0,0.0,0.0
Direct-Scalar,24,303,20,0.12916666666666668,1,7,0.8,0.0,0.0
Direct-Scalar,24,304,20,0.08541666666666667,0,4,1.0,0.0,0.0
Direct-Scalar,24,305,20,0.05625,0,4,1.0,0.0,0.0
Direct-Scalar,24,306,20,0.06458333333333333,0,4,1.0,0.0,0.0
Direct-Scalar,24,307,20,0.07708333333333332,0,4,1.0,0.0,0.0
Direct-Scalar,24,308,20,0.40625,0,19,0.4,0.15,0.15
Direct-Scalar,24,309,20,0.08333333333333334,0,7,0.9,0.05,0.05
Direct-Scalar,24,31,20,0.08333333333333334,0,5,0.8,0.05,0.05
Direct-Scalar,24,32,20,0.08541666666666667,0,6,0.85,0.0,0.0
Direct-Scalar,24,33,20,0.11875,1,6,0.8,0.0,0.0
Direct-Scalar,24,34,20,0.04375,0,3,1.0,0.0,0.0
Direct-Scalar,24,35,20,0.016666666666666666,0,3,1.0,0.0,0.0
Direct-Scalar,24,36,20,0.10833333333333332,0,7,0.75,0.05,0.05
Direct-Scalar,24,37,20,0.05,0,3,1.0,0.0,0.0
Direct-Scalar,24,38,20,0.07708333333333332,0,5,0.95,0.0,0.0
Direct-Scalar,24,39,20,0.06875,0,4,1.0,0.0,0.0
Direct-Scalar,24,4,20,0.05416666666666666,0,3,1.0,0.15,0.15
Direct-Scalar,24,40,20,0.08125,0,5,0.9,0.05,0.05
Direct-Scalar,24,41,20,0.12083333333333332,0,5,0.85,0.0,0.0
Direct-Scalar,24,42,20,0.04791666666666666,0,6,0.85,0.0,0.0
Direct-Scalar,24,43,20,0.03958333333333333,0,4,1.0,0.1,0.1
Direct-Scalar,24,44,20,0.0625,0,6,0.9,0.0,0.0
Direct-Scalar,24,45,20,0.0875,0,4,1.0,0.2,0.2
Direct-Scalar,24,46,20,0.0875,0,4,1.0,0.0,0.0
Direct-Scalar,24,47,20,0.12708333333333333,0,6,0.65,0.0,0.0
Direct-Scalar,24,48,20,0.05416666666666666,0,4,1.0,0.05,0.05
Direct-Scalar,24,49,20,0.07083333333333333,0,4,1.0,0.0,0.0
Direct-Scalar,24,5,20,0.09166666666666666,0,6,0.85,0.0,0.0
Direct-Scalar,24,50,20,0.06041666666666666,0,4,1.0,0.0,0.0
Direct-Scalar,24,51,20,0.10625,0,7,0.8,0.05,0.05
Direct-Scalar,24,52,20,0.11041666666666668,1,5,0.9,0.05,0.05
Direct-Scalar,24,53,20,0.07291666666666666,0,5,0.95,0.0,0.0
Direct-Scalar,24,54,20,0.05625,0,4,1.0,0.0,0.0
Direct-Scalar,24,55,20,0.12708333333333333,0,6,0.65,0.0,0.0
Direct-Scalar,24,56,20,0.0375,0,4,1.0,0.0,0.0
Direct-Scalar,24,57,20,0.09166666666666666,0,4,1.0,0.05,0.05
Direct-Scalar,24,58,20,0.0875,0,5,0.95,0.05,0.05
Direct-Scalar,24,59,20,0.06666666666666667,0,4,1.0,0.0,0.0
Direct-Scalar,24,6,20,0.075,0,4,1.0,0.0,0.0
Direct-Scalar,24,60,20,0.05833333333333333,0,8,0.95,0.2,0.2
Direct-Scalar,24,61,20,0.07916666666666666,0,5,0.9,0.05,0.05
Direct-Scalar,24,62,20,0.0625,0,4,1.0,0.0,0.0
Direct-Scalar,24,63,20,0.11666666666666665,0,6,0.85,0.2,0.2
Direct-Scalar,24,64,20,0.08125,1,5,0.95,0.0,0.0
Direct-Scalar,24,65,20,0.0875,0,5,0.9,0.05,0.05
Direct-Scalar,24,66,20,0.10208333333333333,0,6,0.75,0.0,0.0
Direct-Scalar,24,67,20,0.09791666666666667,1,4,1.0,0.0,0.0
Direct-Scalar,24,68,20,0.03958333333333333,0,4,1.0,0.0,0.0
Direct-Scalar,24,69,20,0.05,0,3,1.0,0.05,0.05
Direct-Scalar,24,7,20,0.12916666666666668,1,6,0.7,0.05,0.05
Direct-Scalar,24,70,20,0.03125,0,2,1.0,0.0,0.0
Direct-Scalar,24,71,20,0.06666666666666667,0,3,1.0,0.0,0.0
Direct-Scalar,24,72,20,0.07291666666666666,0,4,1.0,0.0,0.0
Direct-Scalar,24,73,20,0.05,0,3,1.0,0.05,0.05
Direct-Scalar,24,74,20,0.10416666666666667,0,6,0.7,0.0,0.0
Direct-Scalar,24,75,20,0.05,0,2,1.0,0.0,0.0
Direct-Scalar,24,76,20,0.06041666666666666,0,3,1.0,0.0,0.0
Direct-Scalar,24,77,20,0.06041666666666666,0,3,1.0,0.05,0.05
Direct-Scalar,24,78,20,0.10625,0,6,0.7,0.0,0.0
Direct-Scalar,24,79,20,0.10625,0,5,0.8,0.05,0.05
Direct-Scalar,24,8,20,0.07916666666666666,0,4,1.0,0.05,0.05
Direct-Scalar,24,80,20,0.09166666666666666,0,5,0.9,0.05,0.05
Direct-Scalar,24,81,20,0.07083333333333333,0,4,1.0,0.0,0.0
Direct-Scalar,24,82,20,0.1,0,6,0.85,0.0,0.0
Direct-Scalar,24,83,20,0.05625,0,3,1.0,0.0,0.0
Direct-Scalar,24,84,20,0.06666666666666667,0,3,1.0,0.05,0.05
Direct-Scalar,24,85,20,0.05625,0,4,1.0,0.0,0.0
Direct-Scalar,24,86,20,0.09583333333333333,1,4,1.0,0.0,0.0
Direct-Scalar,24,87,20,0.08333333333333333,1,4,1.0,0.0,0.0
Direct-Scalar,24,88,20,0.052083333333333336,0,6,0.95,0.05,0.05
Direct-Scalar,24,89,20,0.09583333333333333,0,4,1.0,0.0,0.0
Direct-Scalar,24,9,20,0.13958333333333334,0,8,0.65,0.05,0.05
Direct-Scalar,24,90,20,0.06666666666666667,0,4,1.0,0.05,0.05
Direct-Scalar,24,91,20,0.06666666666666667,0,4,1.0,0.0,0.0
Direct-Scalar,24,92,20,0.07916666666666666,0,4,1.0,0.05,0.05
Direct-Scalar,24,93,20,0.06875,0,5,0.95,0.2,0.2
Direct-Scalar,24,94,20,0.07291666666666666,0,4,1.0,0.0,0.0
Direct-Scalar,24,95,20,0.12291666666666667,0,6,0.65,0.0,0.0
Direct-Scalar,24,96,20,0.06041666666666666,0,4,1.0,0.0,0.0
Direct-Scalar,24,97,20,0.07291666666666666,0,3,1.0,0.0,0.0
Direct-Scalar,24,98,20,0.05416666666666666,0,3,1.0,0.05,0.05
Direct-Scalar,24,99,20,0.08333333333333333,1,3,1.0,0.0,0.0
PQM,24,1,20,0.07083333333333333,0,4,1.0,0.15,0.15
PQM,24,10,20,0.075,0,3,1.0,0.05,0.05
PQM,24,100,20,0.13125,1,9,0.7,0.0,0.0
PQM,24,101,20,0.10625,1,4,1.0,0.0,0.0
PQM,24,102,20,0.175,0,9,0.4,0.1,0.1
PQM,24,103,20,0.12291666666666667,0,5,0.8,0.1,0.1
PQM,24,104,20,0.022916666666666665,0,2,1.0,0.5,0.5
PQM,24,105,20,0.06666666666666667,0,3,1.0,0.05,0.05
PQM,24,106,20,0.08125,1,4,1.0,0.0,0.0
PQM,24,107,20,0.07291666666666666,1,3,1.0,0.0,0.0
PQM,24,108,20,0.0375,0,2,1.0,0.3,0.3
PQM,24,109,20,0.08541666666666667,0,4,1.0,0.05,0.05
PQM,24,11,20,0.02708333333333333,0,2,1.0,0.4,0.4
PQM,24,110,20,0.09166666666666666,0,4,1.0,0.1,0.1
PQM,24,111,20,0.09166666666666666,0,5,0.95,0.05,0.05
PQM,24,112,20,0.08541666666666667,0,3,1.0,0.1,0.1
PQM,24,113,20,0.05625,0,3,1.0,0.1,0.1
PQM,24,114,20,0.08125,1,5,0.95,0.0,0.0
PQM,24,115,20,0.07083333333333333,0,3,1.0,0.1,0.1
PQM,24,116,20,0.09166666666666666,1,3,1.0,0.0,0.0
PQM,24,117,20,0.08958333333333332,1,4,1.0,0.0,0.0
PQM,24,118,20,0.014583333333333332,0,1,1.0,0.0,0.0
PQM,24,119,20,0.06875,0,3,1.0,0.1,0.1
PQM,24,12,20,0.09791666666666667,1,4,1.0,0.0,0.0
PQM,24,120,20,0.0625,0,3,1.0,0.1,0.1
PQM,24,121,20,0.06041666666666666,0,3,1.0,0.2,0.2
PQM,24,122,20,0.10416666666666666,1,4,1.0,0.0,0.0
PQM,24,123,20,0.10833333333333332,1,5,0.95,0.0,0.0
PQM,24,124,20,0.09166666666666666,0,4,1.0,0.05,0.05
PQM,24,125,20,0.17083333333333334,0,9,0.6,0.0,0.0
PQM,24,126,20,0.10625,1,4,1.0,0.0,0.0
PQM,24,127,20,0.11458333333333333,1,5,0.9,0.0,0.0
PQM,24,128,20,0.18541666666666667,1,10,0.6,0.0,0.0
PQM,24,129,20,0.09583333333333333,1,4,1.0,0.0,0.0
PQM,24,13,20,0.06041666666666666,0,3,1.0,0.25,0.25
PQM,24,130,20,0.10208333333333333,1,4,1.0,0.0,0.0
PQM,24,131,20,0.041666666666666664,0,2,1.0,0.2,0.2
PQM,24,132,20,0.08125,0,4,1.0,0.05,0.05
PQM,24,133,20,0.14791666666666667,0,8,0.65,0.05,0.05
PQM,24,134,20,0.05625,0,3,1.0,0.15,0.15
PQM,24,135,20,0.0,0,0,1.0,0.0,0.0
PQM,24,136,20,0.08125,0,3,1.0,0.05,0.05
PQM,24,137,20,0.03333333333333333,0,2,1.0,0.35,0.35
PQM,24,138,20,0.07916666666666666,1,3,1.0,0.0,0.0
PQM,24,139,20,0.07916666666666666,0,4,1.0,0.05,0.05
PQM,24,14,20,0.05833333333333333,0,2,1.0,0.05,0.05
PQM,24,140,20,0.0625,0,3,1.0,0.15,0.15
PQM,24,15,20,0.07291666666666666,1,3,1.0,0.0,0.0
PQM,24,151,20,0.13958333333333334,0,6,0.75,0.1,0.1
PQM,24,152,20,0.06875,0,4,1.0,0.15,0.15
PQM,24,153,20,0.07291666666666666,0,3,1.0,0.1,0.1
PQM,24,154,20,0.18958333333333333,0,10,0.4,0.1,0.1
PQM,24,155,20,0.11458333333333333,0,6,0.7,0.05,0.05
PQM,24,156,20,0.05,0,4,1.0,0.4,0.4
PQM,24,157,20,0.20208333333333334,0,10,0.45,0.05,0.05
PQM,24,158,20,0.15625,1,7,0.65,0.0,0.0
PQM,24,159,20,0.03125,0,2,1.0,0.35,0.35
PQM,24,16,20,0.0,0,0,1.0,0.8,0.8
PQM,24,160,20,0.14375,1,8,0.6,0.0,0.0
PQM,24,161,20,0.08958333333333332,0,5,0.85,0.2,0.2
PQM,24,162,20,0.1,0,6,0.95,0.05,0.05
PQM,24,163,20,0.21041666666666664,1,8,0.4,0.0,0.0
PQM,24,164,20,0.03958333333333333,0,3,1.0,0.3,0.3
PQM,24,165,20,0.07916666666666666,1,3,1.0,0.0,0.0
PQM,24,166,20,0.10208333333333333,0,5,0.9,0.1,0.1
PQM,24,167,20,0.13541666666666669,2,6,0.95,0.0,0.0
PQM,24,168,20,0.07916666666666666,0,4,1.0,0.1,0.1
PQM,24,169,20,0.06875,0,3,1.0,0.1,0.1
PQM,24,17,20,0.06458333333333333,0,4,1.0,0.2,0.2
PQM,24,170,20,0.15,0,6,0.45,0.1,0.1
PQM,24,171,20,0.14583333333333331,1,7,0.6,0.0,0.0
PQM,24,172,20,0.07291666666666666,0,4,1.0,0.0,0.0
PQM,24,173,20,0.1375,0,9,0.6,0.1,0.1
PQM,24,174,20,0.03958333333333333,0,2,1.0,0.25,0.25
PQM,24,175,20,0.05833333333333333,0,3,1.0,0.25,0.25
PQM,24,176,20,0.06875,0,4,1.0,0.2,0.2
PQM,24,177,20,0.19583333333333333,2,9,0.6,0.0,0.0
PQM,24,178,20,0.11041666666666668,0,6,0.75,0.05,0.05
PQM,24,179,20,0.15625,0,9,0.6,0.15,0.15
PQM,24,18,20,0.10208333333333333,0,4,1.0,0.1,0.1
PQM,24,180,20,0.1,1,5,0.9,0.0,0.0
PQM,24,181,20,0.17291666666666666,0,7,0.4,0.05,0.05
PQM,24,182,20,0.20625,0,9,0.4,0.1,0.1
PQM,24,183,20,0.1625,1,9,0.65,0.05,0.05
PQM,24,184,20,0.0625,0,3,1.0,0.15,0.15
PQM,24,185,20,0.04791666666666666,0,2,1.0,0.2,0.2
PQM,24,186,20,0.11041666666666665,1,4,1.0,0.0,0.0
PQM,24,187,20,0.08333333333333333,0,4,1.0,0.1,0.1
PQM,24,188,20,0.08958333333333332,1,4,1.0,0.0,0.0
PQM,24,189,20,0.06875,0,3,1.0,0.1,0.1
PQM,24,19,20,0.10416666666666667,1,4,1.0,0.0,0.0
PQM,24,190,20,0.11666666666666665,0,4,1.0,0.05,0.05
PQM,24,191,20,0.075,0,4,1.0,0.05,0.05
PQM,24,192,20,0.12291666666666667,0,7,0.65,0.3,0.3
PQM,24,193,20,0.06666666666666667,0,3,1.0,0.1,0.1
PQM,24,194,20,0.09583333333333333,0,4,1.0,0.05,0.05
PQM,24,195,20,0.09375,1,4,1.0,0.0,0.0
PQM,24,196,20,0.08541666666666667,0,5,0.65,0.5,0.5
PQM,24,197,20,0.11041666666666668,2,4,1.0,0.0,0.0
PQM,24,198,20,0.05833333333333333,1,3,1.0,0.05,0.05
PQM,24,199,20,0.15416666666666667,0,9,0.6,0.1,0.1
PQM,24,2,20,0.075,0,3,1.0,0.1,0.1
PQM,24,20,20,0.09166666666666666,0,6,0.75,0.2,0.2
PQM,24,200,20,0.10833333333333332,1,5,0.95,0.0,0.0
PQM,24,202,20,0.08333333333333333,1,3,1.0,0.0,0.0
PQM,24,203,20,0.06875,0,4,1.0,0.35,0.35
PQM,24,204,20,0.06666666666666667,0,3,1.0,0.1,0.1
PQM,24,205,20,0.04375,0,2,1.0,0.35,0.35
PQM,24,206,20,0.1,0,5,0.95,0.0,0.0
PQM,24,207,20,0.225,1,9,0.4,0.0,0.0
PQM,24,208,20,0.10208333333333333,0,4,1.0,0.05,0.05
PQM,24,209,20,0.19375,1,9,0.4,0.0,0.0
PQM,24,21,20,0.16666666666666666,0,9,0.6,0.05,0.05
PQM,24,210,20,0.07083333333333333,0,4,1.0,0.15,0.15
PQM,24,211,20,0.05416666666666666,0,3,1.0,0.25,0.25
PQM,24,212,20,0.08333333333333333,0,4,1.0,0.05,0.05
PQM,24,213,20,0.08333333333333333,0,4,1.0,0.1,0.1
PQM,24,214,20,0.07291666666666666,0,3,1.0,0.0,0.0
PQM,24,215,20,0.10833333333333332,1,4,1.0,0.0,0.0
PQM,24,216,20,0.05833333333333333,0,3,1.0,0.05,0.05
PQM,24,217,20,0.09791666666666667,0,5,0.95,0.1,0.1
PQM,24,218,20,0.11458333333333333,1,5,0.95,0.0,0.0
PQM,24,219,20,0.0875,0,5,0.75,0.25,0.25
PQM,24,22,20,0.15208333333333332,0,8,0.6,0.25,0.25
PQM,24,220,20,0.035416666666666666,0,2,1.0,0.4,0.4
PQM,24,221,20,0.08541666666666667,0,4,1.0,0.05,0.05
PQM,24,222,20,0.17083333333333334,0,9,0.6,0.1,0.1
PQM,24,223,20,0.07708333333333334,0,5,0.95,0.0,0.0
PQM,24,224,20,0.05833333333333333,0,3,1.0,0.1,0.1
PQM,24,225,20,0.07708333333333332,0,4,1.0,0.1,0.1
PQM,24,226,20,0.07083333333333333,0,4,1.0,0.05,0.05
PQM,24,227,20,0.08958333333333332,0,4,1.0,0.15,0.15
PQM,24,228,20,0.11041666666666668,0,5,0.9,0.1,0.1
PQM,24,229,20,0.029166666666666664,0,3,1.0,0.4,0.4
PQM,24,23,20,0.18333333333333335,0,7,0.4,0.2,0.2
PQM,24,230,20,0.09166666666666666,0,4,1.0,0.05,0.05
PQM,24,231,20,0.09791666666666667,1,4,1.0,0.0,0.0
PQM,24,232,20,0.08125,1,4,1.0,0.0,0.0
PQM,24,233,20,0.1875,1,8,0.55,0.0,0.0
PQM,24,234,20,0.15625,0,9,0.6,0.1,0.1
PQM,24,235,20,0.09583333333333333,0,4,1.0,0.05,0.05
PQM,24,236,20,0.08958333333333333,0,4,1.0,0.05,0.05
PQM,24,237,20,0.0875,0,4,1.0,0.1,0.1
PQM,24,238,20,0.13125,1,5,0.7,0.0,0.0
PQM,24,239,20,0.05833333333333333,0,3,1.0,0.2,0.2
PQM,24,24,20,0.06458333333333333,0,3,1.0,0.05,0.05
PQM,24,240,20,0.10208333333333333,1,4,1.0,0.0,0.0
PQM,24,241,20,0.09166666666666666,1,4,1.0,0.0,0.0
PQM,24,242,20,0.08958333333333332,1,4,1.0,0.0,0.0
PQM,24,243,20,0.05,0,4,1.0,0.3,0.3
PQM,24,244,20,0.09375,0,4,1.0,0.1,0.1
PQM,24,245,20,0.035416666666666666,0,2,1.0,0.3,0.3
PQM,24,246,20,0.06666666666666667,0,4,1.0,0.0,0.0
PQM,24,247,20,0.14375,0,8,0.75,0.25,0.25
PQM,24,248,20,0.05,0,3,1.0,0.1,0.1
PQM,24,249,20,0.07708333333333332,0,4,1.0,0.0,0.0
PQM,24,25,20,0.0625,0,3,1.0,0.2,0.2
PQM,24,250,20,0.1,0,5,0.95,0.1,0.1
PQM,24,251,20,0.225,1,10,0.45,0.0,0.0
PQM,24,252,20,0.08958333333333332,1,4,1.0,0.0,0.0
PQM,24,255,20,0.06875,0,3,1.0,0.05,0.05
PQM,24,256,20,0.09166666666666666,0,4,1.0,0.05,0.05
PQM,24,257,20,0.06041666666666666,0,3,1.0,0.15,0.15
PQM,24,259,20,0.09791666666666667,0,5,0.9,0.05,0.05
PQM,24,26,20,0.09375,1,3,1.0,0.0,0.0
PQM,24,260,20,0.09791666666666667,1,5,0.95,0.0,0.0
PQM,24,261,20,0.22916666666666666,1,11,0.45,0.0,0.0
PQM,24,262,20,0.16666666666666666,0,8,0.6,0.1,0.1
PQM,24,263,20,0.08125,0,3,1.0,0.05,0.05
PQM,24,264,20,0.06666666666666667,0,3,1.0,0.1,0.1
PQM,24,265,20,0.07916666666666666,1,4,1.0,0.0,0.0
PQM,24,266,20,0.0625,1,3,1.0,0.0,0.0
PQM,24,267,20,0.09791666666666667,0,5,0.95,0.05,0.05
PQM,24,268,20,0.16666666666666669,1,8,0.6,0.0,0.0
PQM,24,269,20,0.09375,0,4,1.0,0.05,0.05
PQM,24,27,20,0.05625,0,3,1.0,0.15,0.15
PQM,24,270,20,0.175,1,10,0.6,0.0,0.0
PQM,24,271,20,0.2125,0,10,0.4,0.2,0.2
PQM,24,272,20,0.10208333333333333,0,4,1.0,0.1,0.1
PQM,24,273,20,0.0625,0,3,1.0,0.25,0.25
PQM,24,274,20,0.09166666666666666,0,5,0.95,0.1,0.1
PQM,24,275,20,0.08333333333333333,0,5,0.9,0.2,0.2
PQM,24,276,20,0.08958333333333332,0,4,1.0,0.15,0.15
PQM,24,277,20,0.09583333333333333,1,4,1.0,0.0,0.0
PQM,24,278,20,0.09791666666666667,0,4,1.0,0.05,0.05
PQM,24,279,20,0.10833333333333332,0,5,0.95,0.05,0.05
PQM,24,28,20,0.05416666666666666,0,3,1.0,0.25,0.25
PQM,24,280,20,0.09583333333333333,0,5,0.95,0.05,0.05
PQM,24,281,20,0.07916666666666666,0,3,1.0,0.15,0.15
PQM,24,282,20,0.06666666666666667,0,4,1.0,0.2,0.2
PQM,24,283,20,0.09166666666666666,1,4,1.0,0.0,0.0
PQM,24,284,20,0.05833333333333333,0,2,1.0,0.05,0.05
PQM,24,285,20,0.09791666666666667,0,5,0.95,0.05,0.05
PQM,24,286,20,0.09166666666666666,0,5,0.9,0.25,0.25
PQM,24,287,20,0.10208333333333333,1,4,1.0,0.0,0.0
PQM,24,288,20,0.10208333333333333,0,4,1.0,0.1,0.1
PQM,24,289,20,0.08958333333333332,0,4,1.0,0.05,0.05
PQM,24,29,20,0.09166666666666666,0,4,1.0,0.1,0.1
PQM,24,290,20,0.09375,0,4,1.0,0.05,0.05
PQM,24,291,20,0.07916666666666666,0,3,1.0,0.05,0.05
PQM,24,292,20,0.07708333333333332,0,4,1.0,0.1,0.1
PQM,24,293,20,0.06666666666666667,0,4,1.0,0.05,0.05
PQM,24,294,20,0.06041666666666666,0,4,1.0,0.1,0.1
PQM,24,295,20,0.0875,0,4,1.0,0.1,0.1
PQM,24,296,20,0.09375,0,4,1.0,0.05,0.05
PQM,24,297,20,0.15416666666666667,1,7,0.65,0.0,0.0
PQM,24,298,20,0.07708333333333332,0,3,1.0,0.15,0.15
PQM,24,299,20,0.08958333333333332,0,4,1.0,0.0,0.0
PQM,24,3,20,0.07083333333333333,0,4,1.0,0.05,0.05
PQM,24,30,20,0.0375,0,2,1.0,0.25,0.25
PQM,24,300,20,0.08125,0,4,1.0,0.05,0.05
PQM,24,301,20,0.08958333333333332,0,5,0.9,0.15,0.15
PQM,24,302,20,0.08333333333333333,0,4,1.0,0.1,0.1
PQM,24,303,20,0.09375,1,5,0.95,0.0,0.0
PQM,24,304,20,0.09166666666666666,1,4,1.0,0.0,0.0
PQM,24,305,20,0.07083333333333333,0,4,1.0,0.2,0.2
PQM,24,306,20,0.05625,0,3,1.0,0.1,0.1
PQM,24,307,20,0.07916666666666666,0,3,1.0,0.1,0.1
PQM,24,308,20,0.10833333333333332,0,6,0.85,0.15,0.15
PQM,24,309,20,0.14583333333333331,0,8,0.6,0.1,0.1
PQM,24,31,20,0.05833333333333333,0,3,1.0,0.2,0.2
PQM,24,32,20,0.07708333333333332,0,3,1.0,0.1,0.1
PQM,24,33,20,0.20833333333333334,1,10,0.6,0.0,0.0
PQM,24,34,20,0.05,0,3,1.0,0.15,0.15
PQM,24,35,20,0.01875,0,2,1.0,0.4,0.4
PQM,24,36,20,0.1,1,4,1.0,0.0,0.0
PQM,24,37,20,0.049999999999999996,0,3,1.0,0.25,0.25
PQM,24,38,20,0.08958333333333332,1,4,1.0,0.0,0.0
PQM,24,39,20,0.041666666666666664,0,2,1.0,0.25,0.25
PQM,24,4,20,0.125,0,8,0.6,0.1,0.1
PQM,24,40,20,0.08541666666666667,0,5,0.95,0.15,0.15
PQM,24,41,20,0.1125,1,5,0.95,0.15,0.15
PQM,24,42,20,0.041666666666666664,0,3,1.0,0.3,0.3
PQM,24,43,20,0.05833333333333333,0,3,1.0,0.05,0.05
PQM,24,44,20,0.06458333333333333,0,3,1.0,0.2,0.2
PQM,24,45,20,0.01875,0,2,1.0,0.6,0.6
PQM,24,46,20,0.06875,1,3,1.0,0.0,0.0
PQM,24,47,20,0.09375,1,4,1.0,0.0,0.0
PQM,24,48,20,0.05833333333333333,0,4,1.0,0.2,0.2
PQM,24,49,20,0.06875,0,4,1.0,0.3,0.3
PQM,24,5,20,0.08125,0,4,1.0,0.05,0.05
PQM,24,50,20,0.075,0,3,1.0,0.05,0.05
PQM,24,51,20,0.07916666666666666,0,4,1.0,0.15,0.15
PQM,24,52,20,0.18541666666666667,1,11,0.6,0.0,0.0
PQM,24,53,20,0.05416666666666666,0,2,1.0,0.1,0.1
PQM,24,54,20,0.05833333333333333,0,3,1.0,0.2,0.2
PQM,24,55,20,0.06875,0,3,1.0,0.05,0.05
PQM,24,56,20,0.05833333333333333,0,3,1.0,0.2,0.2
PQM,24,57,20,0.06041666666666666,0,3,1.0,0.2,0.2
PQM,24,58,20,0.07291666666666666,0,4,1.0,0.15,0.15
PQM,24,59,20,0.07291666666666666,0,4,1.0,0.15,0.15
PQM,24,6,20,0.18125,1,10,0.55,0.0,0.0
PQM,24,60,20,0.02708333333333333,0,3,1.0,0.6,0.6
PQM,24,61,20,0.06041666666666666,0,3,1.0,0.5,0.5
PQM,24,62,20,0.0875,0,4,1.0,0.15,0.15
PQM,24,63,20,0.19583333333333333,0,10,0.4,0.25,0.25
PQM,24,64,20,0.10833333333333332,1,4,1.0,0.0,0.0
PQM,24,65,20,0.06666666666666667,0,4,1.0,0.1,0.1
PQM,24,66,20,0.075,1,3,1.0,0.0,0.0
PQM,24,67,20,0.04583333333333333,0,2,1.0,0.15,0.15
PQM,24,68,20,0.05625,0,3,1.0,0.15,0.15
PQM,24,69,20,0.06666666666666667,0,3,1.0,0.1,0.1
PQM,24,7,20,0.1375,0,7,0.75,0.1,0.1
PQM,24,70,20,0.05416666666666666,0,3,1.0,0.35,0.35
PQM,24,71,20,0.075,1,4,1.0,0.0,0.0
PQM,24,72,20,0.08541666666666667,0,4,1.0,0.05,0.05
PQM,24,73,20,0.125,0,6,0.65,0.1,0.1
PQM,24,74,20,0.07083333333333333,0,3,1.0,0.1,0.1
PQM,24,75,20,0.06041666666666666,0,3,1.0,0.2,0.2
PQM,24,76,20,0.07916666666666666,0,3,1.0,0.25,0.25
PQM,24,77,20,0.05833333333333333,0,3,1.0,0.05,0.05
PQM,24,78,20,0.06875,0,3,1.0,0.05,0.05
PQM,24,79,20,0.03333333333333333,0,3,1.0,0.4,0.4
PQM,24,8,20,0.17291666666666666,0,8,0.55,0.0,0.0
PQM,24,80,20,0.10208333333333333,1,5,0.95,0.0,0.0
PQM,24,81,20,0.0875,1,4,1.0,0.0,0.0
PQM,24,82,20,0.15833333333333333,0,7,0.6,0.05,0.05
PQM,24,83,20,0.06041666666666666,0,4,1.0,0.05,0.05
PQM,24,84,20,0.03958333333333333,0,3,1.0,0.1,0.1
PQM,24,85,20,0.05833333333333333,0,3,1.0,0.05,0.05
PQM,24,86,20,0.09791666666666667,1,5,0.95,0.0,0.0
PQM,24,87,20,0.07291666666666666,0,3,1.0,0.1,0.1
PQM,24,88,20,0.06458333333333333,0,3,1.0,0.2,0.2
PQM,24,89,20,0.10208333333333333,1,4,1.0,0.0,0.0
PQM,24,9,20,0.07083333333333333,0,4,1.0,0.15,0.15
PQM,24,90,20,0.07291666666666666,0,3,1.0,0.05,0.05
PQM,24,91,20,0.06458333333333333,0,3,1.0,0.25,0.25
PQM,24,92,20,0.17708333333333331,0,8,0.5,0.05,0.05
PQM,24,93,20,0.04791666666666666,0,3,1.0,0.3,0.3
PQM,24,94,20,0.06666666666666667,0,3,1.0,0.1,0.1
PQM,24,95,20,0.17083333333333334,1,9,0.6,0.0,0.0
PQM,24,96,20,0.06458333333333333,0,3,1.0,0.1,0.1
PQM,24,97,20,0.23333333333333334,1,9,0.4,0.0,0.0
PQM,24,98,20,0.0375,0,2,1.0,0.0,0.0
PQM,24,99,20,0.075,0,4,1.0,0.0,0.0
