Scenario,ID_Bits,Device,Authentication_Queries,Intra_Mean,Intra_Min,Intra_Max,Verification_Rate,Identification_Rate,Combined_Authentication_Rate
Multi-sweep,128,1,5,1.6,0,4,1.0,1.0,1.0
Multi-sweep,128,10,5,0.8,0,1,1.0,1.0,1.0
Multi-sweep,128,100,5,2.4,0,6,1.0,1.0,1.0
Multi-sweep,128,101,5,4.0,3,6,1.0,1.0,1.0
Multi-sweep,128,102,5,2.8,2,3,1.0,1.0,1.0
Multi-sweep,128,103,5,1.0,0,2,1.0,1.0,1.0
Multi-sweep,128,104,5,1.2,1,2,1.0,1.0,1.0
Multi-sweep,128,105,5,0.8,0,2,1.0,1.0,1.0
Multi-sweep,128,106,5,4.0,2,5,1.0,1.0,1.0
Multi-sweep,128,107,5,4.6,0,11,1.0,1.0,1.0
Multi-sweep,128,108,5,2.0,0,4,1.0,1.0,1.0
Multi-sweep,128,109,5,2.0,1,3,1.0,1.0,1.0
Multi-sweep,128,11,5,2.0,0,5,1.0,1.0,1.0
Multi-sweep,128,110,5,1.0,0,2,1.0,1.0,1.0
Multi-sweep,128,111,5,2.4,0,5,1.0,1.0,1.0
Multi-sweep,128,112,5,1.0,0,2,1.0,1.0,1.0
Multi-sweep,128,113,5,1.2,0,3,1.0,1.0,1.0
Multi-sweep,128,114,5,1.8,0,4,1.0,1.0,1.0
Multi-sweep,128,115,5,0.6,0,2,1.0,1.0,1.0
Multi-sweep,128,116,5,3.0,2,6,1.0,1.0,1.0
Multi-sweep,128,117,5,2.0,1,3,1.0,1.0,1.0
Multi-sweep,128,118,5,0.8,0,2,1.0,1.0,1.0
Multi-sweep,128,119,5,2.8,2,6,1.0,1.0,1.0
Multi-sweep,128,12,5,2.2,0,4,1.0,1.0,1.0
Multi-sweep,128,120,5,1.2,0,3,1.0,1.0,1.0
Multi-sweep,128,121,5,1.0,0,2,1.0,1.0,1.0
Multi-sweep,128,122,5,2.8,0,6,1.0,1.0,1.0
Multi-sweep,128,123,5,5.6,2,10,1.0,1.0,1.0
Multi-sweep,128,124,5,3.8,1,8,1.0,1.0,1.0
Multi-sweep,128,125,5,3.6,1,10,1.0,1.0,1.0
Multi-sweep,128,126,5,3.0,0,6,1.0,1.0,1.0
Multi-sweep,128,127,5,3.8,0,8,1.0,1.0,1.0
Multi-sweep,128,128,5,1.8,1,2,1.0,1.0,1.0
Multi-sweep,128,129,5,3.6,1,6,1.0,1.0,1.0
Multi-sweep,128,13,5,1.0,0,2,1.0,1.0,1.0
Multi-sweep,128,130,5,1.0,0,3,1.0,1.0,1.0
Multi-sweep,128,131,5,1.0,0,3,1.0,1.0,1.0
Multi-sweep,128,132,5,0.8,0,2,1.0,1.0,1.0
Multi-sweep,128,133,5,0.2,0,1,1.0,1.0,1.0
Multi-sweep,128,134,5,1.6,0,3,1.0,1.0,1.0
Multi-sweep,128,135,5,0.6,0,1,1.0,1.0,1.0
Multi-sweep,128,136,5,0.0,0,0,1.0,1.0,1.0
Multi-sweep,128,137,5,0.8,0,2,1.0,1.0,1.0
Multi-sweep,128,138,5,0.8,0,2,1.0,1.0,1.0
Multi-sweep,128,139,5,2.0,0,3,1.0,1.0,1.0
Multi-sweep,128,14,5,0.8,0,1,1.0,1.0,1.0
Multi-sweep,128,140,5,1.8,0,4,1.0,1.0,1.0
Multi-sweep,128,15,5,1.6,0,3,1.0,1.0,1.0
Multi-sweep,128,151,5,4.0,0,7,1.0,1.0,1.0
Multi-sweep,128,152,5,1.0,0,3,1.0,1.0,1.0
Multi-sweep,128,153,5,4.4,3,6,1.0,1.0,1.0
Multi-sweep,128,154,5,3.4,3,4,1.0,1.0,1.0
Multi-sweep,128,155,5,0.8,0,2,1.0,1.0,1.0
Multi-sweep,128,156,5,2.8,0,5,1.0,1.0,1.0
Multi-sweep,128,157,5,1.8,0,5,1.0,1.0,1.0
Multi-sweep,128,158,5,1.2,0,2,1.0,1.0,1.0
Multi-sweep,128,159,5,1.4,0,3,1.0,1.0,1.0
Multi-sweep,128,16,5,1.0,0,3,1.0,1.0,1.0
Multi-sweep,128,160,5,2.0,0,4,1.0,1.0,1.0
Multi-sweep,128,161,5,0.6,0,1,1.0,1.0,1.0
Multi-sweep,128,162,5,2.2,0,5,1.0,1.0,1.0
Multi-sweep,128,163,5,2.4,0,7,1.0,1.0,1.0
Multi-sweep,128,164,5,3.0,1,6,1.0,1.0,1.0
Multi-sweep,128,165,5,1.0,0,2,1.0,1.0,1.0
Multi-sweep,128,166,5,2.2,1,4,1.0,1.0,1.0
Multi-sweep,128,167,5,7.0,0,18,0.8,1.0,0.8
Multi-sweep,128,168,5,3.2,2,5,1.0,1.0,1.0
Multi-sweep,128,169,5,1.0,0,2,1.0,1.0,1.0
Multi-sweep,128,17,5,1.2,0,3,1.0,1.0,1.0
Multi-sweep,128,170,5,2.2,0,4,1.0,1.0,1.0
Multi-sweep,128,171,5,1.4,0,4,1.0,1.0,1.0
Multi-sweep,128,172,5,1.0,0,2,1.0,1.0,1.0
Multi-sweep,128,173,5,0.8,0,2,1.0,1.0,1.0
Multi-sweep,128,174,5,0.6,0,2,1.0,1.0,1.0
Multi-sweep,128,175,5,1.4,0,3,1.0,1.0,1.0
Multi-sweep,128,176,5,1.8,1,3,1.0,1.0,1.0
Multi-sweep,128,177,5,4.0,3,6,1.0,1.0,1.0
Multi-sweep,128,178,5,2.0,1,4,1.0,1.0,1.0
Multi-sweep,128,179,5,2.2,0,3,1.0,1.0,1.0
Multi-sweep,128,18,5,2.8,2,4,1.0,1.0,1.0
Multi-sweep,128,180,5,1.6,0,4,1.0,1.0,1.0
Multi-sweep,128,181,5,0.8,0,2,1.0,1.0,1.0
Multi-sweep,128,182,5,2.0,0,5,1.0,1.0,1.0
Multi-sweep,128,183,5,0.8,0,2,1.0,1.0,1.0
Multi-sweep,128,184,5,1.8,0,4,1.0,1.0,1.0
Multi-sweep,128,185,5,1.8,0,5,1.0,1.0,1.0
Multi-sweep,128,186,5,0.8,0,2,1.0,1.0,1.0
Multi-sweep,128,187,5,6.2,3,8,1.0,1.0,1.0
Multi-sweep,128,188,5,3.0,0,6,1.0,1.0,1.0
Multi-sweep,128,189,5,1.2,0,3,1.0,1.0,1.0
Multi-sweep,128,19,5,1.2,0,4,1.0,1.0,1.0
Multi-sweep,128,190,5,1.6,0,3,1.0,1.0,1.0
Multi-sweep,128,191,5,1.6,0,4,1.0,1.0,1.0
Multi-sweep,128,192,5,1.4,0,4,1.0,1.0,1.0
Multi-sweep,128,193,5,1.4,0,7,1.0,1.0,1.0
Multi-sweep,128,194,5,2.6,2,3,1.0,1.0,1.0
Multi-sweep,128,195,5,4.2,3,7,1.0,1.0,1.0
Multi-sweep,128,196,5,2.0,1,4,1.0,1.0,1.0
Multi-sweep,128,197,5,2.0,0,6,1.0,1.0,1.0
Multi-sweep,128,198,5,1.2,0,2,1.0,1.0,1.0
Multi-sweep,128,199,5,1.0,0,2,1.0,1.0,1.0
Multi-sweep,128,2,5,2.8,0,7,1.0,1.0,1.0
Multi-sweep,128,20,5,15.4,8,42,0.8,0.8,0.8
Multi-sweep,128,200,5,0.6,0,1,1.0,1.0,1.0
Multi-sweep,128,202,5,6.2,3,13,1.0,1.0,1.0
Multi-sweep,128,203,5,2.4,0,7,1.0,1.0,1.0
Multi-sweep,128,204,5,0.8,0,2,1.0,1.0,1.0
Multi-sweep,128,205,5,0.0,0,0,1.0,1.0,1.0
Multi-sweep,128,206,5,5.2,0,13,1.0,1.0,1.0
Multi-sweep,128,207,5,2.6,0,8,1.0,1.0,1.0
Multi-sweep,128,208,5,1.6,0,3,1.0,1.0,1.0
Multi-sweep,128,209,5,0.4,0,1,1.0,1.0,1.0
Multi-sweep,128,21,5,21.8,10,54,0.4,0.8,0.4
Multi-sweep,128,210,5,2.6,1,4,1.0,1.0,1.0
Multi-sweep,128,211,5,0.6,0,2,1.0,1.0,1.0
Multi-sweep,128,212,5,1.2,0,5,1.0,1.0,1.0
Multi-sweep,128,213,5,1.8,0,4,1.0,1.0,1.0
Multi-sweep,128,214,5,0.8,0,1,1.0,1.0,1.0
Multi-sweep,128,215,5,2.0,1,3,1.0,1.0,1.0
Multi-sweep,128,216,5,2.0,0,5,1.0,1.0,1.0
Multi-sweep,128,217,5,0.4,0,1,1.0,1.0,1.0
Multi-sweep,128,218,5,2.8,1,4,1.0,1.0,1.0
Multi-sweep,128,219,5,0.8,0,2,1.0,1.0,1.0
Multi-sweep,128,22,5,16.2,8,43,0.8,1.0,0.8
Multi-sweep,128,220,5,1.6,1,2,1.0,1.0,1.0
Multi-sweep,128,221,5,1.6,0,6,1.0,1.0,1.0
Multi-sweep,128,222,5,1.8,0,5,1.0,1.0,1.0
Multi-sweep,128,223,5,0.2,0,1,1.0,1.0,1.0
Multi-sweep,128,224,5,0.6,0,1,1.0,1.0,1.0
Multi-sweep,128,225,5,0.8,0,1,1.0,1.0,1.0
Multi-sweep,128,226,5,3.6,1,8,1.0,1.0,1.0
Multi-sweep,128,227,5,3.0,1,9,1.0,1.0,1.0
Multi-sweep,128,228,5,2.4,0,4,1.0,1.0,1.0
Multi-sweep,128,229,5,0.4,0,2,1.0,1.0,1.0
Multi-sweep,128,23,5,1.8,0,4,1.0,1.0,1.0
Multi-sweep,128,230,5,1.2,0,4,1.0,1.0,1.0
Multi-sweep,128,231,5,0.6,0,2,1.0,1.0,1.0
Multi-sweep,128,232,5,3.0,1,5,1.0,1.0,1.0
Multi-sweep,128,233,5,6.0,4,10,1.0,1.0,1.0
Multi-sweep,128,234,5,1.0,0,2,1.0,1.0,1.0
Multi-sweep,128,235,5,8.0,5,15,0.8,1.0,0.8
Multi-sweep,128,236,5,1.0,0,2,1.0,1.0,1.0
Multi-sweep,128,237,5,0.6,0,1,1.0,1.0,1.0
Multi-sweep,128,238,5,2.2,0,6,1.0,1.0,1.0
Multi-sweep,128,239,5,1.2,0,2,1.0,1.0,1.0
Multi-sweep,128,24,5,2.4,0,4,1.0,1.0,1.0
Multi-sweep,128,240,5,1.8,0,6,1.0,1.0,1.0
Multi-sweep,128,241,5,1.8,1,3,1.0,1.0,1.0
Multi-sweep,128,242,5,3.8,2,7,1.0,1.0,1.0
Multi-sweep,128,243,5,2.0,1,4,1.0,1.0,1.0
Multi-sweep,128,244,5,1.0,1,1,1.0,1.0,1.0
Multi-sweep,128,245,5,1.8,0,3,1.0,1.0,1.0
Multi-sweep,128,246,5,2.6,0,4,1.0,1.0,1.0
Multi-sweep,128,247,5,1.4,0,3,1.0,1.0,1.0
Multi-sweep,128,248,5,0.8,0,2,1.0,1.0,1.0
Multi-sweep,128,249,5,0.6,0,1,1.0,1.0,1.0
Multi-sweep,128,25,5,1.0,0,4,1.0,1.0,1.0
Multi-sweep,128,250,5,2.6,0,5,1.0,1.0,1.0
Multi-sweep,128,251,5,1.6,1,4,1.0,1.0,1.0
Multi-sweep,128,252,5,1.4,0,5,1.0,1.0,1.0
Multi-sweep,128,255,5,0.2,0,1,1.0,1.0,1.0
Multi-sweep,128,256,5,1.6,0,4,1.0,1.0,1.0
Multi-sweep,128,257,5,1.0,0,2,1.0,1.0,1.0
Multi-sweep,128,259,5,3.2,1,7,1.0,1.0,1.0
Multi-sweep,128,26,5,2.8,1,7,1.0,1.0,1.0
Multi-sweep,128,260,5,1.2,0,2,1.0,1.0,1.0
Multi-sweep,128,261,5,4.0,1,7,1.0,1.0,1.0
Multi-sweep,128,262,5,2.4,0,7,1.0,1.0,1.0
Multi-sweep,128,263,5,1.2,0,2,1.0,1.0,1.0
Multi-sweep,128,264,5,1.2,0,3,1.0,1.0,1.0
Multi-sweep,128,265,5,1.8,0,5,1.0,1.0,1.0
Multi-sweep,128,266,5,1.6,1,3,1.0,1.0,1.0
Multi-sweep,128,267,5,2.4,1,6,1.0,1.0,1.0
Multi-sweep,128,268,5,1.0,0,2,1.0,1.0,1.0
Multi-sweep,128,269,5,4.2,1,12,1.0,1.0,1.0
Multi-sweep,128,27,5,2.0,1,3,1.0,1.0,1.0
Multi-sweep,128,270,5,2.0,1,3,1.0,1.0,1.0
Multi-sweep,128,271,5,2.8,1,9,1.0,1.0,1.0
Multi-sweep,128,272,5,3.2,1,6,1.0,1.0,1.0
Multi-sweep,128,273,5,1.8,0,3,1.0,1.0,1.0
Multi-sweep,128,274,5,1.2,0,2,1.0,1.0,1.0
Multi-sweep,128,275,5,1.8,0,4,1.0,1.0,1.0
Multi-sweep,128,276,5,3.0,1,6,1.0,1.0,1.0
Multi-sweep,128,277,5,1.2,0,2,1.0,1.0,1.0
Multi-sweep,128,278,5,3.2,1,5,1.0,1.0,1.0
Multi-sweep,128,279,5,4.4,1,7,1.0,1.0,1.0
Multi-sweep,128,28,5,0.8,0,2,1.0,1.0,1.0
Multi-sweep,128,280,5,1.8,0,6,1.0,1.0,1.0
Multi-sweep,128,281,5,1.2,0,3,1.0,1.0,1.0
Multi-sweep,128,282,5,1.6,0,4,1.0,1.0,1.0
Multi-sweep,128,283,5,1.2,0,3,1.0,1.0,1.0
Multi-sweep,128,284,5,0.8,0,1,1.0,1.0,1.0
Multi-sweep,128,285,5,1.6,0,3,1.0,1.0,1.0
Multi-sweep,128,286,5,1.6,0,5,1.0,1.0,1.0
Multi-sweep,128,287,5,2.8,2,5,1.0,1.0,1.0
Multi-sweep,128,288,5,1.6,0,3,1.0,1.0,1.0
Multi-sweep,128,289,5,2.8,1,5,1.0,1.0,1.0
Multi-sweep,128,29,5,1.8,1,3,1.0,1.0,1.0
Multi-sweep,128,290,5,11.8,9,15,0.8,1.0,0.8
Multi-sweep,128,291,5,0.8,0,2,1.0,1.0,1.0
Multi-sweep,128,292,5,1.6,0,3,1.0,1.0,1.0
Multi-sweep,128,293,5,0.4,0,1,1.0,1.0,1.0
Multi-sweep,128,294,5,1.2,0,3,1.0,1.0,1.0
Multi-sweep,128,295,5,0.6,0,1,1.0,1.0,1.0
Multi-sweep,128,296,5,1.8,0,3,1.0,1.0,1.0
Multi-sweep,128,297,5,3.2,2,5,1.0,1.0,1.0
Multi-sweep,128,298,5,1.4,0,4,1.0,1.0,1.0
Multi-sweep,128,299,5,1.0,0,5,1.0,1.0,1.0
Multi-sweep,128,3,5,1.0,0,2,1.0,1.0,1.0
Multi-sweep,128,30,5,0.6,0,3,1.0,1.0,1.0
Multi-sweep,128,300,5,1.4,0,2,1.0,1.0,1.0
Multi-sweep,128,301,5,1.2,0,3,1.0,1.0,1.0
Multi-sweep,128,302,5,1.0,0,3,1.0,1.0,1.0
Multi-sweep,128,303,5,1.8,0,3,1.0,1.0,1.0
Multi-sweep,128,304,5,2.0,0,6,1.0,1.0,1.0
Multi-sweep,128,305,5,0.2,0,1,1.0,1.0,1.0
Multi-sweep,128,306,5,2.0,0,4,1.0,1.0,1.0
Multi-sweep,128,307,5,0.8,0,2,1.0,1.0,1.0
Multi-sweep,128,308,5,0.4,0,1,1.0,1.0,1.0
Multi-sweep,128,309,5,0.6,0,2,1.0,1.0,1.0
Multi-sweep,128,31,5,1.4,0,4,1.0,1.0,1.0
Multi-sweep,128,32,5,5.4,2,12,1.0,1.0,1.0
Multi-sweep,128,33,5,8.0,2,17,0.8,1.0,0.8
Multi-sweep,128,34,5,1.6,0,4,1.0,1.0,1.0
Multi-sweep,128,35,5,0.6,0,1,1.0,1.0,1.0
Multi-sweep,128,36,5,3.2,1,6,1.0,1.0,1.0
Multi-sweep,128,37,5,0.6,0,2,1.0,1.0,1.0
Multi-sweep,128,38,5,1.0,1,1,1.0,1.0,1.0
Multi-sweep,128,39,5,0.6,0,2,1.0,1.0,1.0
Multi-sweep,128,4,5,0.8,0,4,1.0,1.0,1.0
Multi-sweep,128,40,5,2.6,0,10,1.0,1.0,1.0
Multi-sweep,128,41,5,4.0,1,10,1.0,1.0,1.0
Multi-sweep,128,42,5,1.2,0,4,1.0,1.0,1.0
Multi-sweep,128,43,5,0.2,0,1,1.0,1.0,1.0
Multi-sweep,128,44,5,2.2,0,4,1.0,1.0,1.0
Multi-sweep,128,45,5,2.0,0,4,1.0,1.0,1.0
Multi-sweep,128,46,5,1.0,0,4,1.0,1.0,1.0
Multi-sweep,128,47,5,1.4,1,2,1.0,1.0,1.0
Multi-sweep,128,48,5,2.0,0,7,1.0,1.0,1.0
Multi-sweep,128,49,5,0.4,0,2,1.0,1.0,1.0
Multi-sweep,128,5,5,1.0,0,2,1.0,1.0,1.0
Multi-sweep,128,50,5,2.4,0,6,1.0,1.0,1.0
Multi-sweep,128,51,5,1.6,0,3,1.0,1.0,1.0
Multi-sweep,128,52,5,4.0,1,10,1.0,1.0,1.0
Multi-sweep,128,53,5,1.8,0,4,1.0,1.0,1.0
Multi-sweep,128,54,5,0.6,0,2,1.0,1.0,1.0
Multi-sweep,128,55,5,1.6,0,3,1.0,1.0,1.0
Multi-sweep,128,56,5,0.8,0,2,1.0,1.0,1.0
Multi-sweep,128,57,5,0.8,0,2,1.0,1.0,1.0
Multi-sweep,128,58,5,4.6,2,6,1.0,1.0,1.0
Multi-sweep,128,59,5,0.4,0,1,1.0,1.0,1.0
Multi-sweep,128,6,5,1.4,1,3,1.0,1.0,1.0
Multi-sweep,128,60,5,0.6,0,2,1.0,1.0,1.0
Multi-sweep,128,61,5,1.0,0,2,1.0,1.0,1.0
Multi-sweep,128,62,5,4.2,3,6,1.0,1.0,1.0
Multi-sweep,128,63,5,22.0,14,37,0.2,1.0,0.2
Multi-sweep,128,64,5,2.6,0,5,1.0,1.0,1.0
Multi-sweep,128,65,5,1.4,0,2,1.0,1.0,1.0
Multi-sweep,128,66,5,0.8,0,2,1.0,1.0,1.0
Multi-sweep,128,67,5,0.8,0,2,1.0,1.0,1.0
Multi-sweep,128,68,5,1.2,0,2,1.0,1.0,1.0
Multi-sweep,128,69,5,0.4,0,1,1.0,1.0,1.0
Multi-sweep,128,7,5,1.2,1,2,1.0,1.0,1.0
Multi-sweep,128,70,5,1.2,0,2,1.0,1.0,1.0
Multi-sweep,128,71,5,1.6,0,3,1.0,1.0,1.0
Multi-sweep,128,72,5,1.4,1,2,1.0,1.0,1.0
Multi-sweep,128,73,5,1.4,0,3,1.0,1.0,1.0
Multi-sweep,128,74,5,0.8,0,2,1.0,1.0,1.0
Multi-sweep,128,75,5,0.2,0,1,1.0,1.0,1.0
Multi-sweep,128,76,5,3.4,2,5,1.0,1.0,1.0
Multi-sweep,128,77,5,1.6,1,3,1.0,1.0,1.0
Multi-sweep,128,78,5,1.4,0,4,1.0,1.0,1.0
Multi-sweep,128,79,5,1.2,0,2,1.0,1.0,1.0
Multi-sweep,128,8,5,0.8,0,2,1.0,1.0,1.0
Multi-sweep,128,80,5,2.4,0,7,1.0,1.0,1.0
Multi-sweep,128,81,5,1.2,0,2,1.0,1.0,1.0
Multi-sweep,128,82,5,1.0,0,2,1.0,1.0,1.0
Multi-sweep,128,83,5,1.8,1,3,1.0,1.0,1.0
Multi-sweep,128,84,5,1.0,0,3,1.0,1.0,1.0
Multi-sweep,128,85,5,0.4,0,1,1.0,1.0,1.0
Multi-sweep,128,86,5,3.2,0,6,1.0,1.0,1.0
Multi-sweep,128,87,5,2.0,0,5,1.0,1.0,1.0
Multi-sweep,128,88,5,1.0,0,3,1.0,1.0,1.0
Multi-sweep,128,89,5,0.4,0,2,1.0,1.0,1.0
Multi-sweep,128,9,5,1.0,0,2,1.0,1.0,1.0
Multi-sweep,128,90,5,1.6,0,4,1.0,1.0,1.0
Multi-sweep,128,91,5,1.0,1,1,1.0,1.0,1.0
Multi-sweep,128,92,5,1.2,0,3,1.0,1.0,1.0
Multi-sweep,128,93,5,0.8,0,1,1.0,1.0,1.0
Multi-sweep,128,94,5,0.2,0,1,1.0,1.0,1.0
Multi-sweep,128,95,5,2.2,0,7,1.0,1.0,1.0
Multi-sweep,128,96,5,1.4,0,4,1.0,1.0,1.0
Multi-sweep,128,97,5,2.0,0,4,1.0,1.0,1.0
Multi-sweep,128,98,5,2.2,0,5,1.0,1.0,1.0
Multi-sweep,128,99,5,2.2,0,5,1.0,1.0,1.0
Single-sweep,128,1,20,1.45,0,3,1.0,1.0,1.0
Single-sweep,128,10,20,0.45,0,2,1.0,1.0,1.0
Single-sweep,128,100,20,2.85,0,9,1.0,1.0,1.0
Single-sweep,128,101,20,4.8,1,11,1.0,1.0,1.0
Single-sweep,128,102,20,1.7,0,9,1.0,1.0,1.0
Single-sweep,128,103,20,2.0,0,5,1.0,1.0,1.0
Single-sweep,128,104,20,1.55,0,4,1.0,1.0,1.0
Single-sweep,128,105,20,2.4,0,6,1.0,1.0,1.0
Single-sweep,128,106,20,5.45,0,15,0.95,1.0,0.95
Single-sweep,128,107,20,4.55,1,10,1.0,1.0,1.0
Single-sweep,128,108,20,2.5,0,5,1.0,1.0,1.0
Single-sweep,128,109,20,1.9,0,5,1.0,1.0,1.0
Single-sweep,128,11,20,1.45,0,5,1.0,1.0,1.0
Single-sweep,128,110,20,1.95,0,4,1.0,1.0,1.0
Single-sweep,128,111,20,2.3,0,5,1.0,1.0,1.0
Single-sweep,128,112,20,1.8,0,5,1.0,1.0,1.0
Single-sweep,128,113,20,0.75,0,2,1.0,1.0,1.0
Single-sweep,128,114,20,2.3,0,7,1.0,1.0,1.0
Single-sweep,128,115,20,1.8,0,6,1.0,1.0,1.0
Single-sweep,128,116,20,3.55,0,10,1.0,1.0,1.0
Single-sweep,128,117,20,1.7,0,4,1.0,1.0,1.0
Single-sweep,128,118,20,0.7,0,2,1.0,1.0,1.0
Single-sweep,128,119,20,2.05,0,5,1.0,1.0,1.0
Single-sweep,128,12,20,3.1,0,7,1.0,1.0,1.0
Single-sweep,128,120,20,1.95,0,5,1.0,1.0,1.0
Single-sweep,128,121,20,1.35,0,3,1.0,1.0,1.0
Single-sweep,128,122,20,6.05,3,14,1.0,1.0,1.0
Single-sweep,128,123,20,7.3,2,18,0.9,1.0,0.9
Single-sweep,128,124,20,4.0,0,9,1.0,1.0,1.0
Single-sweep,128,125,20,4.95,1,10,1.0,1.0,1.0
Single-sweep,128,126,20,3.6,0,9,1.0,1.0,1.0
Single-sweep,128,127,20,3.55,1,10,1.0,1.0,1.0
Single-sweep,128,128,20,2.2,0,6,1.0,1.0,1.0
Single-sweep,128,129,20,5.5,1,11,1.0,1.0,1.0
Single-sweep,128,13,20,0.5,0,2,1.0,1.0,1.0
Single-sweep,128,130,20,1.75,0,4,1.0,1.0,1.0
Single-sweep,128,131,20,0.75,0,2,1.0,1.0,1.0
Single-sweep,128,132,20,1.35,0,4,1.0,1.0,1.0
Single-sweep,128,133,20,1.8,0,6,1.0,1.0,1.0
Single-sweep,128,134,20,1.4,0,4,1.0,1.0,1.0
Single-sweep,128,135,20,1.3,0,4,1.0,1.0,1.0
Single-sweep,128,136,20,1.85,0,6,1.0,1.0,1.0
Single-sweep,128,137,20,1.5,0,4,1.0,1.0,1.0
Single-sweep,128,138,20,1.85,0,5,1.0,1.0,1.0
Single-sweep,128,139,20,1.35,0,6,1.0,1.0,1.0
Single-sweep,128,14,20,0.65,0,5,1.0,1.0,1.0
Single-sweep,128,140,20,1.55,0,6,1.0,1.0,1.0
Single-sweep,128,15,20,2.35,0,5,1.0,1.0,1.0
Single-sweep,128,151,20,3.35,0,9,1.0,1.0,1.0
Single-sweep,128,152,20,1.15,0,3,1.0,1.0,1.0
Single-sweep,128,153,20,5.6,0,11,1.0,1.0,1.0
Single-sweep,128,154,20,3.7,0,12,1.0,1.0,1.0
Single-sweep,128,155,20,3.05,0,8,1.0,1.0,1.0
Single-sweep,128,156,20,2.9,0,8,1.0,1.0,1.0
Single-sweep,128,157,20,1.8,0,4,1.0,1.0,1.0
Single-sweep,128,158,20,1.55,0,4,1.0,1.0,1.0
Single-sweep,128,159,20,2.95,0,5,1.0,1.0,1.0
Single-sweep,128,16,20,0.35,0,2,1.0,1.0,1.0
Single-sweep,128,160,20,1.45,0,4,1.0,1.0,1.0
Single-sweep,128,161,20,0.55,0,2,1.0,1.0,1.0
Single-sweep,128,162,20,3.65,0,8,1.0,1.0,1.0
Single-sweep,128,163,20,4.3,1,8,1.0,1.0,1.0
Single-sweep,128,164,20,2.55,0,7,1.0,1.0,1.0
Single-sweep,128,165,20,1.25,0,4,1.0,1.0,1.0
Single-sweep,128,166,20,1.25,0,5,1.0,1.0,1.0
Single-sweep,128,167,20,7.85,0,21,0.7,1.0,0.7
Single-sweep,128,168,20,5.8,1,14,1.0,1.0,1.0
Single-sweep,128,169,20,0.9,0,4,1.0,1.0,1.0
Single-sweep,128,17,20,1.1,0,6,1.0,1.0,1.0
Single-sweep,128,170,20,2.55,0,7,1.0,1.0,1.0
Single-sweep,128,171,20,1.9,1,5,1.0,1.0,1.0
Single-sweep,128,172,20,1.6,0,4,1.0,1.0,1.0
Single-sweep,128,173,20,0.65,0,3,1.0,1.0,1.0
Single-sweep,128,174,20,1.5,0,4,1.0,1.0,1.0
Single-sweep,128,175,20,1.65,0,4,1.0,1.0,1.0
Single-sweep,128,176,20,3.35,0,7,1.0,1.0,1.0
Single-sweep,128,177,20,4.6,1,10,1.0,1.0,1.0
Single-sweep,128,178,20,1.15,0,3,1.0,1.0,1.0
Single-sweep,128,179,20,2.35,0,7,1.0,1.0,1.0
Single-sweep,128,18,20,4.2,0,10,1.0,1.0,1.0
Single-sweep,128,180,20,1.4,0,4,1.0,1.0,1.0
Single-sweep,128,181,20,1.4,0,6,1.0,1.0,1.0
Single-sweep,128,182,20,2.9,0,7,1.0,1.0,1.0
Single-sweep,128,183,20,1.0,0,3,1.0,1.0,1.0
Single-sweep,128,184,20,1.55,0,3,1.0,1.0,1.0
Single-sweep,128,185,20,1.5,0,3,1.0,1.0,1.0
Single-sweep,128,186,20,1.2,0,4,1.0,1.0,1.0
Single-sweep,128,187,20,3.85,0,11,1.0,1.0,1.0
Single-sweep,128,188,20,3.95,0,11,1.0,1.0,1.0
Single-sweep,128,189,20,0.9,0,3,1.0,1.0,1.0
Single-sweep,128,19,20,3.5,0,12,1.0,1.0,1.0
Single-sweep,128,190,20,2.95,0,7,1.0,1.0,1.0
Single-sweep,128,191,20,3.4,0,7,1.0,1.0,1.0
Single-sweep,128,192,20,0.9,0,3,1.0,1.0,1.0
Single-sweep,128,193,20,2.2,0,7,1.0,1.0,1.0
Single-sweep,128,194,20,2.0,0,6,1.0,1.0,1.0
Single-sweep,128,195,20,3.15,0,12,1.0,1.0,1.0
Single-sweep,128,196,20,1.6,0,5,1.0,1.0,1.0
Single-sweep,128,197,20,3.4,0,8,1.0,1.0,1.0
Single-sweep,128,198,20,1.4,0,5,1.0,1.0,1.0
Single-sweep,128,199,20,1.5,0,3,1.0,1.0,1.0
Single-sweep,128,2,20,2.8,0,9,1.0,1.0,1.0
Single-sweep,128,20,20,21.75,0,55,0.6,0.6,0.6
Single-sweep,128,200,20,0.95,0,2,1.0,1.0,1.0
Single-sweep,128,202,20,6.15,0,15,0.85,1.0,0.85
Single-sweep,128,203,20,2.9,0,8,1.0,1.0,1.0
Single-sweep,128,204,20,1.4,0,3,1.0,1.0,1.0
Single-sweep,128,205,20,0.65,0,2,1.0,1.0,1.0
Single-sweep,128,206,20,5.35,2,11,1.0,1.0,1.0
Single-sweep,128,207,20,4.1,1,10,1.0,1.0,1.0
Single-sweep,128,208,20,2.1,0,5,1.0,1.0,1.0
Single-sweep,128,209,20,0.7,0,3,1.0,1.0,1.0
Single-sweep,128,21,20,21.95,0,55,0.6,0.6,0.6
Single-sweep,128,210,20,1.85,0,4,1.0,1.0,1.0
Single-sweep,128,211,20,0.8,0,3,1.0,1.0,1.0
Single-sweep,128,212,20,2.65,1,7,1.0,1.0,1.0
Single-sweep,128,213,20,2.9,1,8,1.0,1.0,1.0
Single-sweep,128,214,20,0.85,0,4,1.0,1.0,1.0
Single-sweep,128,215,20,3.05,0,10,1.0,1.0,1.0
Single-sweep,128,216,20,3.4,0,11,1.0,1.0,1.0
Single-sweep,128,217,20,0.55,0,2,1.0,1.0,1.0
Single-sweep,128,218,20,4.5,0,9,1.0,1.0,1.0
Single-sweep,128,219,20,0.8,0,3,1.0,1.0,1.0
Single-sweep,128,22,20,19.8,0,53,0.6,0.7,0.6
Single-sweep,128,220,20,3.05,0,6,1.0,1.0,1.0
Single-sweep,128,221,20,3.35,0,9,1.0,1.0,1.0
Single-sweep,128,222,20,2.1,0,4,1.0,1.0,1.0
Single-sweep,128,223,20,1.25,0,4,1.0,1.0,1.0
Single-sweep,128,224,20,0.9,0,3,1.0,1.0,1.0
Single-sweep,128,225,20,1.4,0,4,1.0,1.0,1.0
Single-sweep,128,226,20,3.45,0,9,1.0,1.0,1.0
Single-sweep,128,227,20,4.45,0,11,1.0,1.0,1.0
Single-sweep,128,228,20,2.55,0,8,1.0,1.0,1.0
Single-sweep,128,229,20,2.0,0,5,1.0,1.0,1.0
Single-sweep,128,23,20,2.35,0,7,1.0,1.0,1.0
Single-sweep,128,230,20,0.65,0,2,1.0,1.0,1.0
Single-sweep,128,231,20,3.85,0,9,1.0,1.0,1.0
Single-sweep,128,232,20,2.65,1,6,1.0,1.0,1.0
Single-sweep,128,233,20,5.95,0,12,1.0,1.0,1.0
Single-sweep,128,234,20,3.4,0,7,1.0,1.0,1.0
Single-sweep,128,235,20,7.95,0,20,0.75,1.0,0.75
Single-sweep,128,236,20,1.05,0,4,1.0,1.0,1.0
Single-sweep,128,237,20,1.45,0,3,1.0,1.0,1.0
Single-sweep,128,238,20,3.95,0,9,1.0,1.0,1.0
Single-sweep,128,239,20,1.55,0,4,1.0,1.0,1.0
Single-sweep,128,24,20,1.95,0,4,1.0,1.0,1.0
Single-sweep,128,240,20,1.25,0,7,1.0,1.0,1.0
Single-sweep,128,241,20,4.35,0,13,1.0,1.0,1.0
Single-sweep,128,242,20,4.1,0,8,1.0,1.0,1.0
Single-sweep,128,243,20,1.95,0,5,1.0,1.0,1.0
Single-sweep,128,244,20,0.15,0,1,1.0,1.0,1.0
Single-sweep,128,245,20,1.2,0,4,1.0,1.0,1.0
Single-sweep,128,246,20,3.1,0,7,1.0,1.0,1.0
Single-sweep,128,247,20,1.55,0,5,1.0,1.0,1.0
Single-sweep,128,248,20,1.35,0,4,1.0,1.0,1.0
Single-sweep,128,249,20,0.3,0,2,1.0,1.0,1.0
Single-sweep,128,25,20,1.05,0,3,1.0,1.0,1.0
Single-sweep,128,250,20,5.4,0,11,1.0,1.0,1.0
Single-sweep,128,251,20,2.75,0,8,1.0,1.0,1.0
Single-sweep,128,252,20,1.8,0,3,1.0,1.0,1.0
Single-sweep,128,255,20,0.8,0,3,1.0,1.0,1.0
Single-sweep,128,256,20,1.2,0,4,1.0,1.0,1.0
Single-sweep,128,257,20,0.8,0,4,1.0,1.0,1.0
Single-sweep,128,259,20,4.9,0,12,1.0,1.0,1.0
Single-sweep,128,26,20,2.7,0,7,1.0,1.0,1.0
Single-sweep,128,260,20,2.05,0,6,1.0,1.0,1.0
Single-sweep,128,261,20,4.05,0,10,1.0,1.0,1.0
Single-sweep,128,262,20,2.6,0,6,1.0,1.0,1.0
Single-sweep,128,263,20,1.85,0,5,1.0,1.0,1.0
Single-sweep,128,264,20,2.25,0,6,1.0,1.0,1.0
Single-sweep,128,265,20,1.4,0,3,1.0,1.0,1.0
Single-sweep,128,266,20,2.2,0,6,1.0,1.0,1.0
Single-sweep,128,267,20,3.45,0,11,1.0,1.0,1.0
Single-sweep,128,268,20,1.95,0,4,1.0,1.0,1.0
Single-sweep,128,269,20,6.95,0,15,0.8,1.0,0.8
Single-sweep,128,27,20,1.65,0,4,1.0,1.0,1.0
Single-sweep,128,270,20,3.1,1,12,1.0,1.0,1.0
Single-sweep,128,271,20,3.75,0,10,1.0,1.0,1.0
Single-sweep,128,272,20,1.6,0,4,1.0,1.0,1.0
Single-sweep,128,273,20,2.75,0,6,1.0,1.0,1.0
Single-sweep,128,274,20,2.35,1,7,1.0,1.0,1.0
Single-sweep,128,275,20,1.3,0,6,1.0,1.0,1.0
Single-sweep,128,276,20,3.55,0,7,1.0,1.0,1.0
Single-sweep,128,277,20,1.8,0,6,1.0,1.0,1.0
Single-sweep,128,278,20,4.75,0,14,1.0,1.0,1.0
Single-sweep,128,279,20,4.5,0,15,0.95,1.0,0.95
Single-sweep,128,28,20,1.1,0,4,1.0,1.0,1.0
Single-sweep,128,280,20,3.3,0,8,1.0,1.0,1.0
Single-sweep,128,281,20,1.7,0,4,1.0,1.0,1.0
Single-sweep,128,282,20,2.35,0,6,1.0,1.0,1.0
Single-sweep,128,283,20,1.1,0,4,1.0,1.0,1.0
Single-sweep,128,284,20,1.5,0,4,1.0,1.0,1.0
Single-sweep,128,285,20,2.35,0,5,1.0,1.0,1.0
Single-sweep,128,286,20,2.35,0,7,1.0,1.0,1.0
Single-sweep,128,287,20,1.95,0,5,1.0,1.0,1.0
Single-sweep,128,288,20,1.8,0,4,1.0,1.0,1.0
Single-sweep,128,289,20,1.35,0,5,1.0,1.0,1.0
Single-sweep,128,29,20,2.05,0,8,1.0,1.0,1.0
Single-sweep,128,290,20,11.4,1,21,0.45,1.0,0.45
Single-sweep,128,291,20,1.9,0,4,1.0,1.0,1.0
Single-sweep,128,292,20,2.75,0,8,1.0,1.0,1.0
Single-sweep,128,293,20,0.35,0,1,1.0,1.0,1.0
Single-sweep,128,294,20,1.75,0,5,1.0,1.0,1.0
Single-sweep,128,295,20,0.55,0,1,1.0,1.0,1.0
Single-sweep,128,296,20,1.3,0,4,1.0,1.0,1.0
Single-sweep,128,297,20,2.0,0,4,1.0,1.0,1.0
Single-sweep,128,298,20,2.25,0,6,1.0,1.0,1.0
Single-sweep,128,299,20,2.7,0,8,1.0,1.0,1.0
Single-sweep,128,3,20,1.45,0,5,1.0,1.0,1.0
Single-sweep,128,30,20,1.4,0,4,1.0,1.0,1.0
Single-sweep,128,300,20,2.35,0,5,1.0,1.0,1.0
Single-sweep,128,301,20,2.0,0,5,1.0,1.0,1.0
Single-sweep,128,302,20,0.85,0,3,1.0,1.0,1.0
Single-sweep,128,303,20,1.65,0,4,1.0,1.0,1.0
Single-sweep,128,304,20,2.6,0,6,1.0,1.0,1.0
Single-sweep,128,305,20,1.7,0,4,1.0,1.0,1.0
Single-sweep,128,306,20,2.5,0,9,1.0,1.0,1.0
Single-sweep,128,307,20,1.5,0,4,1.0,1.0,1.0
Single-sweep,128,308,20,1.15,0,4,1.0,1.0,1.0
Single-sweep,128,309,20,0.15,0,1,1.0,1.0,1.0
Single-sweep,128,31,20,2.55,0,8,1.0,1.0,1.0
Single-sweep,128,32,20,4.3,0,11,1.0,1.0,1.0
Single-sweep,128,33,20,8.5,0,18,0.8,1.0,0.8
Single-sweep,128,34,20,5.1,0,10,1.0,1.0,1.0
Single-sweep,128,35,20,1.1,0,3,1.0,1.0,1.0
Single-sweep,128,36,20,4.35,1,10,1.0,1.0,1.0
Single-sweep,128,37,20,0.85,0,2,1.0,1.0,1.0
Single-sweep,128,38,20,1.2,0,3,1.0,1.0,1.0
Single-sweep,128,39,20,1.85,0,3,1.0,1.0,1.0
Single-sweep,128,4,20,0.65,0,4,1.0,1.0,1.0
Single-sweep,128,40,20,5.9,0,14,1.0,1.0,1.0
Single-sweep,128,41,20,3.85,0,13,1.0,1.0,1.0
Single-sweep,128,42,20,1.45,0,3,1.0,1.0,1.0
Single-sweep,128,43,20,0.65,0,3,1.0,1.0,1.0
Single-sweep,128,44,20,2.1,0,4,1.0,1.0,1.0
Single-sweep,128,45,20,1.4,0,3,1.0,1.0,1.0
Single-sweep,128,46,20,1.55,0,5,1.0,1.0,1.0
Single-sweep,128,47,20,1.3,0,4,1.0,1.0,1.0
Single-sweep,128,48,20,1.9,0,6,1.0,1.0,1.0
Single-sweep,128,49,20,2.3,0,7,1.0,1.0,1.0
Single-sweep,128,5,20,1.5,0,4,1.0,1.0,1.0
Single-sweep,128,50,20,2.15,0,7,1.0,1.0,1.0
Single-sweep,128,51,20,2.3,0,5,1.0,1.0,1.0
Single-sweep,128,52,20,3.65,0,10,1.0,1.0,1.0
Single-sweep,128,53,20,1.35,0,6,1.0,1.0,1.0
Single-sweep,128,54,20,0.7,0,2,1.0,1.0,1.0
Single-sweep,128,55,20,1.75,0,4,1.0,1.0,1.0
Single-sweep,128,56,20,1.55,0,3,1.0,1.0,1.0
Single-sweep,128,57,20,1.3,0,4,1.0,1.0,1.0
Single-sweep,128,58,20,3.75,0,10,1.0,1.0,1.0
Single-sweep,128,59,20,0.4,0,3,1.0,1.0,1.0
Single-sweep,128,6,20,1.1,0,5,1.0,1.0,1.0
Single-sweep,128,60,20,1.4,0,4,1.0,1.0,1.0
Single-sweep,128,61,20,1.85,0,4,1.0,1.0,1.0
Single-sweep,128,62,20,5.3,0,12,1.0,1.0,1.0
Single-sweep,128,63,20,25.15,0,47,0.4,0.45,0.4
Single-sweep,128,64,20,1.35,0,4,1.0,1.0,1.0
Single-sweep,128,65,20,1.95,0,5,1.0,1.0,1.0
Single-sweep,128,66,20,0.3,0,1,1.0,1.0,1.0
Single-sweep,128,67,20,1.1,0,5,1.0,1.0,1.0
Single-sweep,128,68,20,0.4,0,2,1.0,1.0,1.0
Single-sweep,128,69,20,0.3,0,2,1.0,1.0,1.0
Single-sweep,128,7,20,0.95,0,3,1.0,1.0,1.0
Single-sweep,128,70,20,0.5,0,3,1.0,1.0,1.0
Single-sweep,128,71,20,1.55,0,5,1.0,1.0,1.0
Single-sweep,128,72,20,2.2,0,5,1.0,1.0,1.0
Single-sweep,128,73,20,1.3,0,4,1.0,1.0,1.0
Single-sweep,128,74,20,1.85,0,6,1.0,1.0,1.0
Single-sweep,128,75,20,1.15,0,5,1.0,1.0,1.0
Single-sweep,128,76,20,1.95,0,5,1.0,1.0,1.0
Single-sweep,128,77,20,2.2,0,7,1.0,1.0,1.0
Single-sweep,128,78,20,2.1,0,6,1.0,1.0,1.0
Single-sweep,128,79,20,1.4,0,3,1.0,1.0,1.0
Single-sweep,128,8,20,1.3,0,4,1.0,1.0,1.0
Single-sweep,128,80,20,3.2,1,9,1.0,1.0,1.0
Single-sweep,128,81,20,1.7,0,4,1.0,1.0,1.0
Single-sweep,128,82,20,0.8,0,3,1.0,1.0,1.0
Single-sweep,128,83,20,1.2,0,6,1.0,1.0,1.0
Single-sweep,128,84,20,1.25,0,4,1.0,1.0,1.0
Single-sweep,128,85,20,1.05,0,2,1.0,1.0,1.0
Single-sweep,128,86,20,3.8,0,12,1.0,1.0,1.0
Single-sweep,128,87,20,3.2,0,7,1.0,1.0,1.0
Single-sweep,128,88,20,2.1,0,4,1.0,1.0,1.0
Single-sweep,128,89,20,1.1,0,3,1.0,1.0,1.0
Single-sweep,128,9,20,1.65,0,4,1.0,1.0,1.0
Single-sweep,128,90,20,2.3,0,6,1.0,1.0,1.0
Single-sweep,128,91,20,1.35,0,4,1.0,1.0,1.0
Single-sweep,128,92,20,0.9,0,2,1.0,1.0,1.0
Single-sweep,128,93,20,1.0,0,3,1.0,1.0,1.0
Single-sweep,128,94,20,1.3,0,5,1.0,1.0,1.0
Single-sweep,128,95,20,1.45,0,5,1.0,1.0,1.0
Single-sweep,128,96,20,1.9,0,5,1.0,1.0,1.0
Single-sweep,128,97,20,3.2,1,7,1.0,1.0,1.0
Single-sweep,128,98,20,4.15,0,11,1.0,1.0,1.0
Single-sweep,128,99,20,3.75,1,9,1.0,1.0,1.0
