Method,Scenario,Seed,ID_Bits,Fold,Training_Indices,Authentication_Index,Devices,Enrollment_Rows,Parameter_Count,Fit_Seconds,Mean_Transform_Milliseconds,Directed_Impostor_Comparisons,Unique_Identifiers,Collision_Rate,Empirical_Codeword_Entropy_Bits,Mean_Absolute_Bit_Bias,Mean_Absolute_Bit_Correlation,Final_Total_Loss,Final_Reconstruction_Loss,Final_Classification_Loss,Final_Balance_Loss,Final_Decorrelation_Loss,Final_Quantization_Loss,Intra_Mean,Intra_Mean_Normalized,Intra_Std,Intra_Min,Intra_Max,Intra_Q05,Intra_Median,Intra_Q95,Intra_Count,Inter_Mean,Inter_Mean_Normalized,Inter_Std,Inter_Min,Inter_Max,Inter_Q05,Inter_Median,Inter_Q95,Inter_Count,Fixed_Threshold,FAR_At_Fixed_Threshold,FRR_At_Fixed_Threshold,Descriptive_EER,Descriptive_EER_Threshold,Minimum_Balanced_Error,Minimum_Balanced_Error_Threshold,Empirical_Overlap_Coefficient
Supervised autoencoder,Single-sweep,20260903,128,enroll_1_test_2,1,2,295,295,2174281,3.785631900012959,0.7787037293537188,86730,294,0.003389830508474523,8.197791483232255,0.0016949152542372614,0.3229642709658875,0.6322214007377625,0.14862896502017975,1.9237651824951172,0.013629056513309479,0.13678216934204102,0.060187362134456635,1.688135593220339,0.013188559322033899,3.451958171769638,0,42,0.0,1.0,4.0,295,64.21201429724432,0.5016563616972213,25.55821363356849,0,118,20.0,66.0,102.0,86730,14,0.02242591952035051,0.010169491525423728,0.011207194742303701,11,0.010307851954341057,9,0.020050732157269685
Supervised autoencoder,Single-sweep,20260903,128,enroll_1_test_3,1,3,295,295,2174281,3.6327611000160687,0.8424681356823924,86730,294,0.003389830508474523,8.197791483232255,0.0016949152542372614,0.3229642709658875,0.6322214007377625,0.14862896502017975,1.9237651824951172,0.013629056513309479,0.13678216934204102,0.060187362134456635,2.176271186440678,0.017002118644067796,4.776940748994596,0,75,0.0,1.0,7.0,295,64.21028479188286,0.5016428499365848,25.554527909732403,0,119,20.0,67.0,102.0,86730,14,0.022518159806295398,0.006779661016949152,0.011455090510780582,10,0.009575694684653522,11,0.019151389369307045
Supervised autoencoder,Single-sweep,20260903,128,enroll_1_test_4,1,4,295,295,2174281,3.5078808999969624,0.7523318659908816,86730,294,0.003389830508474523,8.197791483232255,0.0016949152542372614,0.3229642709658875,0.6322214007377625,0.14862896502017975,1.9237651824951172,0.013629056513309479,0.13678216934204102,0.060187362134456635,2.247457627118644,0.017558262711864406,2.827787044453076,0,29,0.0,2.0,7.0,295,64.2102156116684,0.5016423094661594,25.543756999461205,0,119,20.0,67.0,102.0,86730,14,0.02263346016372651,0.006779661016949152,0.011143779545716591,11,0.011143779545716591,11,0.022287559091433186
Supervised autoencoder,Single-sweep,20260903,128,enroll_1_test_5,1,5,295,295,2174281,3.2700754000106826,0.7572718633544016,86730,294,0.003389830508474523,8.197791483232255,0.0016949152542372614,0.3229642709658875,0.6322214007377625,0.14862896502017975,1.9237651824951172,0.013629056513309479,0.13678216934204102,0.060187362134456635,2.389830508474576,0.018670550847457626,2.527514906746936,0,15,0.0,2.0,7.0,295,64.21010031131097,0.5016414086821169,25.54676402125249,0,119,20.0,67.0,102.0,86730,14,0.022552749913524732,0.003389830508474576,0.0129136400322841,11,0.01113224950997348,13,0.016315000576501787
Supervised autoencoder,Single-sweep,20260903,128,enroll_2_test_1,2,1,295,295,2174281,3.255800699989777,0.8867267807314204,86730,293,0.006779661016949157,8.191011822215307,0.0016949152542372614,0.3261405035519203,0.6598618626594543,0.15020683407783508,2.0277352333068848,0.015541228465735912,0.13225598633289337,0.06216084212064743,1.8508474576271186,0.014459745762711864,3.2802424873736706,0,36,0.0,1.0,6.0,295,64.21132249509974,0.5016509569929667,25.89034544413448,0,124,19.0,67.0,102.0,86730,14,0.026565202352127292,0.010169491525423728,0.01277527960336677,10,0.01134555517122103,9,0.02269111034244206
Supervised autoencoder,Single-sweep,20260903,128,enroll_2_test_3,2,3,295,295,2174281,3.4560342999757268,0.623218981762243,86730,293,0.006779661016949157,8.191011822215307,0.0016949152542372614,0.3261405035519203,0.6598618626594543,0.15020683407783508,2.0277352333068848,0.015541228465735912,0.13225598633289337,0.06216084212064743,1.4440677966101696,0.01128177966101695,5.137837205658678,0,74,0.0,1.0,4.0,295,64.21215265767324,0.5016574426380722,25.80088325638016,0,121,19.0,67.0,101.0,86730,14,0.026530612244897958,0.010169491525423728,0.012636919174449441,10,0.010163726507552174,8,0.01726046350743687
Supervised autoencoder,Single-sweep,20260903,128,enroll_2_test_4,2,4,295,295,2174281,2.9661846999661066,0.5343183085827504,86730,293,0.006779661016949157,8.191011822215307,0.0016949152542372614,0.3261405035519203,0.6598618626594543,0.15020683407783508,2.0277352333068848,0.015541228465735912,0.13225598633289337,0.06216084212064743,1.5864406779661018,0.01239406779661017,3.4362739682298664,0,36,0.0,1.0,4.0,295,64.21153003574311,0.501652578404243,25.79408088317961,0,121,19.0,67.0,101.0,86730,14,0.026230831315577078,0.010169491525423728,0.014158883892540067,11,0.010134901418194396,8,0.02026980283638879
Supervised autoencoder,Single-sweep,20260903,128,enroll_2_test_5,2,5,295,295,2174281,3.1968991000321694,0.5025311876325158,86730,293,0.006779661016949157,8.191011822215307,0.0016949152542372614,0.3261405035519203,0.6598618626594543,0.15020683407783508,2.0277352333068848,0.015541228465735912,0.13225598633289337,0.06216084212064743,1.7322033898305085,0.013532838983050847,3.1057572541583442,0,36,0.0,1.0,5.0,295,64.21109189438488,0.5016491554248819,25.795224318439136,0,121,19.0,67.0,101.0,86730,14,0.026346131673008186,0.006779661016949152,0.01420500403551251,11,0.011339790153349474,9,0.019451170298627925
Supervised autoencoder,Single-sweep,20260903,128,enroll_3_test_1,3,1,295,295,2174281,2.825849900022149,0.5381972868374344,86730,294,0.003389830508474523,8.197791483232255,0.0016949152542372614,0.3491765677727778,0.7034003734588623,0.15599238872528076,2.1776866912841797,0.018184365704655647,0.14805573225021362,0.059653498232364655,2.152542372881356,0.016816737288135594,4.7724177735725695,0,74,0.0,1.0,6.0,295,64.21042315231178,0.5016439308774358,27.279963808405906,0,122,18.0,67.0,104.0,86730,14,0.03289519197509512,0.006779661016949152,0.011385910296321917,9,0.011385910296321917,9,0.022771820592643835
Supervised autoencoder,Single-sweep,20260903,128,enroll_3_test_2,3,2,295,295,2174281,2.7271744000026956,0.5102379654013252,86730,294,0.003389830508474523,8.197791483232255,0.0016949152542372614,0.3491765677727778,0.7034003734588623,0.15599238872528076,2.1776866912841797,0.018184365704655647,0.14805573225021362,0.059653498232364655,1.376271186440678,0.010752118644067797,4.9710843813204155,0,72,0.0,1.0,4.0,295,64.21328260117606,0.501666270321688,27.246677339325537,0,121,18.0,67.0,104.0,86730,14,0.03303355240401245,0.010169491525423728,0.009985010953533956,8,0.008716707021791767,5,0.016095929897382684
Supervised autoencoder,Single-sweep,20260903,128,enroll_3_test_4,3,4,295,295,2174281,2.7044114000163972,0.5474850837283342,86730,294,0.003389830508474523,8.197791483232255,0.0016949152542372614,0.3491765677727778,0.7034003734588623,0.15599238872528076,2.1776866912841797,0.018184365704655647,0.14805573225021362,0.059653498232364655,1.0372881355932204,0.008103813559322035,4.833482227536,0,72,0.0,0.0,3.0,295,64.21402052346362,0.5016720353395595,27.23045777453609,1,120,18.0,67.0,104.0,86730,14,0.03307967254698489,0.006779661016949152,0.00710826703562781,7,0.005978323532802952,6,0.011956647065605903
Supervised autoencoder,Single-sweep,20260903,128,enroll_3_test_5,3,5,295,295,2174281,2.8056560000404716,0.5242389820168837,86730,294,0.003389830508474523,8.197791483232255,0.0016949152542372614,0.3491765677727778,0.7034003734588623,0.15599238872528076,2.1776866912841797,0.018184365704655647,0.14805573225021362,0.059653498232364655,1.2813559322033898,0.010010593220338983,4.540688108131887,0,73,0.0,1.0,3.0,295,64.21332872131903,0.5016666306353049,27.21121790414379,0,120,18.0,67.0,104.0,86730,14,0.033194972904416004,0.006779661016949152,0.01010607632883662,8,0.007759714055113571,6,0.015404127752796034
Supervised autoencoder,Single-sweep,20260903,128,enroll_4_test_1,4,1,295,295,2174281,2.8281373999780044,0.5934562695891423,86730,294,0.003389830508474523,8.197791483232255,0.0016949152542372614,0.323260483034456,0.648098886013031,0.1494058072566986,1.983740210533142,0.016561144962906837,0.13075166940689087,0.06225199997425079,2.1966101694915254,0.017161016949152542,2.7716964832272533,0,25,0.0,2.0,6.0,295,64.21042315231178,0.5016439308774358,25.444276780847876,0,123,20.0,67.0,101.0,86730,14,0.02368269341634959,0.010169491525423728,0.01349014181943964,11,0.012100772512394789,10,0.024201545024789578
Supervised autoencoder,Single-sweep,20260903,128,enroll_4_test_2,4,2,295,295,2174281,2.8244919999851845,0.5485861039310063,86730,294,0.003389830508474523,8.197791483232255,0.0016949152542372614,0.323260483034456,0.648098886013031,0.1494058072566986,1.983740210533142,0.016561144962906837,0.13075166940689087,0.06225199997425079,1.6542372881355931,0.012923728813559321,3.4556136933871233,0,45,0.0,1.0,5.0,295,64.21261385910296,0.5016610457742419,25.432802521793764,0,122,20.0,67.0,101.0,86730,14,0.02352127291594604,0.010169491525423728,0.010498097544102386,10,0.009270148737461086,9,0.01854029747492217
Supervised autoencoder,Single-sweep,20260903,128,enroll_4_test_3,4,3,295,295,2174281,2.816452400002163,0.4374389818837961,86730,294,0.003389830508474523,8.197791483232255,0.0016949152542372614,0.323260483034456,0.648098886013031,0.1494058072566986,1.983740210533142,0.016561144962906837,0.13075166940689087,0.06225199997425079,1.1016949152542372,0.008606991525423728,4.559116288841308,0,74,0.0,1.0,3.0,295,64.21429724432146,0.5016741972212614,25.42889419952699,0,122,20.0,67.0,101.0,86730,14,0.023290672201083825,0.006779661016949152,0.006462585034013605,8,0.004421768707482994,5,0.008843537414965985
Supervised autoencoder,Single-sweep,20260903,128,enroll_4_test_5,4,5,295,295,2174281,2.6836754999822006,0.5565010176939984,86730,294,0.003389830508474523,8.197791483232255,0.0016949152542372614,0.323260483034456,0.648098886013031,0.1494058072566986,1.983740210533142,0.016561144962906837,0.13075166940689087,0.06225199997425079,0.6915254237288135,0.005402542372881356,1.2629314963557958,0,14,0.0,0.0,3.0,295,64.2155655482532,0.5016841058457281,25.402820228576594,0,122,20.0,67.0,101.0,86730,14,0.023221491986625157,0.0,0.006445289980398939,8,0.004381413582382105,5,0.007586763518966908
Supervised autoencoder,Single-sweep,20260903,128,enroll_5_test_1,5,1,295,295,2174281,2.7654923000372946,0.5358179666149288,86730,295,0.0,8.204571144249204,0.0016949152542372614,0.3238426093064375,0.6533284187316895,0.14981096982955933,2.00325870513916,0.015295777469873428,0.1299150288105011,0.06388715654611588,2.2644067796610168,0.017690677966101694,2.7376042652069073,0,19,0.0,1.0,7.300000000000011,295,64.20982359045313,0.501639246800415,25.345176161685018,0,120,20.0,67.0,101.0,86730,14,0.02512394788423844,0.006779661016949152,0.017427649025711978,12,0.014181943964026288,13,0.02541219877781621
Supervised autoencoder,Single-sweep,20260903,128,enroll_5_test_2,5,2,295,295,2174281,2.952816899982281,0.4754942362354595,86730,295,0.0,8.204571144249204,0.0016949152542372614,0.3238426093064375,0.6533284187316895,0.14981096982955933,2.00325870513916,0.015295777469873428,0.1299150288105011,0.06388715654611588,1.5491525423728814,0.012102754237288136,3.1031239954396677,0,37,0.0,1.0,5.0,295,64.21203735731581,0.5016565418540297,25.327957522132568,1,120,20.0,67.0,101.0,86730,14,0.025204658134440217,0.006779661016949152,0.009737115185057073,9,0.009333563934048196,10,0.018667127868096392
Supervised autoencoder,Single-sweep,20260903,128,enroll_5_test_3,5,3,295,295,2174281,2.7347663000109605,0.5168359314280925,86730,295,0.0,8.204571144249204,0.0016949152542372614,0.3238426093064375,0.6533284187316895,0.14981096982955933,2.00325870513916,0.015295777469873428,0.1299150288105011,0.06388715654611588,1.1491525423728814,0.008977754237288136,4.152467215192711,0,69,0.0,1.0,3.0,295,64.21360544217687,0.5016687925170068,25.312248439888986,1,122,20.0,67.0,101.0,86730,14,0.025158537991467774,0.003389830508474576,0.007062146892655367,8,0.006041738729390061,7,0.011264844921019255
Supervised autoencoder,Single-sweep,20260903,128,enroll_5_test_4,5,4,295,295,2174281,2.665800600021612,0.5368301706088675,86730,295,0.0,8.204571144249204,0.0016949152542372614,0.3238426093064375,0.6533284187316895,0.14981096982955933,2.00325870513916,0.015295777469873428,0.1299150288105011,0.06388715654611588,0.7254237288135593,0.005667372881355932,1.268079218691484,0,16,0.0,0.0,2.0,295,64.21528882739537,0.5016819439640263,25.315706350640436,1,122,20.0,67.0,101.0,86730,14,0.02512394788423844,0.003389830508474576,0.0034936008301625736,6,0.0028940389715208115,5,0.005788077943041623
Supervised autoencoder,Multi-sweep,20260903,128,test_1,"2,3,4,5",1,295,1180,2174281,7.390417799993884,0.658672878329279,86730,295,0.0,8.204571144249204,0.0026483050847457413,0.3232832279793986,0.6584593057632446,0.15083624422550201,2.019787073135376,0.014733431860804558,0.12899449467658997,0.06496866047382355,1.8440677966101695,0.01440677966101695,2.4652876628690024,0,23,0.0,1.0,5.0,295,64.21196817710135,0.5016560013836043,25.448203371965448,1,121,20.0,67.0,101.0,86730,14,0.024305315346477573,0.006779661016949152,0.009045313040470425,10,0.009045313040470425,10,0.01619970021907068
Supervised autoencoder,Multi-sweep,20260903,128,test_2,"1,3,4,5",2,295,1180,2174281,8.36906989995623,0.5013491494691599,86730,295,0.0,8.204571144249204,0.0028072033898304885,0.32353235156125243,0.6458266973495483,0.14833971858024597,1.9793908596038818,0.014272809028625488,0.12898248434066772,0.06357970833778381,1.0,0.0078125,2.835633320182744,0,36,0.0,0.0,3.0,295,64.21367462239132,0.5016693329874322,25.311988665275393,0,121,20.0,67.0,101.0,86730,14,0.02355586302317537,0.010169491525423728,0.010745993312579269,10,0.0076328836619393515,5,0.013755332641531188
Supervised autoencoder,Multi-sweep,20260903,128,test_3,"1,2,4,5",3,295,1180,2174281,7.947529099998064,0.525609492048053,86730,292,0.01016949152542368,8.184232161198358,0.0028866525423728614,0.3255505423454988,0.659559428691864,0.15147645771503448,2.0217437744140625,0.013659907504916191,0.13101798295974731,0.06538397073745728,0.8915254237288136,0.006965042372881356,4.068515588484233,0,68,0.0,0.0,3.0,295,64.21404358353512,0.5016722154963681,25.554181763333,0,121,20.0,67.0,102.0,86730,14,0.024731926668972674,0.003389830508474576,0.003113109650639917,6,0.003113109650639917,6,0.006226219301279834
Supervised autoencoder,Multi-sweep,20260903,128,test_4,"1,2,3,5",4,295,1180,2174281,8.213665499992203,0.5476305065913347,86730,295,0.0,8.204571144249204,0.003098516949152524,0.3249832950471347,0.6578308343887329,0.14967244863510132,2.021831750869751,0.014740548096597195,0.1342698335647583,0.062071848660707474,1.064406779661017,0.008315677966101696,2.4101375120861395,0,27,0.0,1.0,3.0,295,64.21427418424997,0.5016740170644529,25.51784374182515,1,122,20.0,67.0,101.0,86730,14,0.02424766516776202,0.006779661016949152,0.006583650409316268,8,0.006583650409316268,8,0.013167300818632537
Supervised autoencoder,Multi-sweep,20260903,128,test_5,"1,2,3,4",5,295,1180,2174281,8.212381299992558,0.4873888140891568,86730,295,0.0,8.204571144249204,0.002939618644067779,0.3255518673178374,0.6707926988601685,0.15100345015525818,2.0680766105651855,0.015636762604117393,0.1325678527355194,0.06625647097826004,1.2677966101694915,0.009904661016949153,1.8986605265888277,0,22,0.0,1.0,4.0,295,64.21344402167647,0.5016675314193474,25.62807886697362,0,119,20.0,67.0,102.0,86730,14,0.024697336561743343,0.003389830508474576,0.00510204081632653,8,0.00510204081632653,8,0.01020408163265306
Supervised autoencoder,Single-sweep,20260904,128,enroll_1_test_2,1,2,295,295,2174281,3.1863551000133157,0.5749549138580717,86730,295,0.0,8.204571144249204,0.0016949152542372614,0.3232370484637774,0.6125559210777283,0.14433299005031586,1.8619376420974731,0.017278630286455154,0.12666654586791992,0.06079376861453056,1.8271186440677967,0.014274364406779661,3.4167370413429876,0,39,0.0,1.0,6.0,295,64.21088435374149,0.5016475340136054,25.1678654212673,1,121,21.0,66.0,102.0,86730,14,0.019762481263691917,0.010169491525423728,0.010244436757753949,11,0.008042199930819786,9,0.01608439986163957
Supervised autoencoder,Single-sweep,20260904,128,enroll_1_test_3,1,3,295,295,2174281,2.7542011000332423,0.5567522019037378,86730,295,0.0,8.204571144249204,0.0016949152542372614,0.3232370484637774,0.6125559210777283,0.14433299005031586,1.8619376420974731,0.017278630286455154,0.12666654586791992,0.06079376861453056,2.389830508474576,0.018670550847457626,4.824882181609516,0,74,0.0,1.0,7.300000000000011,295,64.20883200737923,0.5016315000576502,25.15552739379673,0,121,21.0,66.0,102.0,86730,14,0.019820131442407473,0.006779661016949152,0.010215611668396171,11,0.009915830739075291,12,0.019831661478150582
Supervised autoencoder,Single-sweep,20260904,128,enroll_1_test_4,1,4,295,295,2174281,2.685725299990736,0.5076091523455867,86730,295,0.0,8.204571144249204,0.0016949152542372614,0.3232370484637774,0.6125559210777283,0.14433299005031586,1.8619376420974731,0.017278630286455154,0.12666654586791992,0.06079376861453056,2.454237288135593,0.01917372881355932,2.835112808581058,0,23,0.0,2.0,8.0,295,64.20860140666436,0.5016296984895653,25.158956195839032,0,120,21.0,66.0,102.0,86730,14,0.019566470656059032,0.006779661016949152,0.011581920903954802,12,0.011432030439294362,13,0.020834774587801225
Supervised autoencoder,Single-sweep,20260904,128,enroll_1_test_5,1,5,295,295,2174281,2.8748451999854296,0.5200491521617997,86730,295,0.0,8.204571144249204,0.0016949152542372614,0.3232370484637774,0.6125559210777283,0.14433299005031586,1.8619376420974731,0.017278630286455154,0.12666654586791992,0.06079376861453056,2.664406779661017,0.020815677966101696,2.6635459659782574,0,15,0.0,2.0,8.0,295,64.2078634843768,0.5016239334716938,25.151186166121217,0,121,21.0,66.0,102.0,86730,14,0.01954341058457281,0.003389830508474576,0.010198316614781506,11,0.009754410238671738,13,0.019508820477343477
Supervised autoencoder,Single-sweep,20260904,128,enroll_2_test_1,2,1,295,295,2174281,2.7961437999620102,0.625023392021214,86730,295,0.0,8.204571144249204,0.0016949152542372614,0.3291585697510537,0.6267706751823425,0.14632920920848846,1.9101495742797852,0.020192112773656845,0.1295710802078247,0.059880416840314865,1.776271186440678,0.013877118644067796,3.4152687857017523,0,38,0.0,1.0,6.300000000000011,295,64.2125446788885,0.5016605053038165,25.65235120355244,1,123,20.0,66.0,103.0,86730,14,0.021572696875360314,0.006779661016949152,0.01063069295514816,11,0.009996540989277066,9,0.01896690879741727
Supervised autoencoder,Single-sweep,20260904,128,enroll_2_test_3,2,3,295,295,2174281,2.9952691000071354,0.7216488151274368,86730,295,0.0,8.204571144249204,0.0016949152542372614,0.3291585697510537,0.6267706751823425,0.14632920920848846,1.9101495742797852,0.020192112773656845,0.1295710802078247,0.059880416840314865,1.4983050847457626,0.01170550847457627,5.427239546056557,0,78,0.0,1.0,4.0,295,64.21245243860255,0.5016597846765825,25.626042212855488,1,123,20.0,66.0,103.0,86730,14,0.021722587340020753,0.010169491525423728,0.010694108151735271,11,0.008520696414158884,7,0.016245820362043122
Supervised autoencoder,Single-sweep,20260904,128,enroll_2_test_4,2,4,295,295,2174281,3.1249075999949127,0.5563325410456224,86730,295,0.0,8.204571144249204,0.0016949152542372614,0.3291585697510537,0.6267706751823425,0.14632920920848846,1.9101495742797852,0.020192112773656845,0.1295710802078247,0.059880416840314865,1.6406779661016948,0.01281779661016949,3.395631379282598,0,37,0.0,1.0,5.0,295,64.21199123717284,0.5016561815404128,25.64901909127667,1,124,20.0,66.0,103.0,86730,14,0.0216649371613052,0.010169491525423728,0.010803643491294822,11,0.00911449325492909,8,0.017410353972097312
Supervised autoencoder,Single-sweep,20260904,128,enroll_2_test_5,2,5,295,295,2174281,2.785648399963975,0.5429884740467168,86730,295,0.0,8.204571144249204,0.0016949152542372614,0.3291585697510537,0.6267706751823425,0.14632920920848846,1.9101495742797852,0.020192112773656845,0.1295710802078247,0.059880416840314865,1.823728813559322,0.014247881355932203,3.2465753271376903,0,37,0.0,1.0,5.0,295,64.21123025481378,0.5016502363657327,25.6209674974781,1,124,20.0,66.0,103.0,86730,14,0.0213420961604981,0.006779661016949152,0.011293670010377031,10,0.009143318344286867,11,0.01578461893231869
Supervised autoencoder,Single-sweep,20260904,128,enroll_3_test_1,3,1,295,295,2174281,2.723098199989181,0.5058406789045212,86730,294,0.003389830508474523,8.197791483232255,0.0016949152542372614,0.32259066373942585,0.6157463788986206,0.14435690641403198,1.8744057416915894,0.01907987892627716,0.12292797863483429,0.06047937273979187,2.233898305084746,0.017452330508474577,4.384132263505366,0,66,0.0,1.0,6.0,295,64.21081517352704,0.50164699354318,25.19897491406645,0,120,21.0,66.0,102.0,86730,14,0.020281332872131904,0.006779661016949152,0.012089242476651677,11,0.010930473884469043,10,0.02107690533840655
Supervised autoencoder,Single-sweep,20260904,128,enroll_3_test_2,3,2,295,295,2174281,2.6495717999641784,0.5319928811563147,86730,294,0.003389830508474523,8.197791483232255,0.0016949152542372614,0.32259066373942585,0.6157463788986206,0.14435690641403198,1.8744057416915894,0.01907987892627716,0.12292797863483429,0.06047937273979187,1.471186440677966,0.01149364406779661,4.731392154199684,0,64,0.0,1.0,4.0,295,64.21295976017525,0.5016637481263692,25.11724507857145,1,120,21.0,66.0,102.0,86730,14,0.019439640262884816,0.010169491525423728,0.010296321918597948,11,0.008226680502709558,9,0.01548483800299781
Supervised autoencoder,Single-sweep,20260904,128,enroll_3_test_4,3,4,295,295,2174281,2.7957329000346363,0.5689915257774419,86730,294,0.003389830508474523,8.197791483232255,0.0016949152542372614,0.32259066373942585,0.6157463788986206,0.14435690641403198,1.8744057416915894,0.01907987892627716,0.12292797863483429,0.06047937273979187,1.0101694915254238,0.007891949152542373,4.030905053385183,0,64,0.0,0.0,3.0,295,64.21445866482186,0.5016754583189208,25.080541793288397,0,120,21.0,66.0,102.0,86730,14,0.019128329297820823,0.006779661016949152,0.006485645105499828,9,0.004917560244436758,7,0.009835120488873516
Supervised autoencoder,Single-sweep,20260904,128,enroll_3_test_5,3,5,295,295,2174281,2.7912761000334285,0.5182911860914428,86730,294,0.003389830508474523,8.197791483232255,0.0016949152542372614,0.32259066373942585,0.6157463788986206,0.14435690641403198,1.8744057416915894,0.01907987892627716,0.12292797863483429,0.06047937273979187,1.1966101694915254,0.009348516949152542,3.996851060764843,0,66,0.0,1.0,3.3000000000000114,295,64.21365156231984,0.5016691528306237,25.063285563417413,0,120,21.0,66.0,101.0,86730,14,0.01908220915484838,0.003389830508474576,0.0032514700795572464,7,0.0032514700795572464,7,0.006502940159114493
Supervised autoencoder,Single-sweep,20260904,128,enroll_4_test_1,4,1,295,295,2174281,2.8958582999766804,0.5163806792490689,86730,295,0.0,8.204571144249204,0.0016949152542372614,0.324363146314601,0.6317374110221863,0.14653001725673676,1.929813265800476,0.016726113855838776,0.12828104197978973,0.06349892914295197,2.4237288135593222,0.018935381355932205,2.8749645950526785,0,21,0.0,2.0,8.0,295,64.21012337138245,0.5016415888389254,25.470698902332895,0,122,21.0,66.0,103.0,86730,14,0.02111149544563588,0.006779661016949152,0.012636919174449441,11,0.012250662977055229,13,0.024501325954110455
Supervised autoencoder,Single-sweep,20260904,128,enroll_4_test_2,4,2,295,295,2174281,2.733487299992703,0.46083423865453926,86730,295,0.0,8.204571144249204,0.0016949152542372614,0.324363146314601,0.6317374110221863,0.14653001725673676,1.929813265800476,0.016726113855838776,0.12828104197978973,0.06349892914295197,1.6135593220338984,0.012605932203389831,3.5108896496006543,0,47,0.0,1.0,5.0,295,64.21231407817365,0.5016587037357316,25.41511790926383,0,122,21.0,66.0,102.0,86730,14,0.020719474230370113,0.010169491525423728,0.0095526346131673,10,0.008497636342672662,9,0.01699527268534532
Supervised autoencoder,Single-sweep,20260904,128,enroll_4_test_3,4,3,295,295,2174281,2.678733700013254,0.5311945765042456,86730,295,0.0,8.204571144249204,0.0016949152542372614,0.324363146314601,0.6317374110221863,0.14653001725673676,1.929813265800476,0.016726113855838776,0.12828104197978973,0.06349892914295197,1.0542372881355933,0.008236228813559322,4.515706604063092,0,74,0.0,0.0,3.0,295,64.2139052231062,0.5016711345555172,25.41980464741618,0,122,21.0,66.0,102.0,86730,14,0.020707944194627004,0.006779661016949152,0.006802721088435374,9,0.005851493139628733,8,0.011011184134670818
Supervised autoencoder,Single-sweep,20260904,128,enroll_4_test_5,4,5,295,295,2174281,2.7184301000088453,0.4925508464497151,86730,295,0.0,8.204571144249204,0.0016949152542372614,0.324363146314601,0.6317374110221863,0.14653001725673676,1.929813265800476,0.016726113855838776,0.12828104197978973,0.06349892914295197,0.7322033898305085,0.0057203389830508475,1.1306552007494006,0,10,0.0,0.0,3.0,295,64.21501210653753,0.5016797820823244,25.401186765782924,1,122,21.0,66.0,102.0,86730,14,0.020604173872939006,0.0,0.0035108958837772397,7,0.0028825089357777008,6,0.004496713939813214
Supervised autoencoder,Single-sweep,20260904,128,enroll_5_test_1,5,1,295,295,2174281,2.647447200026363,0.5699996591813988,86730,294,0.003389830508474523,8.197791483232255,0.0016949152542372614,0.32882899282558253,0.6400012373924255,0.1479356735944748,1.957100749015808,0.01705889031291008,0.13442137837409973,0.0593252032995224,2.5762711864406778,0.020127118644067795,2.7442171097155175,0,18,0.0,2.0,8.0,295,64.20922402859449,0.5016345627233945,25.744522667540476,0,123,20.0,66.0,103.0,86730,14,0.02196471809062608,0.003389830508474576,0.014689265536723164,11,0.011028479188285483,12,0.02205695837657097
Supervised autoencoder,Single-sweep,20260904,128,enroll_5_test_2,5,2,295,295,2174281,2.8628165000118315,0.5454901684770139,86730,294,0.003389830508474523,8.197791483232255,0.0016949152542372614,0.32882899282558253,0.6400012373924255,0.1479356735944748,1.957100749015808,0.01705889031291008,0.13442137837409973,0.0593252032995224,1.823728813559322,0.014247881355932203,3.8583921690633525,0,50,0.0,1.0,5.0,295,64.21132249509974,0.5016509569929667,25.723806549587298,0,122,20.0,66.0,103.0,86730,14,0.021872477804681194,0.006779661016949152,0.009938890810561513,10,0.009938890810561513,10,0.018321226795803065
Supervised autoencoder,Single-sweep,20260904,128,enroll_5_test_3,5,3,295,295,2174281,2.8294276000233367,0.5476481368039119,86730,294,0.003389830508474523,8.197791483232255,0.0016949152542372614,0.32882899282558253,0.6400012373924255,0.1479356735944748,1.957100749015808,0.01705889031291008,0.13442137837409973,0.0593252032995224,1.311864406779661,0.010248940677966101,4.662525546455254,0,78,0.0,1.0,3.3000000000000114,295,64.21323648103309,0.501665910008071,25.695381504466898,0,122,20.0,66.0,103.0,86730,14,0.02190706791191053,0.003389830508474576,0.0059898535685460625,8,0.005223106191629194,7,0.008278565663553557
Supervised autoencoder,Single-sweep,20260904,128,enroll_5_test_4,5,4,295,295,2174281,2.6296444999752566,0.48500033868950304,86730,294,0.003389830508474523,8.197791483232255,0.0016949152542372614,0.32882899282558253,0.6400012373924255,0.1479356735944748,1.957100749015808,0.01705889031291008,0.13442137837409973,0.0593252032995224,0.7152542372881356,0.00558792372881356,1.0912162532394873,0,11,0.0,0.0,2.0,295,64.21531188746685,0.5016821241208348,25.687413792774958,0,121,20.0,66.0,103.0,86730,14,0.02182635766170875,0.0,0.0035397209731350167,7,0.002888273953649256,6,0.004635074368730543
Supervised autoencoder,Multi-sweep,20260904,128,test_1,"2,3,4,5",1,295,1180,2174281,8.760976699995808,0.758759660835741,86730,294,0.003389830508474523,8.197791483232255,0.002860169491525405,0.3242892123038988,0.6280849575996399,0.1465759426355362,1.915246844291687,0.016249507665634155,0.1249859482049942,0.06349649280309677,2.023728813559322,0.015810381355932202,2.420739400665768,0,16,0.0,1.0,7.0,295,64.21157615588608,0.50165293871786,25.35855425457684,0,120,21.0,66.0,102.0,86730,14,0.01952035051308659,0.006779661016949152,0.010446212383258387,11,0.009212498558745532,10,0.01781390522310619
Supervised autoencoder,Multi-sweep,20260904,128,test_2,"1,3,4,5",2,295,1180,2174281,10.496228699979838,1.1658667797869924,86730,295,0.0,8.204571144249204,0.0027277542372881156,0.3259818677166713,0.6314029693603516,0.14692966639995575,1.927019715309143,0.01643943227827549,0.12656670808792114,0.06307827681303024,0.9796610169491525,0.007653601694915254,3.2081305967051854,0,41,0.0,0.0,3.0,295,64.21358238210539,0.5016686123601983,25.44662623419611,1,123,21.0,66.0,102.0,86730,14,0.02065029401591145,0.010169491525423728,0.01067104808024905,11,0.007955724662746454,6,0.014401014643145391
Supervised autoencoder,Multi-sweep,20260904,128,test_3,"1,2,4,5",3,295,1180,2174281,10.309088699985296,0.8810101684688006,86730,294,0.003389830508474523,8.197791483232255,0.002886652542372865,0.3224888277834748,0.6250286102294922,0.14539003372192383,1.9075731039047241,0.01706853322684765,0.1253228783607483,0.06385897845029831,0.9627118644067797,0.007521186440677966,4.718825314489643,0,79,0.0,0.0,3.0,295,64.21395134324916,0.5016714948691341,25.16831919407021,0,121,21.0,66.0,102.0,86730,14,0.020154502478957684,0.003389830508474576,0.005649717514124294,8,0.004859910065721204,9,0.009719820131442408
Supervised autoencoder,Multi-sweep,20260904,128,test_4,"1,2,3,5",4,295,1180,2174281,8.383372600015718,0.7222040674759674,86730,294,0.003389830508474523,8.197791483232255,0.0033898305084745597,0.32075048226817887,0.6146243214607239,0.14459285140037537,1.869249701499939,0.017340704798698425,0.1230100691318512,0.062191978096961975,1.1050847457627118,0.008633474576271186,1.8142879385825847,0,17,0.0,1.0,4.0,295,64.21319036089012,0.5016655496944541,25.1632945088866,0,121,21.0,66.0,102.0,86730,14,0.0187824282255275,0.003389830508474576,0.006399169837426496,9,0.006399169837426496,9,0.012659979245935662
Supervised autoencoder,Multi-sweep,20260904,128,test_5,"1,2,3,4",5,295,1180,2174281,8.894192799984012,0.7591610174562972,86730,295,0.0,8.204571144249204,0.002727754237288115,0.31953454521932184,0.6073853373527527,0.14275263249874115,1.8478137254714966,0.016395259648561478,0.12303505837917328,0.06291771680116653,1.2101694915254237,0.009454449152542373,1.7544593247480316,0,18,0.0,1.0,4.0,295,64.21397440332065,0.5016716750259426,25.006961422364906,0,120,22.0,66.0,102.0,86730,14,0.018298166724316844,0.003389830508474576,0.004537069064914101,9,0.004537069064914101,9,0.008013374841462008
Supervised autoencoder,Single-sweep,20260905,128,enroll_1_test_2,1,2,295,295,2174281,4.482871500018518,0.8255206745007407,86730,292,0.01016949152542368,8.184232161198358,0.0016949152542372614,0.34561316712522355,0.7026214003562927,0.15478935837745667,2.1788618564605713,0.02093658782541752,0.14818763732910156,0.0587802492082119,2.010169491525424,0.015704449152542373,3.7935540977114512,0,49,0.0,1.0,6.0,295,64.21102271417041,0.5016486149544563,26.825020166861414,0,123,19.0,66.0,104.0,86730,14,0.026795803066989508,0.006779661016949152,0.012757984549752105,10,0.011057304277643261,7,0.020731004266113223
Supervised autoencoder,Single-sweep,20260905,128,enroll_1_test_3,1,3,295,295,2174281,3.163069100002758,0.511270845940305,86730,292,0.01016949152542368,8.184232161198358,0.0016949152542372614,0.34561316712522355,0.7026214003562927,0.15478935837745667,2.1788618564605713,0.02093658782541752,0.14818763732910156,0.0587802492082119,2.4847457627118645,0.01941207627118644,4.833866269914349,0,74,0.0,2.0,7.0,295,64.20947768938083,0.5016365444482878,26.81530692890749,0,122,19.0,66.0,104.0,86730,14,0.026784273031246395,0.003389830508474576,0.014458664821860947,10,0.012659979245935662,11,0.02239132941312118
Supervised autoencoder,Single-sweep,20260905,128,enroll_1_test_4,1,4,295,295,2174281,2.6880240999744274,0.5871800009271729,86730,292,0.01016949152542368,8.184232161198358,0.0016949152542372614,0.34561316712522355,0.7026214003562927,0.15478935837745667,2.1788618564605713,0.02093658782541752,0.14818763732910156,0.0587802492082119,2.610169491525424,0.020391949152542374,2.773887894780098,0,19,0.0,2.0,8.0,295,64.20922402859449,0.5016345627233945,26.81274349872053,0,122,19.0,66.0,104.0,86730,14,0.0266805027095584,0.003389830508474576,0.014424074714631616,11,0.014424074714631616,11,0.025988700564971753
Supervised autoencoder,Single-sweep,20260905,128,enroll_1_test_5,1,5,295,295,2174281,2.938816699956078,0.6776572875994242,86730,292,0.01016949152542368,8.184232161198358,0.0016949152542372614,0.34561316712522355,0.7026214003562927,0.15478935837745667,2.1788618564605713,0.02093658782541752,0.14818763732910156,0.0587802492082119,2.830508474576271,0.02211334745762712,2.8015577686441495,0,15,0.0,2.0,9.0,295,64.2085322264499,0.5016291580191399,26.81739276253027,0,122,19.0,66.0,104.0,86730,14,0.026772742995503286,0.003389830508474576,0.01447019485760406,11,0.013023175371843653,13,0.026046350743687302
Supervised autoencoder,Single-sweep,20260905,128,enroll_2_test_1,2,1,295,295,2174281,3.1128970999852754,0.7835213566530432,86730,292,0.01016949152542368,8.181673220513058,0.0016949152542372614,0.3455898117253918,0.6883939504623413,0.1535814255475998,2.12732195854187,0.018397677689790726,0.14924465119838715,0.056970879435539246,1.7525423728813558,0.013691737288135592,3.492915859483266,0,42,0.0,1.0,6.0,295,64.21169145624351,0.5016538395019025,26.859058960444806,0,123,19.0,66.0,104.0,86730,14,0.028041046927245475,0.010169491525423728,0.011357085206964141,10,0.011357085206964141,10,0.022714170413928283
Supervised autoencoder,Single-sweep,20260905,128,enroll_2_test_3,2,3,295,295,2174281,3.0128998999716714,0.5650674567115888,86730,292,0.01016949152542368,8.181673220513058,0.0016949152542372614,0.3455898117253918,0.6883939504623413,0.1535814255475998,2.12732195854187,0.018397677689790726,0.14924465119838715,0.056970879435539246,1.4610169491525424,0.011414194915254238,5.279050398694508,0,75,0.0,1.0,4.0,295,64.21263691917444,0.5016612259310503,26.840353087084967,0,123,19.0,66.0,104.0,86730,14,0.02738383488988816,0.010169491525423728,0.010204081632653062,9,0.007782774126599792,7,0.015565548253199587
Supervised autoencoder,Single-sweep,20260905,128,enroll_2_test_4,2,4,295,295,2174281,3.0466118000331335,0.5464200015274524,86730,292,0.01016949152542368,8.181673220513058,0.0016949152542372614,0.3455898117253918,0.6883939504623413,0.1535814255475998,2.12732195854187,0.018397677689790726,0.14924465119838715,0.056970879435539246,1.6406779661016948,0.01281779661016949,3.475821179539003,0,40,0.0,1.0,5.0,295,64.21189899688689,0.5016554609131788,26.83369697835571,0,123,19.0,66.0,104.0,86730,14,0.02741842499711749,0.010169491525423728,0.013132710711403206,10,0.0104577424190015,8,0.02075406433759945
Supervised autoencoder,Single-sweep,20260905,128,enroll_2_test_5,2,5,295,295,2174281,2.8772214999771677,0.5901135593037106,86730,292,0.01016949152542368,8.181673220513058,0.0016949152542372614,0.3455898117253918,0.6883939504623413,0.1535814255475998,2.12732195854187,0.018397677689790726,0.14924465119838715,0.056970879435539246,1.7932203389830508,0.014009533898305084,3.3188732826445158,0,40,0.0,1.0,5.0,295,64.2115530958146,0.5016527585610515,26.826923072547984,0,123,19.0,66.0,104.0,86730,14,0.027176294246512165,0.006779661016949152,0.013086590568430763,10,0.011720281332872132,9,0.021123025481378996
Supervised autoencoder,Single-sweep,20260905,128,enroll_3_test_1,3,1,295,295,2174281,2.6899478000123054,0.4976427107575839,86730,295,0.0,8.204571144249204,0.0016949152542372614,0.3478953516126598,0.6938324570655823,0.1514759510755539,2.157078981399536,0.020350471138954163,0.15104293823242188,0.05587928742170334,2.383050847457627,0.01861758474576271,4.314078855903861,0,63,0.0,1.0,8.0,295,64.20984665052461,0.5016394269572235,27.10327673135671,0,123,19.0,66.0,105.0,86730,14,0.02868672892885968,0.003389830508474576,0.015161997002190706,11,0.013876398016833852,9,0.027556785426034822
Supervised autoencoder,Single-sweep,20260905,128,enroll_3_test_2,3,2,295,295,2174281,2.7479253000346944,1.2805806800438944,86730,295,0.0,8.204571144249204,0.0016949152542372614,0.3478953516126598,0.6938324570655823,0.1514759510755539,2.157078981399536,0.020350471138954163,0.15104293823242188,0.05587928742170334,1.4847457627118643,0.01159957627118644,4.8359767657300585,0,62,0.0,1.0,4.0,295,64.21309812060417,0.5016648290672201,27.10666511350656,0,123,19.0,66.0,105.0,86730,14,0.029309350858987664,0.010169491525423728,0.010498097544102386,9,0.007961489680618009,7,0.01592297936123602
Supervised autoencoder,Single-sweep,20260905,128,enroll_3_test_4,3,4,295,295,2174281,3.174080800032243,0.766016609801011,86730,295,0.0,8.204571144249204,0.0016949152542372614,0.3478953516126598,0.6938324570655823,0.1514759510755539,2.157078981399536,0.020350471138954163,0.15104293823242188,0.05587928742170334,1.0135593220338983,0.00791843220338983,3.8747155975122842,0,62,0.0,0.0,3.0,295,64.21429724432146,0.5016741972212614,27.123453570244347,0,123,19.0,66.0,105.0,86730,14,0.029528421538106767,0.006779661016949152,0.007425343018563357,8,0.007067911910526923,6,0.012959760175256543
Supervised autoencoder,Single-sweep,20260905,128,enroll_3_test_5,3,5,295,295,2174281,4.373020600003656,1.2956518640394432,86730,295,0.0,8.204571144249204,0.0016949152542372614,0.3478953516126598,0.6938324570655823,0.1514759510755539,2.157078981399536,0.020350471138954163,0.15104293823242188,0.05587928742170334,1.152542372881356,0.009004237288135594,3.805713388933622,0,62,0.0,1.0,3.0,295,64.21383604289173,0.5016705940850916,27.113053454747366,0,123,19.0,66.0,105.0,86730,14,0.029632191859794765,0.003389830508474576,0.009102963219185979,8,0.0071716822322149204,9,0.011034244206157038
Supervised autoencoder,Single-sweep,20260905,128,enroll_4_test_1,4,1,295,295,2174281,3.450618900009431,0.924287120598542,86730,292,0.01016949152542368,8.181673220513057,0.0016949152542372614,0.34211396272437417,0.6844525933265686,0.15193574130535126,2.1174416542053223,0.022997839376330376,0.14255696535110474,0.05809712037444115,2.450847457627119,0.019147245762711866,2.671999740401578,0,17,0.0,2.0,8.0,295,64.20910872823706,0.501633661939352,26.599506357711245,0,123,19.0,66.0,104.0,86730,14,0.025931050386256198,0.006779661016949152,0.014274184249971174,11,0.014274184249971174,11,0.02535454859910066
Supervised autoencoder,Single-sweep,20260905,128,enroll_4_test_2,4,2,295,295,2174281,4.437830200011376,0.7699725425297047,86730,292,0.01016949152542368,8.181673220513057,0.0016949152542372614,0.34211396272437417,0.6844525933265686,0.15193574130535126,2.1174416542053223,0.022997839376330376,0.14255696535110474,0.05809712037444115,1.7016949152542373,0.013294491525423729,3.626128326645458,0,44,0.0,1.0,4.300000000000011,295,64.21194511702986,0.5016558212267958,26.594056267591753,0,123,19.0,66.0,104.0,86730,14,0.026300011530035743,0.010169491525423728,0.014297244321457396,11,0.01421653407125562,12,0.02843306814251124
Supervised autoencoder,Single-sweep,20260905,128,enroll_4_test_3,4,3,295,295,2174281,2.8640679999953136,0.5022203389918274,86730,292,0.01016949152542368,8.181673220513057,0.0016949152542372614,0.34211396272437417,0.6844525933265686,0.15193574130535126,2.1174416542053223,0.022997839376330376,0.14255696535110474,0.05809712037444115,1.1322033898305084,0.008845338983050847,4.4789166221477865,0,74,0.0,1.0,3.0,295,64.21385910296321,0.5016707742419001,26.569190994522305,0,123,19.0,66.0,104.0,86730,14,0.02627695145854952,0.006779661016949152,0.008924247665167761,8,0.00798454975210423,7,0.01345555171221031
Supervised autoencoder,Single-sweep,20260905,128,enroll_4_test_5,4,5,295,295,2174281,2.794554899970535,0.5303223733790219,86730,292,0.01016949152542368,8.181673220513057,0.0016949152542372614,0.34211396272437417,0.6844525933265686,0.15193574130535126,2.1174416542053223,0.022997839376330376,0.14255696535110474,0.05809712037444115,0.8745762711864407,0.006832627118644068,1.3582192749165194,0,11,0.0,0.0,3.0,295,64.21478150582267,0.5016779805142396,26.5798544137636,0,122,19.0,66.0,104.0,86730,14,0.026184711172604635,0.0,0.006491410123371382,7,0.006491410123371382,7,0.010573042776432607
Supervised autoencoder,Single-sweep,20260905,128,enroll_5_test_1,5,1,295,295,2174281,2.8843685000319965,0.6535511868374454,86730,291,0.013559322033898313,8.172334618810808,0.0016949152542372614,0.36085337984416943,0.7120094895362854,0.15647417306900024,2.2086784839630127,0.024601250886917114,0.15899211168289185,0.054575566202402115,2.545762711864407,0.01988877118644068,2.5668823591165295,0,18,0.0,2.0,7.0,295,64.20901648795112,0.5016329413121181,27.85709131980151,0,122,18.0,66.0,106.0,86730,14,0.034198086014066646,0.003389830508474576,0.014810330912025826,10,0.013455551712210308,11,0.026911103424420615
Supervised autoencoder,Single-sweep,20260905,128,enroll_5_test_2,5,2,295,295,2174281,2.8342847000458278,0.5877061042603169,86730,291,0.013559322033898313,8.172334618810808,0.0016949152542372614,0.36085337984416943,0.7120094895362854,0.15647417306900024,2.2086784839630127,0.024601250886917114,0.15899211168289185,0.054575566202402115,1.847457627118644,0.014433262711864406,3.4553200592179314,0,43,0.0,1.0,5.0,295,64.21148391560014,0.5016522180906261,27.847909412839766,0,123,18.0,66.0,106.0,86730,14,0.033771474691571546,0.006779661016949152,0.011408970367808139,9,0.011403205349936585,10,0.022806410699873172
Supervised autoencoder,Single-sweep,20260905,128,enroll_5_test_3,5,3,295,295,2174281,2.760500200034585,0.5037949144271976,86730,291,0.013559322033898313,8.172334618810808,0.0016949152542372614,0.36085337984416943,0.7120094895362854,0.15647417306900024,2.2086784839630127,0.024601250886917114,0.15899211168289185,0.054575566202402115,1.3593220338983052,0.01061970338983051,4.507707633623451,0,75,0.0,1.0,3.3000000000000114,295,64.21349014181943,0.5016678917329643,27.826155922725054,0,122,18.0,66.0,106.0,86730,14,0.033171912832929785,0.003389830508474576,0.008843537414965985,7,0.006577885391444714,8,0.011691456243514356
Supervised autoencoder,Single-sweep,20260905,128,enroll_5_test_4,5,4,295,295,2174281,2.967620400013402,0.5200264420975946,86730,291,0.013559322033898313,8.172334618810808,0.0016949152542372614,0.36085337984416943,0.7120094895362854,0.15647417306900024,2.2086784839630127,0.024601250886917114,0.15899211168289185,0.054575566202402115,0.7728813559322034,0.006038135593220339,1.2062522085524283,0,12,0.0,0.0,3.0,295,64.21510434682348,0.5016805027095584,27.83294362631736,0,123,18.0,66.0,106.0,86730,14,0.033298743226104,0.0,0.004519774011299435,6,0.004519774011299435,6,0.009039548022598869
Supervised autoencoder,Multi-sweep,20260905,128,test_1,"2,3,4,5",1,295,1180,2174281,12.399698199995328,0.6899457622193179,86730,294,0.003389830508474523,8.197791483232255,0.0024364406779660806,0.34187470608886933,0.6939458847045898,0.1530521810054779,2.150940179824829,0.022452181205153465,0.14462178945541382,0.05898749828338623,2.0847457627118646,0.016287076271186442,2.5799339204295535,0,19,0.0,1.0,7.0,295,64.21224489795918,0.5016581632653061,26.59854953370293,0,121,19.0,66.0,104.0,86730,14,0.026265421422806412,0.006779661016949152,0.014228064106998731,11,0.014181943964026288,12,0.028363887928052577
Supervised autoencoder,Multi-sweep,20260905,128,test_2,"1,3,4,5",2,295,1180,2174281,8.713734099990688,0.6535701710194096,86730,294,0.003389830508474523,8.197791483232255,0.002727754237288115,0.34178593170446214,0.690558671951294,0.15160995721817017,2.143372058868408,0.021324191242456436,0.1450474113225937,0.058901362121105194,1.1728813559322033,0.009163135593220339,3.4720374984492333,0,44,0.0,0.0,4.0,295,64.21309812060417,0.5016648290672201,26.62632003732415,0,122,19.0,66.0,104.0,86730,14,0.027026403781851723,0.010169491525423728,0.00970252507782774,9,0.007661708751297128,7,0.015323417502594259
Supervised autoencoder,Multi-sweep,20260905,128,test_3,"1,2,4,5",3,295,1180,2174281,8.382323800004087,0.5311667781039062,86730,295,0.0,8.204571144249204,0.0027012711864406584,0.3449933531760224,0.6885234713554382,0.15174566209316254,2.134521245956421,0.021889695897698402,0.14769750833511353,0.057599302381277084,0.9152542372881356,0.007150423728813559,4.314538527728358,0,72,0.0,0.0,3.0,295,64.214228064107,0.501673656750836,26.809310861575074,0,121,19.0,66.0,104.0,86730,14,0.0275337253545486,0.003389830508474576,0.006335754640839387,7,0.006335754640839387,7,0.011587685921826357
Supervised autoencoder,Multi-sweep,20260905,128,test_4,"1,2,3,5",4,295,1180,2174281,8.581199099950027,0.6693762725108635,86730,293,0.006779661016949157,8.188452881530006,0.0030720338983050667,0.34709693886371945,0.6874127984046936,0.1530219167470932,2.1249642372131348,0.022430647164583206,0.14503824710845947,0.05779203027486801,1.0440677966101695,0.008156779661016949,1.9258597502676333,0,21,0.0,1.0,3.3000000000000114,295,64.21462008532227,0.5016767194165802,26.894412939846504,0,125,19.0,66.0,105.0,86730,14,0.027326184711172603,0.006779661016949152,0.010065721203735731,9,0.007932664591260232,7,0.014723855643952496
Supervised autoencoder,Multi-sweep,20260905,128,test_5,"1,2,3,4",5,295,1180,2174281,9.172018300043419,0.6101166091512068,86730,293,0.006779661016949157,8.191011822215307,0.0029396186440677763,0.3416121859910205,0.6908096075057983,0.15233302116394043,2.14145827293396,0.021765094250440598,0.14307062327861786,0.05930932238698006,1.3796610169491526,0.010778601694915254,1.841950650159991,0,16,0.0,1.0,4.0,295,64.21337484146201,0.501666990948922,26.614603771058462,0,122,19.0,66.0,104.0,86730,14,0.02694569353164995,0.003389830508474576,0.009742880202928628,9,0.009742880202928628,9,0.01795226565202352
