Row_Type,Method,Scenario,Cohort_Protocol,Seed,ID_Bits,Devices,Fold_Count,Mean_Fit_Seconds,Mean_Fit_Seconds_Std,Mean_Transform_Milliseconds,Mean_Transform_Milliseconds_Std,Parameter_Count_Or_Stored_Floats,Approx_Model_Storage_KiB_Float32,Combined_Authentication_Rate,Combined_Authentication_Rate_Std,Descriptive_EER,Descriptive_EER_Std,Configuration
single_run,Linear PCA,Single-sweep,enrolled_cohort,,128,295,20,2.463441855000565,,1.3279427627942098,,512256.0,2001.0,0.985593220338983,,0.0,,
single_run,Linear PCA,Multi-sweep,enrolled_cohort,,128,295,5,2.7138703799806536,,1.4096609485272509,,512256.0,2001.0,0.992542372881356,,0.0,,
single_run,Linear PCA,Single-sweep,heldout_sensor_cohort,,128,30,20,2.434626109994133,,1.7677926669906203,,512256.0,2001.0,0.9983333333333332,,0.0,,
single_run,Linear PCA,Multi-sweep,heldout_sensor_cohort,,128,30,5,2.689499260007869,,1.459896667705228,,512256.0,2001.0,1.0,,0.0,,
single_run,Kernel PCA,Single-sweep,,,128,295,20,0.1225294750038301,,38.11247123751623,,1218350.0,4759.1796875,0.9876271186440678,,0.003951343249164,,"Kernel=rbf; Gamma=0.0002498750624687; Degree=3; Coef0=1.0; Eigen_Solver=auto; Frequency_Start_Hz=10000; Frequency_End_Hz=1000000; Frequency_Points=2001; Use_Phase=True; Sweep_Indices=1,2,3,4,5; Random_Seed=20260903"
single_run,Kernel PCA,Multi-sweep,,,128,295,5,1.5566694599809126,,38.46780976189805,,4873400.0,19036.71875,0.991186440677966,,0.0018920788654444,,"Kernel=rbf; Gamma=0.0002498750624687; Degree=3; Coef0=1.0; Eigen_Solver=auto; Frequency_Start_Hz=10000; Frequency_End_Hz=1000000; Frequency_Points=2001; Use_Phase=True; Sweep_Indices=1,2,3,4,5; Random_Seed=20260903"
single_run,Supervised autoencoder,Single-sweep,,20260903,128,295,20,3.020299660004093,,0.5999345424529796,,2174281.0,8493.28515625,0.9442372881355932,,0.0113008762827164,,"Method=supervised autoencoder; Epochs=100; Learning_Rate=0.001; Weight_Decay=0.0001; Reconstruction_Weight=1.0; Classification_Weight=0.25; Balance_Weight=0.05; Decorrelation_Weight=0.01; Quantization_Weight=0.01; Hidden_Widths=(256, 128); Seeds=[20260903, 20260904, 20260905]; Frequency_Start_Hz=10000; Frequency_End_Hz=1000000; Frequency_Points=2001; Use_Phase=True"
single_run,Supervised autoencoder,Multi-sweep,,20260903,128,295,5,8.026612719986588,,0.5441301681053966,,2174281.0,8493.28515625,0.9552542372881356,,0.0070436988354663,,"Method=supervised autoencoder; Epochs=100; Learning_Rate=0.001; Weight_Decay=0.0001; Reconstruction_Weight=1.0; Classification_Weight=0.25; Balance_Weight=0.05; Decorrelation_Weight=0.01; Quantization_Weight=0.01; Hidden_Widths=(256, 128); Seeds=[20260903, 20260904, 20260905]; Frequency_Start_Hz=10000; Frequency_End_Hz=1000000; Frequency_Points=2001; Use_Phase=True"
single_run,Supervised autoencoder,Single-sweep,,20260904,128,295,20,2.8079309900000227,,0.5439786779224651,,2174281.0,8493.28515625,0.9540677966101696,,0.010022483569699,,"Method=supervised autoencoder; Epochs=100; Learning_Rate=0.001; Weight_Decay=0.0001; Reconstruction_Weight=1.0; Classification_Weight=0.25; Balance_Weight=0.05; Decorrelation_Weight=0.01; Quantization_Weight=0.01; Hidden_Widths=(256, 128); Seeds=[20260903, 20260904, 20260905]; Frequency_Start_Hz=10000; Frequency_End_Hz=1000000; Frequency_Points=2001; Use_Phase=True"
single_run,Supervised autoencoder,Multi-sweep,,20260904,128,295,5,9.368771899992137,,0.8574003388047597,,2174281.0,8493.28515625,0.9708474576271188,,0.0073792228755909,,"Method=supervised autoencoder; Epochs=100; Learning_Rate=0.001; Weight_Decay=0.0001; Reconstruction_Weight=1.0; Classification_Weight=0.25; Balance_Weight=0.05; Decorrelation_Weight=0.01; Quantization_Weight=0.01; Hidden_Widths=(256, 128); Seeds=[20260903, 20260904, 20260905]; Frequency_Start_Hz=10000; Frequency_End_Hz=1000000; Frequency_Points=2001; Use_Phase=True"
single_run,Supervised autoencoder,Single-sweep,,20260905,128,295,20,3.16506160000572,,0.695926203546351,,2174281.0,8493.28515625,0.9101694915254236,,0.0123331027326184,,"Method=supervised autoencoder; Epochs=100; Learning_Rate=0.001; Weight_Decay=0.0001; Reconstruction_Weight=1.0; Classification_Weight=0.25; Balance_Weight=0.05; Decorrelation_Weight=0.01; Quantization_Weight=0.01; Hidden_Widths=(256, 128); Seeds=[20260903, 20260904, 20260905]; Frequency_Start_Hz=10000; Frequency_End_Hz=1000000; Frequency_Points=2001; Use_Phase=True"
single_run,Supervised autoencoder,Multi-sweep,,20260905,128,295,5,9.44979469999671,,0.6308351186009409,,2174281.0,8493.28515625,0.9471186440677966,,0.0105661247549867,,"Method=supervised autoencoder; Epochs=100; Learning_Rate=0.001; Weight_Decay=0.0001; Reconstruction_Weight=1.0; Classification_Weight=0.25; Balance_Weight=0.05; Decorrelation_Weight=0.01; Quantization_Weight=0.01; Hidden_Widths=(256, 128); Seeds=[20260903, 20260904, 20260905]; Frequency_Start_Hz=10000; Frequency_End_Hz=1000000; Frequency_Points=2001; Use_Phase=True"
single_run,Unsupervised autoencoder,Single-sweep,,20260903,128,295,20,3.044492229996832,,0.8124428477248777,,2136226.0,8344.6328125,0.7622033898305085,,0.0240796148968061,,"Method=unsupervised reconstruction autoencoder; Epochs=100; Learning_Rate=0.001; Weight_Decay=0.0001; Reconstruction_Weight=1.0; Balance_Weight=0.05; Decorrelation_Weight=0.01; Quantization_Weight=0.01; Hidden_Widths=(256, 128); Seeds=[20260903, 20260904, 20260905]; Frequency_Start_Hz=10000; Frequency_End_Hz=1000000; Frequency_Points=2001; Use_Phase=True"
single_run,Unsupervised autoencoder,Multi-sweep,,20260903,128,295,5,9.13900442001177,,0.7275629820602046,,2136226.0,8344.6328125,0.7911864406779661,,0.0213317191283292,,"Method=unsupervised reconstruction autoencoder; Epochs=100; Learning_Rate=0.001; Weight_Decay=0.0001; Reconstruction_Weight=1.0; Balance_Weight=0.05; Decorrelation_Weight=0.01; Quantization_Weight=0.01; Hidden_Widths=(256, 128); Seeds=[20260903, 20260904, 20260905]; Frequency_Start_Hz=10000; Frequency_End_Hz=1000000; Frequency_Points=2001; Use_Phase=True"
single_run,Unsupervised autoencoder,Single-sweep,,20260904,128,295,20,3.1438873950013657,,0.7935026106404898,,2136226.0,8344.6328125,0.7442372881355932,,0.0234918713248011,,"Method=unsupervised reconstruction autoencoder; Epochs=100; Learning_Rate=0.001; Weight_Decay=0.0001; Reconstruction_Weight=1.0; Balance_Weight=0.05; Decorrelation_Weight=0.01; Quantization_Weight=0.01; Hidden_Widths=(256, 128); Seeds=[20260903, 20260904, 20260905]; Frequency_Start_Hz=10000; Frequency_End_Hz=1000000; Frequency_Points=2001; Use_Phase=True"
single_run,Unsupervised autoencoder,Multi-sweep,,20260904,128,295,5,8.516860660014208,,0.7639094913315219,,2136226.0,8344.6328125,0.7661016949152543,,0.0222356739305891,,"Method=unsupervised reconstruction autoencoder; Epochs=100; Learning_Rate=0.001; Weight_Decay=0.0001; Reconstruction_Weight=1.0; Balance_Weight=0.05; Decorrelation_Weight=0.01; Quantization_Weight=0.01; Hidden_Widths=(256, 128); Seeds=[20260903, 20260904, 20260905]; Frequency_Start_Hz=10000; Frequency_End_Hz=1000000; Frequency_Points=2001; Use_Phase=True"
single_run,Unsupervised autoencoder,Single-sweep,,20260905,128,295,20,2.9266350450052414,,0.644310118287202,,2136226.0,8344.6328125,0.752542372881356,,0.0242344056266574,,"Method=unsupervised reconstruction autoencoder; Epochs=100; Learning_Rate=0.001; Weight_Decay=0.0001; Reconstruction_Weight=1.0; Balance_Weight=0.05; Decorrelation_Weight=0.01; Quantization_Weight=0.01; Hidden_Widths=(256, 128); Seeds=[20260903, 20260904, 20260905]; Frequency_Start_Hz=10000; Frequency_End_Hz=1000000; Frequency_Points=2001; Use_Phase=True"
single_run,Unsupervised autoencoder,Multi-sweep,,20260905,128,295,5,7.961647399992216,,0.5713385072442055,,2136226.0,8344.6328125,0.7722033898305085,,0.0224662746454514,,"Method=unsupervised reconstruction autoencoder; Epochs=100; Learning_Rate=0.001; Weight_Decay=0.0001; Reconstruction_Weight=1.0; Balance_Weight=0.05; Decorrelation_Weight=0.01; Quantization_Weight=0.01; Hidden_Widths=(256, 128); Seeds=[20260903, 20260904, 20260905]; Frequency_Start_Hz=10000; Frequency_End_Hz=1000000; Frequency_Points=2001; Use_Phase=True"
seed_mean_std,Supervised autoencoder,Multi-sweep,,mean_of_3_seeds,128,295,5,8.948393106658479,0.7993125073898695,0.677455208503699,0.16175482851960857,2174281.0,8493.28515625,0.9577401129943502,0.0120581437938569,0.008329682155347967,0.0019440680856092785,"Method=supervised autoencoder; Epochs=100; Learning_Rate=0.001; Weight_Decay=0.0001; Reconstruction_Weight=1.0; Classification_Weight=0.25; Balance_Weight=0.05; Decorrelation_Weight=0.01; Quantization_Weight=0.01; Hidden_Widths=(256, 128); Seeds=[20260903, 20260904, 20260905]; Frequency_Start_Hz=10000; Frequency_End_Hz=1000000; Frequency_Points=2001; Use_Phase=True"
seed_mean_std,Supervised autoencoder,Single-sweep,,mean_of_3_seeds,128,295,20,2.997764083336612,0.1796286650636871,0.613279807973932,0.07684780230867963,2174281.0,8493.28515625,0.9361581920903954,0.02303734233823438,0.011218820861677935,0.0011574930013196353,"Method=supervised autoencoder; Epochs=100; Learning_Rate=0.001; Weight_Decay=0.0001; Reconstruction_Weight=1.0; Classification_Weight=0.25; Balance_Weight=0.05; Decorrelation_Weight=0.01; Quantization_Weight=0.01; Hidden_Widths=(256, 128); Seeds=[20260903, 20260904, 20260905]; Frequency_Start_Hz=10000; Frequency_End_Hz=1000000; Frequency_Points=2001; Use_Phase=True"
seed_mean_std,Unsupervised autoencoder,Multi-sweep,,mean_of_3_seeds,128,295,5,8.53917082667273,0.5889954972659628,0.6876036602119774,0.10231547551576457,2136226.0,8344.6328125,0.776497175141243,0.013081993797429388,0.02201122256812323,0.000599656456600521,"Method=unsupervised reconstruction autoencoder; Epochs=100; Learning_Rate=0.001; Weight_Decay=0.0001; Reconstruction_Weight=1.0; Balance_Weight=0.05; Decorrelation_Weight=0.01; Quantization_Weight=0.01; Hidden_Widths=(256, 128); Seeds=[20260903, 20260904, 20260905]; Frequency_Start_Hz=10000; Frequency_End_Hz=1000000; Frequency_Points=2001; Use_Phase=True"
seed_mean_std,Unsupervised autoencoder,Single-sweep,,mean_of_3_seeds,128,295,20,3.03833822333448,0.1087568376848547,0.7500851922175231,0.0920921160791025,2136226.0,8344.6328125,0.7529943502824858,0.008991574678906846,0.02393529728275487,0.00039173968097754193,"Method=unsupervised reconstruction autoencoder; Epochs=100; Learning_Rate=0.001; Weight_Decay=0.0001; Reconstruction_Weight=1.0; Balance_Weight=0.05; Decorrelation_Weight=0.01; Quantization_Weight=0.01; Hidden_Widths=(256, 128); Seeds=[20260903, 20260904, 20260905]; Frequency_Start_Hz=10000; Frequency_End_Hz=1000000; Frequency_Points=2001; Use_Phase=True"
