Scenario,Cohort_Protocol,ID_Bits,Fold,Bit_Block,Block_Bits,Intra_Mean,Intra_Mean_Normalized,Intra_Std,Intra_Min,Intra_Max,Inter_Mean,Inter_Mean_Normalized,Inter_Std,Inter_Min,Inter_Max,D_Prime
Single-sweep,enrolled_cohort,64,enroll_1_test_2,1-64,64,1.6813559322033897,0.026271186440677965,1.6141882162161734,0.0,11.0,32.05718897728583,0.5008935777700911,3.8951517326549046,13.0,49.0,10.188354724084139
Single-sweep,enrolled_cohort,64,enroll_1_test_3,1-64,64,2.1050847457627118,0.03289194915254237,2.0031797621432768,0.0,14.0,32.06173181136862,0.5009645595526346,3.894810037180932,13.0,48.0,9.67293236674904
Single-sweep,enrolled_cohort,64,enroll_1_test_4,1-64,64,2.3627118644067795,0.03691737288135593,2.1493471802036157,0.0,14.0,32.06673584688112,0.5010427476075175,3.8935342615197035,14.0,49.0,9.445496688946458
Single-sweep,enrolled_cohort,64,enroll_1_test_5,1-64,64,2.5016949152542374,0.03908898305084746,2.2389176446515133,0.0,14.0,32.06673584688112,0.5010427476075175,3.8940909579841425,13.0,49.0,9.308258821503246
Single-sweep,enrolled_cohort,64,enroll_2_test_1,1-64,64,1.505084745762712,0.023516949152542373,1.4114960135243344,0.0,8.0,32.0718090626081,0.5011220166032515,3.8863241294236603,13.0,47.0,10.454872079888881
Single-sweep,enrolled_cohort,64,enroll_2_test_3,1-64,64,1.305084745762712,0.020391949152542374,1.5347919410517952,0.0,14.0,32.074184249971175,0.5011591289057996,3.8820583037516565,14.0,47.0,10.423927703530428
Single-sweep,enrolled_cohort,64,enroll_2_test_4,1-64,64,1.5389830508474576,0.024046610169491524,1.65502912701752,0.0,13.0,32.073792228755906,0.501153003574311,3.884948683303809,14.0,48.0,10.226118416577357
Single-sweep,enrolled_cohort,64,enroll_2_test_5,1-64,64,1.5627118644067797,0.024417372881355932,1.6398417777795742,0.0,13.0,32.07351550789807,0.5011486798109074,3.884900507017464,14.0,48.0,10.232553987124327
Single-sweep,enrolled_cohort,64,enroll_3_test_1,1-64,64,2.0508474576271185,0.03204449152542373,2.072033809884563,0.0,17.0,32.07284676582498,0.5011382307160153,3.883740593281332,15.0,48.0,9.645260712407431
Single-sweep,enrolled_cohort,64,enroll_3_test_2,1-64,64,1.2779661016949153,0.019968220338983052,1.6217136100004221,0.0,14.0,32.076374956762365,0.501193358699412,3.884616801485834,15.0,47.0,10.34686862396065
Single-sweep,enrolled_cohort,64,enroll_3_test_4,1-64,64,1.0440677966101695,0.016313559322033898,1.1133499102253837,0.0,7.0,32.07674391790614,0.5011991237172835,3.8837278842138008,15.0,48.0,10.862647727089984
Single-sweep,enrolled_cohort,64,enroll_3_test_5,1-64,64,1.2474576271186442,0.019491525423728815,1.386199710288483,0.0,9.0,32.07524501325954,0.5011757033321803,3.8878698185202056,14.0,47.0,10.562330537829308
Single-sweep,enrolled_cohort,64,enroll_4_test_1,1-64,64,2.298305084745763,0.035911016949152545,2.0485179249690826,0.0,15.0,32.066366885737345,0.501036982589646,3.8861390213823763,13.0,51.0,9.583050015369565
Single-sweep,enrolled_cohort,64,enroll_4_test_2,1-64,64,1.4677966101694915,0.022934322033898304,1.634496393967644,0.0,13.0,32.068880433529344,0.501076256773896,3.887709012068822,15.0,51.0,10.261583271699303
Single-sweep,enrolled_cohort,64,enroll_4_test_3,1-64,64,1.0271186440677966,0.016048728813559322,1.1806014995931915,0.0,7.0,32.07040239824743,0.5011000374726161,3.881335643205599,15.0,50.0,10.821473200838733
Single-sweep,enrolled_cohort,64,enroll_4_test_5,1-64,64,1.023728813559322,0.015995762711864408,1.182114297317335,0.0,7.0,32.070240977747034,0.5010975152772974,3.8846969405312284,13.0,50.0,10.81285408014419
Single-sweep,enrolled_cohort,64,enroll_5_test_1,1-64,64,2.31864406779661,0.03622881355932203,2.1946498470399893,0.0,15.0,32.06864983281448,0.5010726536377262,3.890079077176708,15.0,48.0,9.419747798678348
Single-sweep,enrolled_cohort,64,enroll_5_test_2,1-64,64,1.6610169491525424,0.025953389830508475,1.7690668731714372,0.0,15.0,32.0718090626081,0.5011220166032515,3.880320506964972,14.0,48.0,10.084824568426951
Single-sweep,enrolled_cohort,64,enroll_5_test_3,1-64,64,1.2677966101694915,0.019809322033898305,1.3091047829114104,0.0,9.0,32.06724316845382,0.501050674507091,3.880440944821628,15.0,48.0,10.635819465216851
Single-sweep,enrolled_cohort,64,enroll_5_test_4,1-64,64,1.088135593220339,0.017002118644067796,1.171818278057668,0.0,7.0,32.07201660325147,0.5011252594258042,3.8790595334499356,14.0,47.0,10.813363110757217
Single-sweep,enrolled_cohort,64,aggregate,1-64,64,1.6167796610169491,0.02526218220338983,1.7488784488093607,0.0,17.0,32.0701256773896,0.5010957137092125,3.8862623806074246,13.0,51.0,10.105849557995219
Multi-sweep,enrolled_cohort,64,test_1,1-64,64,1.9389830508474577,0.030296610169491527,1.8247184993177894,0.0,13.0,32.074368730543064,0.5011620114147354,3.883685027585275,15.0,48.0,9.931940522323844
Multi-sweep,enrolled_cohort,64,test_2,1-64,64,1.1084745762711865,0.01731991525423729,1.4574799021488296,0.0,13.0,32.07872708405396,0.5012301106883431,3.880106078880472,15.0,48.0,10.567076529154297
Multi-sweep,enrolled_cohort,64,test_3,1-64,64,0.9491525423728814,0.014830508474576272,1.1898626344652459,0.0,8.0,32.077274299550325,0.5012074109304738,3.878515429710555,14.0,48.0,10.851024476100024
Multi-sweep,enrolled_cohort,64,test_4,1-64,64,1.0915254237288134,0.01705508474576271,1.181675297493003,0.0,6.0,32.08043352934394,0.5012567738959991,3.877722774365138,14.0,50.0,10.81089500420795
Multi-sweep,enrolled_cohort,64,test_5,1-64,64,1.3728813559322033,0.021451271186440676,1.3438991029094691,0.0,8.0,32.08124063184596,0.5012693848725931,3.8822110835402266,12.0,49.0,10.570996027039115
Multi-sweep,enrolled_cohort,64,aggregate,1-64,64,1.2922033898305085,0.020190677966101696,1.4602513535663306,0.0,13.0,32.07840885506745,0.5012251383604289,3.8804315915499097,12.0,50.0,10.501036549548466
Single-sweep,heldout_sensor_cohort,64,enroll_1_test_2,1-64,64,1.4,0.021875,1.4287684593190138,0.0,5.0,31.567816091954022,0.4932471264367816,4.2265393693821816,17.0,43.0,9.562635943517485
Single-sweep,heldout_sensor_cohort,64,enroll_1_test_3,1-64,64,1.7666666666666666,0.027604166666666666,1.5687318254659988,0.0,5.0,31.617241379310343,0.4940193965517241,4.263142730083757,18.0,44.0,9.293134946900825
Single-sweep,heldout_sensor_cohort,64,enroll_1_test_4,1-64,64,2.1666666666666665,0.033854166666666664,1.9312910338608382,0.0,8.0,31.55977011494253,0.49312140804597704,4.215756508509097,17.0,42.0,8.9642938445221
Single-sweep,heldout_sensor_cohort,64,enroll_1_test_5,1-64,64,2.1333333333333333,0.03333333333333333,2.0800088417141875,0.0,10.0,31.597701149425287,0.4937140804597701,4.244158701868958,16.0,44.0,8.816113076573146
Single-sweep,heldout_sensor_cohort,64,enroll_2_test_1,1-64,64,1.6,0.025,1.4762487408386116,0.0,7.0,31.480459770114944,0.491882183908046,4.312207070966169,20.0,43.0,9.271235417159119
Single-sweep,heldout_sensor_cohort,64,enroll_2_test_3,1-64,64,1.1,0.0171875,1.0288929437289247,0.0,4.0,31.417241379310344,0.4908943965517241,4.355801308540435,19.0,43.0,9.57958247297255
Single-sweep,heldout_sensor_cohort,64,enroll_2_test_4,1-64,64,1.5666666666666667,0.024479166666666666,1.330888563259934,0.0,6.0,31.4816091954023,0.49190014367816093,4.3212757763203635,19.0,43.0,9.35648917660489
Single-sweep,heldout_sensor_cohort,64,enroll_2_test_5,1-64,64,1.7333333333333334,0.027083333333333334,1.638614497453372,0.0,7.0,31.47816091954023,0.4918462643678161,4.341186203051439,19.0,43.0,9.06556353365384
Single-sweep,heldout_sensor_cohort,64,enroll_3_test_1,1-64,64,2.066666666666667,0.03229166666666667,1.4840144374549435,0.0,6.0,31.595402298850576,0.49367816091954025,4.186611023642613,17.0,43.0,9.401479186914337
Single-sweep,heldout_sensor_cohort,64,enroll_3_test_2,1-64,64,1.4,0.021875,0.8944271909999159,0.0,4.0,31.664367816091954,0.4947557471264368,4.192984908419195,18.0,45.0,9.982988947815494
Single-sweep,heldout_sensor_cohort,64,enroll_3_test_4,1-64,64,0.8666666666666667,0.013541666666666667,0.8995528902176072,0.0,3.0,31.664367816091954,0.4947557471264368,4.227968061219956,18.0,44.0,10.075991695563054
Single-sweep,heldout_sensor_cohort,64,enroll_3_test_5,1-64,64,1.2333333333333334,0.019270833333333334,0.8172001541568767,0.0,3.0,31.631034482758622,0.49423491379310347,4.230766003567837,18.0,44.0,9.976600121528909
Single-sweep,heldout_sensor_cohort,64,enroll_4_test_1,1-64,64,2.433333333333333,0.03802083333333333,2.2078751422302303,0.0,9.0,31.497701149425286,0.4921515804597701,4.127916607046253,19.0,42.0,8.780333376076646
Single-sweep,heldout_sensor_cohort,64,enroll_4_test_2,1-64,64,1.5333333333333334,0.023958333333333335,1.4319827906241327,0.0,5.0,31.517241379310345,0.49245689655172414,4.134844688449052,19.0,44.0,9.690518665906788
Single-sweep,heldout_sensor_cohort,64,enroll_4_test_3,1-64,64,1.2333333333333334,0.019270833333333334,1.0400044208570938,0.0,4.0,31.51609195402299,0.4924389367816092,4.167007618022537,19.0,43.0,9.971591770140742
Single-sweep,heldout_sensor_cohort,64,enroll_4_test_5,1-64,64,1.3333333333333333,0.020833333333333332,1.124441112772009,0.0,4.0,31.52413793103448,0.49256465517241377,4.20189462218365,19.0,44.0,9.8158030080282
Single-sweep,heldout_sensor_cohort,64,enroll_5_test_1,1-64,64,2.2666666666666666,0.035416666666666666,1.9815238534040398,0.0,8.0,31.71034482758621,0.4954741379310345,4.066338125361913,19.0,43.0,9.20529846841863
Single-sweep,heldout_sensor_cohort,64,enroll_5_test_2,1-64,64,1.6333333333333333,0.025520833333333333,1.5421286974634216,0.0,8.0,31.764367816091955,0.4963182471264368,4.04017446020942,17.0,47.0,9.853593556320252
Single-sweep,heldout_sensor_cohort,64,enroll_5_test_3,1-64,64,1.3,0.0203125,1.3933338832974773,0.0,7.0,31.764367816091955,0.4963182471264368,4.09477696481728,16.0,44.0,9.96062940573681
Single-sweep,heldout_sensor_cohort,64,enroll_5_test_4,1-64,64,1.3,0.0203125,0.7022132498578064,0.0,2.0,31.78965517241379,0.4967133620689655,4.041571504524137,18.0,44.0,10.511361054298074
Single-sweep,heldout_sensor_cohort,64,aggregate,1-64,64,1.6033333333333333,0.025052083333333332,1.4965699978572222,0.0,10.0,31.591954022988507,0.4936242816091954,4.199675075238997,16.0,47.0,9.512532466294509
Multi-sweep,heldout_sensor_cohort,64,test_1,1-64,64,2.0,0.03125,1.7419766814227708,0.0,7.0,31.388505747126437,0.4904454022988506,4.215796511602482,18.0,47.0,9.11136311506291
Multi-sweep,heldout_sensor_cohort,64,test_2,1-64,64,1.0333333333333334,0.016145833333333335,1.188546876720022,0.0,5.0,31.54597701149425,0.4929058908045977,4.249099399541147,18.0,43.0,9.780022681425125
Multi-sweep,heldout_sensor_cohort,64,test_3,1-64,64,0.8,0.0125,0.924755326447544,0.0,3.0,31.482758620689655,0.49191810344827586,4.283299302009934,17.0,44.0,9.902347070977935
Multi-sweep,heldout_sensor_cohort,64,test_4,1-64,64,1.2,0.01875,1.186126701378962,0.0,5.0,31.551724137931036,0.49299568965517243,4.220228072877542,17.0,45.0,9.79158652020268
Multi-sweep,heldout_sensor_cohort,64,test_5,1-64,64,1.1,0.0171875,0.8847364696279086,0.0,3.0,31.368965517241378,0.49014008620689653,4.192239263787253,15.0,43.0,9.990892499384785
Multi-sweep,heldout_sensor_cohort,64,aggregate,1-64,64,1.2266666666666666,0.019166666666666665,1.275197927348923,0.0,7.0,31.467586206896552,0.4916810344827586,4.2309975725313045,15.0,47.0,9.678030769173805
Single-sweep,enrolled_cohort,128,enroll_1_test_2,1-64,64,1.7152542372881356,0.02680084745762712,1.626817514123571,0.0,12.0,32.05845728121757,0.5009133950190245,3.8965712707548565,13.0,49.0,10.162560638962882
Single-sweep,enrolled_cohort,128,enroll_1_test_2,65-128,64,3.2644067796610168,0.05100635593220339,1.9547398100831597,0.0,11.0,32.0637610976594,0.5009962671509282,3.8545327290244,15.0,47.0,9.423832556409888
Single-sweep,enrolled_cohort,128,enroll_1_test_3,1-64,64,2.0677966101694913,0.0323093220338983,1.9453800739087614,0.0,14.0,32.06237749337023,0.5009746483339098,3.896149458567911,14.0,49.0,9.740635177391644
Single-sweep,enrolled_cohort,128,enroll_1_test_3,65-128,64,3.6203389830508477,0.056567796610169495,2.142442790178874,0.0,14.0,32.06290787501441,0.5009829355471002,3.8504105301841793,17.0,47.0,9.128660169104878
Single-sweep,enrolled_cohort,128,enroll_1_test_4,1-64,64,2.31864406779661,0.03622881355932203,2.0421139654072413,0.0,14.0,32.06567508359276,0.5010261731811368,3.8944613269969346,14.0,49.0,9.566727834896454
Single-sweep,enrolled_cohort,128,enroll_1_test_4,65-128,64,3.925423728813559,0.06133474576271186,2.1699551094402967,0.0,12.0,32.06267727429955,0.5009793324109305,3.852473974399409,17.0,47.0,8.9995423111301
Single-sweep,enrolled_cohort,128,enroll_1_test_5,1-64,64,2.4440677966101694,0.038188559322033896,2.1734538789897218,0.0,15.0,32.06708174795342,0.5010481523117721,3.8962754972571476,14.0,49.0,9.389979151747053
Single-sweep,enrolled_cohort,128,enroll_1_test_5,65-128,64,3.983050847457627,0.062235169491525424,2.184449723075319,0.0,13.0,32.06470656059034,0.501011040009224,3.8604561889329534,16.0,48.0,8.953255363526525
Single-sweep,enrolled_cohort,128,enroll_2_test_1,1-64,64,1.5627118644067797,0.024417372881355932,1.4505333648509544,0.0,9.0,32.068626772742995,0.5010722933241093,3.883176146824461,14.0,48.0,10.407543689084763
Single-sweep,enrolled_cohort,128,enroll_2_test_1,65-128,64,3.2847457627118644,0.05132415254237288,2.161884850914344,0.0,12.0,32.07416118989969,0.5011587685921827,3.8492008804588287,15.0,47.0,9.222334765507432
Single-sweep,enrolled_cohort,128,enroll_2_test_3,1-64,64,1.305084745762712,0.020391949152542374,1.5011813634571296,0.0,12.0,32.070563818747836,0.5011025596679349,3.8832898916314758,14.0,48.0,10.450467637148686
Single-sweep,enrolled_cohort,128,enroll_2_test_3,65-128,64,2.925423728813559,0.04570974576271186,2.1399657652181676,0.0,19.0,32.07109420039202,0.5011108468811253,3.843977185880384,15.0,48.0,9.368834580684453
Single-sweep,enrolled_cohort,128,enroll_2_test_4,1-64,64,1.5084745762711864,0.023569915254237288,1.5383187367759845,0.0,12.0,32.07058687881933,0.501102919981552,3.881869947100279,14.0,48.0,10.351020515120787
Single-sweep,enrolled_cohort,128,enroll_2_test_4,65-128,64,3.2,0.05,2.1799956312756574,0.0,20.0,32.07240862446674,0.5011313847572928,3.84137516392542,16.0,48.0,9.244545908738456
Single-sweep,enrolled_cohort,128,enroll_2_test_5,1-64,64,1.4983050847457626,0.02341101694915254,1.6799631034804574,0.0,12.0,32.07111726046351,0.5011112071947423,3.882356269638403,14.0,48.0,10.220801278244968
Single-sweep,enrolled_cohort,128,enroll_2_test_5,65-128,64,3.1559322033898307,0.049311440677966105,2.286329618545779,0.0,18.0,32.07139398132134,0.501115530958146,3.8496635528975323,16.0,47.0,9.13309830392297
Single-sweep,enrolled_cohort,128,enroll_3_test_1,1-64,64,2.0542372881355933,0.032097457627118645,2.0760475622966323,0.0,18.0,32.073999769399286,0.5011562463968638,3.8776695104763794,14.0,48.0,9.652134262981704
Single-sweep,enrolled_cohort,128,enroll_3_test_1,65-128,64,3.5152542372881355,0.05492584745762712,2.2943893085283342,0.0,14.0,32.076305776547905,0.501192277758561,3.8350753006514577,16.0,48.0,9.038120802507196
Single-sweep,enrolled_cohort,128,enroll_3_test_2,1-64,64,1.2847457627118644,0.02007415254237288,1.6802993699214774,0.0,16.0,32.073999769399286,0.5011562463968638,3.8760902715665955,15.0,48.0,10.306843716902922
Single-sweep,enrolled_cohort,128,enroll_3_test_2,65-128,64,2.9152542372881354,0.045550847457627115,2.0758420600500416,0.0,16.0,32.07879626426842,0.501231191629194,3.8337559670789725,15.0,49.0,9.460208474868695
Single-sweep,enrolled_cohort,128,enroll_3_test_4,1-64,64,1.064406779661017,0.01663135593220339,1.1863398682279362,0.0,6.0,32.07713593912141,0.5012052490487721,3.8758565893318906,15.0,50.0,10.820332565952487
Single-sweep,enrolled_cohort,128,enroll_3_test_4,65-128,64,2.7322033898305085,0.042690677966101695,1.875227031875582,0.0,11.0,32.07457627118644,0.5011652542372881,3.8322069738495985,14.0,47.0,9.72629089155403
Single-sweep,enrolled_cohort,128,enroll_3_test_5,1-64,64,1.230508474576271,0.019226694915254236,1.3252203304536438,0.0,9.0,32.074115069756715,0.5011580479649487,3.8775989177360453,15.0,49.0,10.644595659532763
Single-sweep,enrolled_cohort,128,enroll_3_test_5,65-128,64,2.9796610169491524,0.04655720338983051,2.020202359115164,0.0,10.0,32.076374956762365,0.501193358699412,3.830823376553862,16.0,50.0,9.501319146411666
Single-sweep,enrolled_cohort,128,enroll_4_test_1,1-64,64,2.301694915254237,0.035963983050847456,2.220918753734216,0.0,16.0,32.06788885045544,0.5010607632883662,3.888865149596087,15.0,49.0,9.399804619384886
Single-sweep,enrolled_cohort,128,enroll_4_test_1,65-128,64,3.8372881355932202,0.059957627118644066,2.481352104606605,0.0,16.0,32.061962412083474,0.5009681626888043,3.8421971170742837,16.0,49.0,8.727048385826766
Single-sweep,enrolled_cohort,128,enroll_4_test_2,1-64,64,1.5491525423728814,0.02420550847457627,1.7053709554520087,0.0,13.0,32.07086359967716,0.5011072437449556,3.8881389759957425,15.0,49.0,10.166587845411405
Single-sweep,enrolled_cohort,128,enroll_4_test_2,65-128,64,3.2067796610169492,0.05010593220338983,2.28897567968075,0.0,18.0,32.06090164879511,0.5009515882624236,3.8407193297128956,15.0,51.0,9.1266344660504
Single-sweep,enrolled_cohort,128,enroll_4_test_3,1-64,64,1.1016949152542372,0.017213983050847457,1.2683337837016009,0.0,8.0,32.07187824282255,0.5011230975441023,3.885316955428218,14.0,48.0,10.716275591775627
Single-sweep,enrolled_cohort,128,enroll_4_test_3,65-128,64,2.7288135593220337,0.04263771186440678,1.9151251577595512,0.0,14.0,32.06200853222645,0.5009688833160383,3.8367908936452886,15.0,49.0,9.673847174207568
Single-sweep,enrolled_cohort,128,enroll_4_test_5,1-64,64,1.0169491525423728,0.015889830508474576,1.2246271878030563,0.0,8.0,32.073999769399286,0.5011562463968638,3.887327237269106,14.0,49.0,10.776481666414444
Single-sweep,enrolled_cohort,128,enroll_4_test_5,65-128,64,2.5694915254237287,0.04014830508474576,1.868395782964275,0.0,12.0,32.06265421422806,0.5009789720973135,3.839442059342985,14.0,51.0,9.76824604655494
Single-sweep,enrolled_cohort,128,enroll_5_test_1,1-64,64,2.2711864406779663,0.03548728813559322,2.111118190945749,0.0,15.0,32.06883431338637,0.501075536146662,3.891679008572043,14.0,48.0,9.518027372945022
Single-sweep,enrolled_cohort,128,enroll_5_test_1,65-128,64,3.7220338983050847,0.05815677966101695,2.441984513913619,0.0,19.0,32.06938775510204,0.5010841836734694,3.8391640950322277,16.0,48.0,8.810822415779445
Single-sweep,enrolled_cohort,128,enroll_5_test_2,1-64,64,1.688135593220339,0.026377118644067797,1.8927973706432095,0.0,14.0,32.07042545831892,0.5011003977862332,3.882965780546871,14.0,48.0,9.946687127985692
Single-sweep,enrolled_cohort,128,enroll_5_test_2,65-128,64,3.1898305084745764,0.049841101694915256,2.2688136277132505,0.0,17.0,32.0662746454514,0.5010355413351781,3.838978830156889,14.0,49.0,9.157837307619118
Single-sweep,enrolled_cohort,128,enroll_5_test_3,1-64,64,1.2101694915254237,0.018908898305084746,1.3862412983176144,0.0,9.0,32.06775049002652,0.5010586014066644,3.881611571783088,14.0,49.0,10.58762183440902
Single-sweep,enrolled_cohort,128,enroll_5_test_3,65-128,64,2.7898305084745765,0.04359110169491526,2.0076126306078748,0.0,11.0,32.06841923209962,0.5010690505015566,3.8390102865361406,16.0,49.0,9.557630945652564
Single-sweep,enrolled_cohort,128,enroll_5_test_4,1-64,64,1.040677966101695,0.016260593220338983,1.1945338435659412,0.0,7.0,32.072039663322954,0.5011256197394212,3.880955041907408,14.0,48.0,10.807427188492946
Single-sweep,enrolled_cohort,128,enroll_5_test_4,65-128,64,2.6677966101694914,0.041684322033898304,1.912582813819146,0.0,10.0,32.070702179176756,0.5011047215496368,3.8402331663172387,17.0,48.0,9.692438276302898
Single-sweep,enrolled_cohort,128,aggregate,1-64,64,1.6116949152542372,0.025182733050847457,1.755305475764141,0.0,18.0,32.069870863599675,0.5010917322437449,3.885397877330205,13.0,50.0,10.103057853889208
Single-sweep,enrolled_cohort,128,aggregate,65-128,64,3.210677966101695,0.050166843220338986,2.178939061677358,0.0,20.0,32.06857373457858,0.5010714646027903,3.8425150884205697,14.0,51.0,9.238915623019968
Multi-sweep,enrolled_cohort,128,test_1,1-64,64,1.9322033898305084,0.030190677966101694,1.820745967140726,0.0,13.0,32.072800645682,0.5011375100887813,3.885014877447836,15.0,47.0,9.934777938359844
Multi-sweep,enrolled_cohort,128,test_1,65-128,64,3.247457627118644,0.05074152542372881,2.132463358873941,0.0,12.0,32.06897267381529,0.5010776980283639,3.846303784415198,16.0,49.0,9.268026318017414
Multi-sweep,enrolled_cohort,128,test_2,1-64,64,1.1288135593220339,0.01763771186440678,1.4628100401012298,0.0,13.0,32.07944194627003,0.5012412804104692,3.8807422391705666,15.0,48.0,10.554084799441098
Multi-sweep,enrolled_cohort,128,test_2,65-128,64,2.4983050847457626,0.03903601694915254,1.768727926515348,0.0,10.0,32.06645912602329,0.5010384238441139,3.835466007834901,17.0,50.0,9.900372776814631
Multi-sweep,enrolled_cohort,128,test_3,1-64,64,1.0101694915254238,0.015783898305084747,1.2191352621844065,0.0,7.0,32.07791998155194,0.5012174997117491,3.879706324946433,15.0,48.0,10.803834024571975
Multi-sweep,enrolled_cohort,128,test_3,65-128,64,2.2135593220338983,0.03458686440677966,1.735528858125757,0.0,10.0,32.07635189669088,0.501192998385795,3.818394098740531,15.0,48.0,10.068978506901308
Multi-sweep,enrolled_cohort,128,test_4,1-64,64,1.0813559322033899,0.016896186440677967,1.1606464560798038,0.0,5.0,32.08068719013029,0.5012607373457858,3.877996997944102,15.0,50.0,10.830072540226709
Multi-sweep,enrolled_cohort,128,test_4,65-128,64,2.2576271186440677,0.03527542372881356,1.7655242799054185,0.0,12.0,32.06659748645221,0.5010405857258158,3.8357732339157047,16.0,51.0,9.9835149505847
Multi-sweep,enrolled_cohort,128,test_5,1-64,64,1.3457627118644069,0.021027542372881357,1.3359653486863272,0.0,8.0,32.08124063184596,0.5012693848725931,3.8822140535395455,12.0,49.0,10.58699458827534
Multi-sweep,enrolled_cohort,128,test_5,65-128,64,2.5864406779661016,0.04041313559322034,1.8821988902040223,0.0,14.0,32.072108843537414,0.5011267006802721,3.8375879492204046,15.0,47.0,9.755726635162628
Multi-sweep,enrolled_cohort,128,aggregate,1-64,64,1.2996610169491525,0.020307203389830508,1.4566438420458858,0.0,13.0,32.078418079096046,0.5012252824858757,3.881118911211834,12.0,50.0,10.500080544817784
Multi-sweep,enrolled_cohort,128,aggregate,65-128,64,2.5606779661016947,0.04001059322033898,1.8968157495685574,0.0,14.0,32.07009800530382,0.5010952813328722,3.8346998599236954,15.0,51.0,9.754758308629356
Single-sweep,heldout_sensor_cohort,128,enroll_1_test_2,1-64,64,1.4666666666666666,0.022916666666666665,1.50248835748162,0.0,6.0,31.66896551724138,0.49482758620689654,4.205681683423608,18.0,43.0,9.563909930509958
Single-sweep,heldout_sensor_cohort,128,enroll_1_test_2,65-128,64,2.3666666666666667,0.03697916666666667,1.4259499757471625,0.0,6.0,31.973563218390805,0.4995869252873563,4.167161882135753,17.0,43.0,9.50655158837568
Single-sweep,heldout_sensor_cohort,128,enroll_1_test_3,1-64,64,1.8333333333333333,0.028645833333333332,1.743625500231478,0.0,6.0,31.658620689655173,0.4946659482758621,4.210733496236295,18.0,42.0,9.254992929239666
Single-sweep,heldout_sensor_cohort,128,enroll_1_test_3,65-128,64,2.6333333333333333,0.04114583333333333,1.3256965204630418,0.0,5.0,31.973563218390805,0.4995869252873563,4.18039590931284,18.0,46.0,9.461346509667003
Single-sweep,heldout_sensor_cohort,128,enroll_1_test_4,1-64,64,2.033333333333333,0.03177083333333333,1.9384197853839134,0.0,8.0,31.633333333333333,0.4942708333333333,4.172355916429472,17.0,42.0,9.0988615106723
Single-sweep,heldout_sensor_cohort,128,enroll_1_test_4,65-128,64,2.9,0.0453125,1.6262925893598903,0.0,6.0,32.04252873563218,0.5006645114942528,4.246087542776579,18.0,45.0,9.0641912711903
Single-sweep,heldout_sensor_cohort,128,enroll_1_test_5,1-64,64,2.1333333333333333,0.03333333333333333,2.1291625896895083,0.0,10.0,31.675862068965518,0.4949353448275862,4.1817997215023945,17.0,43.0,8.90320335973148
Single-sweep,heldout_sensor_cohort,128,enroll_1_test_5,65-128,64,2.933333333333333,0.04583333333333333,1.4840144374549435,0.0,6.0,32.00689655172414,0.5001077586206897,4.202574505574147,18.0,44.0,9.225303375224119
Single-sweep,heldout_sensor_cohort,128,enroll_2_test_1,1-64,64,1.6666666666666667,0.026041666666666668,1.4932799662056893,0.0,7.0,31.47586206896552,0.49181034482758623,4.207094821775608,20.0,44.0,9.443145963143111
Single-sweep,heldout_sensor_cohort,128,enroll_2_test_1,65-128,64,2.466666666666667,0.03854166666666667,1.4319827906241327,0.0,5.0,31.795402298850576,0.49680316091954024,4.410676137755937,20.0,47.0,8.944215685311478
Single-sweep,heldout_sensor_cohort,128,enroll_2_test_3,1-64,64,0.9666666666666667,0.015104166666666667,0.9278574999588488,0.0,4.0,31.41264367816092,0.49082255747126435,4.296928134362499,19.0,44.0,9.794689142458822
Single-sweep,heldout_sensor_cohort,128,enroll_2_test_3,65-128,64,2.0,0.03125,1.3896166675593025,0.0,6.0,31.744827586206895,0.49601293103448274,4.421850718784512,19.0,46.0,9.075507519343464
Single-sweep,heldout_sensor_cohort,128,enroll_2_test_4,1-64,64,1.3666666666666667,0.021354166666666667,1.3514572807192966,0.0,6.0,31.45632183908046,0.4915050287356322,4.25751082480632,19.0,44.0,9.526423861339865
Single-sweep,heldout_sensor_cohort,128,enroll_2_test_4,65-128,64,2.433333333333333,0.03802083333333333,1.4064710873459965,0.0,5.0,31.785057471264366,0.4966415229885057,4.330267301088892,20.0,46.0,9.117074470802853
Single-sweep,heldout_sensor_cohort,128,enroll_2_test_5,1-64,64,1.5666666666666667,0.024479166666666666,1.6120950886075684,0.0,7.0,31.486206896551725,0.4919719827586207,4.247159002074823,18.0,44.0,9.314175566518788
Single-sweep,heldout_sensor_cohort,128,enroll_2_test_5,65-128,64,2.5,0.0390625,1.2798167972341818,1.0,5.0,31.78965517241379,0.4967133620689655,4.395900760288587,19.0,45.0,9.047200145280291
Single-sweep,heldout_sensor_cohort,128,enroll_3_test_1,1-64,64,1.8666666666666667,0.029166666666666667,1.4319827906241327,0.0,5.0,31.627586206896552,0.49418103448275863,4.224338752434707,18.0,43.0,9.435886004567175
Single-sweep,heldout_sensor_cohort,128,enroll_3_test_1,65-128,64,3.1,0.0484375,1.6049492418657725,1.0,8.0,31.603448275862068,0.4938038793103448,4.460050216601353,19.0,45.0,8.504152960862799
Single-sweep,heldout_sensor_cohort,128,enroll_3_test_2,1-64,64,1.1,0.0171875,0.9228890171255885,0.0,4.0,31.6816091954023,0.4950251436781609,4.214174905575588,17.0,46.0,10.025142262475887
Single-sweep,heldout_sensor_cohort,128,enroll_3_test_2,65-128,64,2.3666666666666667,0.03697916666666667,1.7317189652806377,0.0,6.0,31.688505747126438,0.4951329022988506,4.5093669366888145,19.0,45.0,8.584572501504717
Single-sweep,heldout_sensor_cohort,128,enroll_3_test_4,1-64,64,0.8333333333333334,0.013020833333333334,0.8339078479367938,0.0,3.0,31.695402298850574,0.4952406609195402,4.23969428208194,18.0,44.0,10.10097064092029
Single-sweep,heldout_sensor_cohort,128,enroll_3_test_4,65-128,64,2.1666666666666665,0.033854166666666664,1.4874957741657353,0.0,5.0,31.702298850574714,0.4953484195402299,4.461302142151548,19.0,46.0,8.881970942748234
Single-sweep,heldout_sensor_cohort,128,enroll_3_test_5,1-64,64,1.2,0.01875,0.9247553264475439,0.0,3.0,31.673563218390804,0.4948994252873563,4.241730864824014,17.0,44.0,9.926860071835161
Single-sweep,heldout_sensor_cohort,128,enroll_3_test_5,65-128,64,2.466666666666667,0.03854166666666667,1.279367659898984,1.0,6.0,31.79080459770115,0.4967313218390805,4.419322365352933,19.0,44.0,9.01381476766634
Single-sweep,heldout_sensor_cohort,128,enroll_4_test_1,1-64,64,2.2666666666666666,0.035416666666666666,2.3915560269174247,0.0,10.0,31.49655172413793,0.49213362068965516,4.192092075184742,19.0,44.0,8.565007537027963
Single-sweep,heldout_sensor_cohort,128,enroll_4_test_1,65-128,64,3.5,0.0546875,1.756760341239443,0.0,7.0,31.775862068965516,0.4964978448275862,4.20111403706381,21.0,44.0,8.781584903535032
Single-sweep,heldout_sensor_cohort,128,enroll_4_test_2,1-64,64,1.4666666666666666,0.022916666666666665,1.6344003083137537,0.0,7.0,31.53793103448276,0.4927801724137931,4.245114741287888,18.0,45.0,9.348946749286938
Single-sweep,heldout_sensor_cohort,128,enroll_4_test_2,65-128,64,2.933333333333333,0.04583333333333333,1.9286109586656035,0.0,9.0,31.832183908045977,0.4973778735632184,4.241758929429031,19.0,44.0,8.770918218298165
Single-sweep,heldout_sensor_cohort,128,enroll_4_test_3,1-64,64,1.4,0.021875,1.3796551293211172,0.0,5.0,31.510344827586206,0.49234913793103446,4.2658230320802275,18.0,44.0,9.497847592100378
Single-sweep,heldout_sensor_cohort,128,enroll_4_test_3,65-128,64,2.566666666666667,0.04010416666666667,1.75545127970055,0.0,7.0,31.835632183908046,0.4974317528735632,4.145164443663959,20.0,44.0,9.195170990427888
Single-sweep,heldout_sensor_cohort,128,enroll_4_test_5,1-64,64,1.3,0.0203125,1.0875470659652644,0.0,4.0,31.53448275862069,0.4927262931034483,4.286149384305401,17.0,45.0,9.669445415852161
Single-sweep,heldout_sensor_cohort,128,enroll_4_test_5,65-128,64,2.7333333333333334,0.042708333333333334,1.4840144374549435,0.0,5.0,31.82758620689655,0.4973060344827586,4.157450357665061,20.0,45.0,9.320799006029869
Single-sweep,heldout_sensor_cohort,128,enroll_5_test_1,1-64,64,2.4,0.0375,1.8118384642924588,0.0,7.0,31.754022988505746,0.4961566091954023,4.106095964918354,19.0,44.0,9.249598766454135
Single-sweep,heldout_sensor_cohort,128,enroll_5_test_1,65-128,64,3.1,0.0484375,1.5391444107819703,1.0,7.0,32.00344827586207,0.5000538793103448,4.043632801269021,19.0,44.0,9.447404835546134
Single-sweep,heldout_sensor_cohort,128,enroll_5_test_2,1-64,64,1.5,0.0234375,1.5256428831468234,0.0,7.0,31.84022988505747,0.497503591954023,4.090572949931905,18.0,47.0,9.828068261603576
Single-sweep,heldout_sensor_cohort,128,enroll_5_test_2,65-128,64,2.5,0.0390625,1.45625878715715,0.0,6.0,32.07011494252873,0.5010955459770114,4.052123424149438,20.0,45.0,9.71199683415314
Single-sweep,heldout_sensor_cohort,128,enroll_5_test_3,1-64,64,1.2666666666666666,0.019791666666666666,1.3113124074319809,0.0,6.0,31.763218390804596,0.4963002873563218,4.122578514913836,17.0,44.0,9.969389614184784
Single-sweep,heldout_sensor_cohort,128,enroll_5_test_3,65-128,64,2.8666666666666667,0.04479166666666667,1.8143742786394725,0.0,6.0,32.04827586206896,0.5007543103448275,4.013494557854778,18.0,46.0,9.369627676074797
Single-sweep,heldout_sensor_cohort,128,enroll_5_test_4,1-64,64,1.0333333333333334,0.016145833333333335,0.6686751354593717,0.0,2.0,31.80574712643678,0.4969647988505747,4.078088642803029,18.0,44.0,10.530740320772415
Single-sweep,heldout_sensor_cohort,128,enroll_5_test_4,65-128,64,2.033333333333333,0.03177083333333333,1.7515182248421006,0.0,7.0,31.980459770114944,0.499694683908046,4.037321260988854,19.0,45.0,9.623437784869038
Single-sweep,heldout_sensor_cohort,128,aggregate,1-64,64,1.5333333333333334,0.023958333333333335,1.5338872968010726,0.0,10.0,31.61942528735632,0.4940535201149425,4.204168082877831,17.0,47.0,9.507442884498474
Single-sweep,heldout_sensor_cohort,128,aggregate,65-128,64,2.6283333333333334,0.041067708333333335,1.5782951503203586,0.0,9.0,31.863505747126435,0.49786727729885055,4.257481260520641,17.0,47.0,9.105550613447903
Multi-sweep,heldout_sensor_cohort,128,test_1,1-64,64,2.0,0.03125,1.6815428055498771,0.0,7.0,31.466666666666665,0.49166666666666664,4.198269868500717,18.0,46.0,9.214396652024467
Multi-sweep,heldout_sensor_cohort,128,test_1,65-128,64,2.4,0.0375,2.077797242107695,0.0,8.0,31.901149425287358,0.49845545977011496,4.0999451076309,19.0,45.0,9.076891923207418
Multi-sweep,heldout_sensor_cohort,128,test_2,1-64,64,1.0666666666666667,0.016666666666666666,1.2576204496597132,0.0,5.0,31.616091954022988,0.4940014367816092,4.299727653837321,18.0,43.0,9.64389083934294
Multi-sweep,heldout_sensor_cohort,128,test_2,65-128,64,2.4,0.0375,1.8495106528950878,0.0,6.0,31.832183908045977,0.4973778735632184,4.381346962858196,19.0,48.0,8.752276617550537
Multi-sweep,heldout_sensor_cohort,128,test_3,1-64,64,0.9,0.0140625,0.9228890171255885,0.0,3.0,31.57126436781609,0.49330100574712643,4.31886188940878,17.0,44.0,9.821585017903978
Multi-sweep,heldout_sensor_cohort,128,test_3,65-128,64,1.6666666666666667,0.026041666666666668,1.397863723152492,0.0,6.0,32.03448275862069,0.5005387931034483,4.250629888642416,22.0,45.0,9.597898640351797
Multi-sweep,heldout_sensor_cohort,128,test_4,1-64,64,1.2,0.01875,0.9965457582448796,0.0,4.0,31.618390804597702,0.4940373563218391,4.261491031079449,17.0,45.0,9.829426710294003
Multi-sweep,heldout_sensor_cohort,128,test_4,65-128,64,2.033333333333333,0.03177083333333333,1.3514572807192964,0.0,6.0,31.78735632183908,0.49667744252873564,4.302922832407914,20.0,44.0,9.32971403869763
Multi-sweep,heldout_sensor_cohort,128,test_5,1-64,64,1.0,0.015625,0.8709883407113854,0.0,3.0,31.379310344827587,0.49030172413793105,4.199680461597599,16.0,43.0,10.016868107876514
Multi-sweep,heldout_sensor_cohort,128,test_5,65-128,64,2.7,0.0421875,1.9502431324996556,0.0,6.0,31.860919540229887,0.497826867816092,4.271048367699256,20.0,46.0,8.783309408036303
Multi-sweep,heldout_sensor_cohort,128,aggregate,1-64,64,1.2333333333333334,0.019270833333333334,1.233844141151241,0.0,7.0,31.530344827586205,0.49266163793103446,4.254965975476457,16.0,46.0,9.671339891536805
Multi-sweep,heldout_sensor_cohort,128,aggregate,65-128,64,2.24,0.035,1.7634621225640545,0.0,8.0,31.883218390804597,0.4981752873563218,4.261045995794633,19.0,48.0,9.090635919137327
Single-sweep,enrolled_cohort,256,enroll_1_test_2,1-64,64,1.7152542372881356,0.02680084745762712,1.626817514123571,0.0,12.0,32.05845728121757,0.5009133950190245,3.8965712707548565,13.0,49.0,10.162560638962882
Single-sweep,enrolled_cohort,256,enroll_1_test_2,65-128,64,3.3220338983050848,0.05190677966101695,2.0507231009919975,0.0,12.0,32.06498328144817,0.5010153637726277,3.858351290538431,16.0,47.0,9.302865649015105
Single-sweep,enrolled_cohort,256,enroll_1_test_2,129-256,128,21.772881355932203,0.17010063559322033,7.199721992659855,0.0,59.0,64.11643030093393,0.5009096117260463,5.305530156525464,42.0,87.0,6.695745472946191
Single-sweep,enrolled_cohort,256,enroll_1_test_3,1-64,64,2.0677966101694913,0.0323093220338983,1.9453800739087614,0.0,14.0,32.06237749337023,0.5009746483339098,3.896149458567911,14.0,49.0,9.740635177391644
Single-sweep,enrolled_cohort,256,enroll_1_test_3,65-128,64,3.705084745762712,0.05789194915254237,2.1359749585156593,0.0,15.0,32.06350743687305,0.5009923037011415,3.854285637337969,16.0,48.0,9.101141429283976
Single-sweep,enrolled_cohort,256,enroll_1_test_3,129-256,128,22.379661016949154,0.17484110169491526,7.132725663791067,8.0,55.0,64.1136400322841,0.5008878127522195,5.313514785743439,42.0,91.0,6.6357689241087305
Single-sweep,enrolled_cohort,256,enroll_1_test_4,1-64,64,2.31864406779661,0.03622881355932203,2.0421139654072413,0.0,14.0,32.06567508359276,0.5010261731811368,3.8944613269969346,14.0,49.0,9.566727834896454
Single-sweep,enrolled_cohort,256,enroll_1_test_4,65-128,64,3.922033898305085,0.06128177966101695,2.2263166093584936,0.0,13.0,32.066551366309234,0.5010398650985818,3.85497611451408,17.0,48.0,8.941003662960076
Single-sweep,enrolled_cohort,256,enroll_1_test_4,129-256,128,23.406779661016948,0.1828654661016949,7.683622135292199,7.0,57.0,64.10833621584227,0.5008463766862677,5.337182138898648,37.0,90.0,6.152668599412901
Single-sweep,enrolled_cohort,256,enroll_1_test_5,1-64,64,2.4440677966101694,0.038188559322033896,2.1734538789897218,0.0,15.0,32.06708174795342,0.5010481523117721,3.8962754972571476,14.0,49.0,9.389979151747053
Single-sweep,enrolled_cohort,256,enroll_1_test_5,65-128,64,3.983050847457627,0.062235169491525424,2.3071283017654443,0.0,14.0,32.06673584688112,0.5010427476075175,3.861075687318804,16.0,48.0,8.830049480840124
Single-sweep,enrolled_cohort,256,enroll_1_test_5,129-256,128,23.36271186440678,0.18252118644067797,7.715650194695168,8.0,59.0,64.10432376340367,0.5008150294015912,5.32680887688021,43.0,88.0,6.1453068553966546
Single-sweep,enrolled_cohort,256,enroll_2_test_1,1-64,64,1.5627118644067797,0.024417372881355932,1.4505333648509544,0.0,9.0,32.068626772742995,0.5010722933241093,3.883176146824461,14.0,48.0,10.407543689084763
Single-sweep,enrolled_cohort,256,enroll_2_test_1,65-128,64,3.2508474576271187,0.05079449152542373,2.079571260214841,0.0,12.0,32.07586763518967,0.5011854317998385,3.8434569669109244,15.0,48.0,9.328344300960902
Single-sweep,enrolled_cohort,256,enroll_2_test_1,129-256,128,21.372881355932204,0.16697563559322035,6.9661433544088815,0.0,42.0,64.10014989046466,0.5007824210192552,5.313610409186777,43.0,90.0,6.896807332485145
Single-sweep,enrolled_cohort,256,enroll_2_test_3,1-64,64,1.305084745762712,0.020391949152542374,1.5011813634571296,0.0,12.0,32.070563818747836,0.5011025596679349,3.8832898916314758,14.0,48.0,10.450467637148686
Single-sweep,enrolled_cohort,256,enroll_2_test_3,65-128,64,3.006779661016949,0.04698093220338983,2.2375782893444116,0.0,21.0,32.06867289288597,0.5010730139513433,3.8412336527688193,17.0,50.0,9.245391216596385
Single-sweep,enrolled_cohort,256,enroll_2_test_3,129-256,128,20.508474576271187,0.16022245762711865,7.5344399314171815,0.0,49.0,64.11428571428571,0.5008928571428571,5.309359008897198,40.0,95.0,6.690515534524528
Single-sweep,enrolled_cohort,256,enroll_2_test_4,1-64,64,1.5084745762711864,0.023569915254237288,1.5383187367759845,0.0,12.0,32.07058687881933,0.501102919981552,3.881869947100279,14.0,48.0,10.351020515120787
Single-sweep,enrolled_cohort,256,enroll_2_test_4,65-128,64,3.2,0.05,2.265686062395524,0.0,21.0,32.06715092816788,0.5010492332526231,3.8415397053767872,16.0,48.0,9.153627287316567
Single-sweep,enrolled_cohort,256,enroll_2_test_4,129-256,128,20.928813559322034,0.1635063559322034,7.33677371789335,8.0,47.0,64.1124870287098,0.5008788049117953,5.313632627603922,43.0,91.0,6.741569939304133
Single-sweep,enrolled_cohort,256,enroll_2_test_5,1-64,64,1.4983050847457626,0.02341101694915254,1.6799631034804574,0.0,12.0,32.07111726046351,0.5011112071947423,3.882356269638403,14.0,48.0,10.220801278244968
Single-sweep,enrolled_cohort,256,enroll_2_test_5,65-128,64,3.1966101694915254,0.049947033898305085,2.3157231060681376,0.0,20.0,32.07058687881933,0.501102919981552,3.8498850928586306,17.0,47.0,9.088996798670063
Single-sweep,enrolled_cohort,256,enroll_2_test_5,129-256,128,21.681355932203388,0.16938559322033897,7.6500961395468705,7.0,57.0,64.11721434336447,0.5009157370575349,5.310411294160713,42.0,87.0,6.444322109089422
Single-sweep,enrolled_cohort,256,enroll_3_test_1,1-64,64,2.0542372881355933,0.032097457627118645,2.0760475622966323,0.0,18.0,32.073999769399286,0.5011562463968638,3.8776695104763794,14.0,48.0,9.652134262981704
Single-sweep,enrolled_cohort,256,enroll_3_test_1,65-128,64,3.559322033898305,0.055614406779661014,2.3275281510436368,0.0,14.0,32.077551020408166,0.5012117346938776,3.8411126943952354,16.0,48.0,8.979829403251454
Single-sweep,enrolled_cohort,256,enroll_3_test_1,129-256,128,22.28813559322034,0.1741260593220339,7.507028107177974,9.0,45.0,64.09823590453131,0.5007674680041508,5.33675972796894,40.0,87.0,6.419554626729182
Single-sweep,enrolled_cohort,256,enroll_3_test_2,1-64,64,1.2847457627118644,0.02007415254237288,1.6802993699214774,0.0,16.0,32.073999769399286,0.5011562463968638,3.8760902715665955,15.0,48.0,10.306843716902922
Single-sweep,enrolled_cohort,256,enroll_3_test_2,65-128,64,2.9966101694915253,0.04682203389830508,2.0295408566993363,0.0,15.0,32.077343479764785,0.5012084918713248,3.8399159812904777,16.0,48.0,9.468987933831205
Single-sweep,enrolled_cohort,256,enroll_3_test_2,129-256,128,20.359322033898305,0.1590572033898305,7.54936404593011,0.0,50.0,64.10582266805027,0.5008267395941427,5.320741075932953,40.0,90.0,6.698471253500167
Single-sweep,enrolled_cohort,256,enroll_3_test_4,1-64,64,1.064406779661017,0.01663135593220339,1.1863398682279362,0.0,6.0,32.07713593912141,0.5012052490487721,3.8758565893318906,15.0,50.0,10.820332565952487
Single-sweep,enrolled_cohort,256,enroll_3_test_4,65-128,64,2.759322033898305,0.04311440677966102,1.8386551063271928,0.0,11.0,32.07383834889888,0.501153724201545,3.8334817192076707,15.0,48.0,9.750878499415688
Single-sweep,enrolled_cohort,256,enroll_3_test_4,129-256,128,19.915254237288135,0.15558792372881355,7.554986945141996,6.0,49.0,64.12261040009224,0.5009578937507206,5.29851669838807,41.0,86.0,6.775039650220963
Single-sweep,enrolled_cohort,256,enroll_3_test_5,1-64,64,1.230508474576271,0.019226694915254236,1.3252203304536438,0.0,9.0,32.074115069756715,0.5011580479649487,3.8775989177360453,15.0,49.0,10.644595659532763
Single-sweep,enrolled_cohort,256,enroll_3_test_5,65-128,64,3.0271186440677966,0.04729872881355932,1.9620403190981737,0.0,11.0,32.0748068719013,0.5011688573734578,3.8327049088738847,15.0,48.0,9.540710904844842
Single-sweep,enrolled_cohort,256,enroll_3_test_5,129-256,128,20.16271186440678,0.15752118644067797,7.019939974574388,7.0,48.0,64.11822898650986,0.5009236639571083,5.313985340444688,41.0,89.0,7.060364443552301
Single-sweep,enrolled_cohort,256,enroll_4_test_1,1-64,64,2.301694915254237,0.035963983050847456,2.220918753734216,0.0,16.0,32.06788885045544,0.5010607632883662,3.888865149596087,15.0,49.0,9.399804619384886
Single-sweep,enrolled_cohort,256,enroll_4_test_1,65-128,64,3.8,0.059375,2.505232619177404,0.0,18.0,32.06456820016142,0.5010088781275222,3.84963133976476,16.0,50.0,8.70279630523239
Single-sweep,enrolled_cohort,256,enroll_4_test_1,129-256,128,22.92542372881356,0.17910487288135593,7.709072162871496,7.0,50.0,64.1123025481379,0.5008773636573274,5.32347452158102,41.0,88.0,6.217315018272825
Single-sweep,enrolled_cohort,256,enroll_4_test_2,1-64,64,1.5491525423728814,0.02420550847457627,1.7053709554520087,0.0,13.0,32.07086359967716,0.5011072437449556,3.8881389759957425,15.0,49.0,10.166587845411405
Single-sweep,enrolled_cohort,256,enroll_4_test_2,65-128,64,3.1152542372881356,0.04867584745762712,2.252799736512463,0.0,21.0,32.06496022137669,0.5010150034590107,3.8493701491214942,15.0,49.0,9.179344395521106
Single-sweep,enrolled_cohort,256,enroll_4_test_2,129-256,128,21.37627118644068,0.1670021186440678,7.732173682618657,7.0,47.0,64.12609247088666,0.500985097428802,5.310750706224354,43.0,87.0,6.445122910750437
Single-sweep,enrolled_cohort,256,enroll_4_test_3,1-64,64,1.1016949152542372,0.017213983050847457,1.2683337837016009,0.0,8.0,32.07187824282255,0.5011230975441023,3.885316955428218,14.0,48.0,10.716275591775627
Single-sweep,enrolled_cohort,256,enroll_4_test_3,65-128,64,2.705084745762712,0.04226694915254237,1.7817502410172859,0.0,11.0,32.06371497751643,0.5009955465236943,3.8449793188239467,16.0,50.0,9.797510979369767
Single-sweep,enrolled_cohort,256,enroll_4_test_3,129-256,128,20.196610169491525,0.15778601694915254,7.442431349252178,6.0,45.0,64.1231869018794,0.5009623976709328,5.294523888147276,41.0,87.0,6.801468065904159
Single-sweep,enrolled_cohort,256,enroll_4_test_5,1-64,64,1.0169491525423728,0.015889830508474576,1.2246271878030563,0.0,8.0,32.073999769399286,0.5011562463968638,3.887327237269106,14.0,49.0,10.776481666414444
Single-sweep,enrolled_cohort,256,enroll_4_test_5,65-128,64,2.640677966101695,0.04126059322033898,1.8771014205098784,0.0,11.0,32.063253776086704,0.5009883402513547,3.8495603120175343,17.0,49.0,9.715495445209676
Single-sweep,enrolled_cohort,256,enroll_4_test_5,129-256,128,19.867796610169492,0.15521716101694916,7.883040451577865,0.0,50.0,64.12297936123602,0.5009607762596564,5.286953428918038,40.0,89.0,6.593723198280029
Single-sweep,enrolled_cohort,256,enroll_5_test_1,1-64,64,2.2711864406779663,0.03548728813559322,2.111118190945749,0.0,15.0,32.06883431338637,0.501075536146662,3.891679008572043,14.0,48.0,9.518027372945022
Single-sweep,enrolled_cohort,256,enroll_5_test_1,65-128,64,3.6847457627118643,0.05757415254237288,2.401587737234129,0.0,18.0,32.07215496368039,0.5011274213075061,3.8316395011971407,17.0,48.0,8.877768512920921
Single-sweep,enrolled_cohort,256,enroll_5_test_1,129-256,128,22.52542372881356,0.17597987288135594,7.494115451571043,6.0,46.0,64.12597717052923,0.5009841966447596,5.340334775764628,44.0,90.0,6.393243800571034
Single-sweep,enrolled_cohort,256,enroll_5_test_2,1-64,64,1.688135593220339,0.026377118644067797,1.8927973706432095,0.0,14.0,32.07042545831892,0.5011003977862332,3.882965780546871,14.0,48.0,9.946687127985692
Single-sweep,enrolled_cohort,256,enroll_5_test_2,65-128,64,3.1864406779661016,0.04978813559322034,2.265345074937537,0.0,16.0,32.07040239824743,0.5011000374726161,3.8294868202132646,13.0,50.0,9.180677373259927
Single-sweep,enrolled_cohort,256,enroll_5_test_2,129-256,128,21.003389830508475,0.16408898305084746,7.510762484316396,4.0,48.0,64.13930589184827,0.5010883272800646,5.311547280975231,41.0,90.0,6.6314274642621625
Single-sweep,enrolled_cohort,256,enroll_5_test_3,1-64,64,1.2101694915254237,0.018908898305084746,1.3862412983176144,0.0,9.0,32.06775049002652,0.5010586014066644,3.881611571783088,14.0,49.0,10.58762183440902
Single-sweep,enrolled_cohort,256,enroll_5_test_3,65-128,64,2.7084745762711866,0.04231991525423729,1.9298309939390448,0.0,10.0,32.07374610861294,0.5011522829470771,3.8318318830125224,17.0,49.0,9.679554087896967
Single-sweep,enrolled_cohort,256,enroll_5_test_3,129-256,128,19.671186440677968,0.15368114406779662,6.843017466246374,6.0,47.0,64.13999769399285,0.5010937319843192,5.306455723445271,42.0,93.0,7.26243529873018
Single-sweep,enrolled_cohort,256,enroll_5_test_4,1-64,64,1.040677966101695,0.016260593220338983,1.1945338435659412,0.0,7.0,32.072039663322954,0.5011256197394212,3.880955041907408,14.0,48.0,10.807427188492946
Single-sweep,enrolled_cohort,256,enroll_5_test_4,65-128,64,2.5762711864406778,0.04025423728813559,1.7862226879181726,0.0,9.0,32.075337253545484,0.5011771445866482,3.831746765853303,17.0,48.0,9.867929957140495
Single-sweep,enrolled_cohort,256,enroll_5_test_4,129-256,128,19.864406779661017,0.1551906779661017,7.65243642478185,0.0,40.0,64.13222644990199,0.5010330191398593,5.310814291200155,37.0,98.0,6.720970922778526
Single-sweep,enrolled_cohort,256,aggregate,1-64,64,1.6116949152542372,0.025182733050847457,1.755305475764141,0.0,18.0,32.069870863599675,0.5010917322437449,3.885397877330205,13.0,50.0,10.103057853889208
Single-sweep,enrolled_cohort,256,aggregate,65-128,64,3.21728813559322,0.050270127118644065,2.1775502615503846,0.0,21.0,32.06978669433875,0.501090417099043,3.8435068919742252,13.0,50.0,9.236815457096618
Single-sweep,enrolled_cohort,256,aggregate,129-256,128,21.278474576271186,0.16623808262711864,7.543347819998622,0.0,59.0,64.11769168684422,0.5009194663034705,5.314245235267902,37.0,98.0,6.565703811339188
Multi-sweep,enrolled_cohort,256,test_1,1-64,64,1.9322033898305084,0.030190677966101694,1.820745967140726,0.0,13.0,32.072800645682,0.5011375100887813,3.885014877447836,15.0,47.0,9.934777938359844
Multi-sweep,enrolled_cohort,256,test_1,65-128,64,3.2033898305084745,0.050052966101694914,2.145868210008751,0.0,13.0,32.073469387755104,0.5011479591836735,3.846097606611823,16.0,49.0,9.270288806725459
Multi-sweep,enrolled_cohort,256,test_1,129-256,128,20.315254237288137,0.15871292372881357,6.326620508691342,6.0,56.0,64.11845958722472,0.5009254655251931,5.266168821512379,42.0,90.0,7.5255540889563886
Multi-sweep,enrolled_cohort,256,test_2,1-64,64,1.1288135593220339,0.01763771186440678,1.4628100401012298,0.0,13.0,32.07944194627003,0.5012412804104692,3.8807422391705666,15.0,48.0,10.554084799441098
Multi-sweep,enrolled_cohort,256,test_2,65-128,64,2.48135593220339,0.038771186440677965,1.797246058081508,0.0,10.0,32.0714631615358,0.5011166118989969,3.8347687196394302,16.0,51.0,9.881076316153475
Multi-sweep,enrolled_cohort,256,test_2,129-256,128,18.25423728813559,0.1426112288135593,5.781136402712544,6.0,52.0,64.11271762942465,0.5008806064798801,5.243409402573773,42.0,93.0,8.309463018880292
Multi-sweep,enrolled_cohort,256,test_3,1-64,64,1.0101694915254238,0.015783898305084747,1.2191352621844065,0.0,7.0,32.07791998155194,0.5012174997117491,3.879706324946433,15.0,48.0,10.803834024571975
Multi-sweep,enrolled_cohort,256,test_3,65-128,64,2.233898305084746,0.034904661016949154,1.7091799132968786,0.0,12.0,32.077158999192896,0.501205609362389,3.8230222929060225,16.0,48.0,10.078273795253937
Multi-sweep,enrolled_cohort,256,test_3,129-256,128,18.47457627118644,0.14433262711864406,5.786907379051504,8.0,40.0,64.11829816672432,0.5009242044275337,5.254166994574343,43.0,89.0,8.258377857902437
Multi-sweep,enrolled_cohort,256,test_4,1-64,64,1.0813559322033899,0.016896186440677967,1.1606464560798038,0.0,5.0,32.08068719013029,0.5012607373457858,3.877996997944102,15.0,50.0,10.830072540226709
Multi-sweep,enrolled_cohort,256,test_4,65-128,64,2.376271186440678,0.037129237288135594,1.7566529498087313,0.0,13.0,32.073146546754295,0.5011429147930359,3.8388960917686585,16.0,48.0,9.94800341512404
Multi-sweep,enrolled_cohort,256,test_4,129-256,128,18.661016949152543,0.14578919491525424,5.833897454233702,6.0,50.0,64.10704485183904,0.5008362879049925,5.245201402976994,42.0,93.0,8.192364329225931
Multi-sweep,enrolled_cohort,256,test_5,1-64,64,1.3457627118644069,0.021027542372881357,1.3359653486863272,0.0,8.0,32.08124063184596,0.5012693848725931,3.8822140535395455,12.0,49.0,10.58699458827534
Multi-sweep,enrolled_cohort,256,test_5,65-128,64,2.610169491525424,0.04078389830508475,1.8240359409924065,0.0,13.0,32.07134786117837,0.501114810330912,3.841184897888625,16.0,47.0,9.798152130074545
Multi-sweep,enrolled_cohort,256,test_5,129-256,128,18.61694915254237,0.14544491525423728,5.897571059526765,6.0,46.0,64.1151389369307,0.5008995229447711,5.243119293835213,43.0,91.0,8.153873113182087
Multi-sweep,enrolled_cohort,256,aggregate,1-64,64,1.2996610169491525,0.020307203389830508,1.4566438420458858,0.0,13.0,32.078418079096046,0.5012252824858757,3.881118911211834,12.0,50.0,10.500080544817784
Multi-sweep,enrolled_cohort,256,aggregate,65-128,64,2.5810169491525423,0.040328389830508474,1.8806066738477434,0.0,13.0,32.073317191283294,0.5011455811138015,3.836784726747595,16.0,51.0,9.761168689319582
Multi-sweep,enrolled_cohort,256,aggregate,129-256,128,18.864406779661017,0.1473781779661017,5.966714625026707,6.0,56.0,64.11433183442868,0.5008932174564741,5.250398126774138,42.0,93.0,8.051615880762958
Single-sweep,heldout_sensor_cohort,256,enroll_1_test_2,1-64,64,1.4666666666666666,0.022916666666666665,1.50248835748162,0.0,6.0,31.66896551724138,0.49482758620689654,4.205681683423608,18.0,43.0,9.563909930509958
Single-sweep,heldout_sensor_cohort,256,enroll_1_test_2,65-128,64,2.3333333333333335,0.036458333333333336,1.3217891045025334,0.0,6.0,31.93103448275862,0.4989224137931034,4.2352923021776805,20.0,46.0,9.434245510978167
Single-sweep,heldout_sensor_cohort,256,enroll_1_test_2,129-256,128,10.266666666666667,0.08020833333333334,4.432896875931548,2.0,22.0,63.37931034482759,0.4951508620689655,6.078204150227073,46.0,85.0,9.98443159552649
Single-sweep,heldout_sensor_cohort,256,enroll_1_test_3,1-64,64,1.8333333333333333,0.028645833333333332,1.743625500231478,0.0,6.0,31.658620689655173,0.4946659482758621,4.210733496236295,18.0,42.0,9.254992929239666
Single-sweep,heldout_sensor_cohort,256,enroll_1_test_3,65-128,64,3.066666666666667,0.04791666666666667,1.659524928558094,0.0,6.0,31.93793103448276,0.4990301724137931,4.214153405494709,21.0,45.0,9.014985377165322
Single-sweep,heldout_sensor_cohort,256,enroll_1_test_3,129-256,128,11.4,0.0890625,5.069176631775414,3.0,26.0,63.53563218390805,0.49637212643678164,5.936797480919981,44.0,84.0,9.444758920779327
Single-sweep,heldout_sensor_cohort,256,enroll_1_test_4,1-64,64,2.033333333333333,0.03177083333333333,1.9384197853839134,0.0,8.0,31.633333333333333,0.4942708333333333,4.172355916429472,17.0,42.0,9.0988615106723
Single-sweep,heldout_sensor_cohort,256,enroll_1_test_4,65-128,64,3.2333333333333334,0.050520833333333334,1.906130460732773,0.0,7.0,32.03333333333333,0.5005208333333333,4.2148885832348215,19.0,45.0,8.804700982549475
Single-sweep,heldout_sensor_cohort,256,enroll_1_test_4,129-256,128,11.9,0.09296875,4.436136871741852,4.0,23.0,63.57816091954023,0.49670438218390806,6.090625997166978,44.0,84.0,9.69936585503907
Single-sweep,heldout_sensor_cohort,256,enroll_1_test_5,1-64,64,2.1333333333333333,0.03333333333333333,2.1291625896895083,0.0,10.0,31.675862068965518,0.4949353448275862,4.1817997215023945,17.0,43.0,8.90320335973148
Single-sweep,heldout_sensor_cohort,256,enroll_1_test_5,65-128,64,3.2,0.05,1.7300587990805003,1.0,7.0,31.942528735632184,0.4991020114942529,4.231114737045733,19.0,46.0,8.892303149349535
Single-sweep,heldout_sensor_cohort,256,enroll_1_test_5,129-256,128,11.6,0.090625,5.3213946836623895,2.0,21.0,63.59770114942529,0.4968570402298851,6.16583214810416,47.0,83.0,9.02877160078577
Single-sweep,heldout_sensor_cohort,256,enroll_2_test_1,1-64,64,1.6666666666666667,0.026041666666666668,1.4932799662056893,0.0,7.0,31.47586206896552,0.49181034482758623,4.207094821775608,20.0,44.0,9.443145963143111
Single-sweep,heldout_sensor_cohort,256,enroll_2_test_1,65-128,64,2.466666666666667,0.03854166666666667,1.5698305055298025,0.0,6.0,31.811494252873562,0.4970545977011494,4.37393222971499,19.0,49.0,8.930245746690455
Single-sweep,heldout_sensor_cohort,256,enroll_2_test_1,129-256,128,11.233333333333333,0.08776041666666666,4.1329903454281505,3.0,23.0,63.277011494252875,0.4943516522988506,6.450862354809337,42.0,83.0,9.606862172093184
Single-sweep,heldout_sensor_cohort,256,enroll_2_test_3,1-64,64,0.9666666666666667,0.015104166666666667,0.9278574999588488,0.0,4.0,31.41264367816092,0.49082255747126435,4.296928134362499,19.0,44.0,9.794689142458822
Single-sweep,heldout_sensor_cohort,256,enroll_2_test_3,65-128,64,2.033333333333333,0.03177083333333333,1.4259499757471625,0.0,6.0,31.7183908045977,0.49559985632183906,4.415425120590599,18.0,47.0,9.04769210052267
Single-sweep,heldout_sensor_cohort,256,enroll_2_test_3,129-256,128,10.966666666666667,0.08567708333333333,4.679252322631317,4.0,24.0,63.17126436781609,0.4935255028735632,6.447939841833767,43.0,84.0,9.266910104517878
Single-sweep,heldout_sensor_cohort,256,enroll_2_test_4,1-64,64,1.3666666666666667,0.021354166666666667,1.3514572807192966,0.0,6.0,31.45632183908046,0.4915050287356322,4.25751082480632,19.0,44.0,9.526423861339865
Single-sweep,heldout_sensor_cohort,256,enroll_2_test_4,65-128,64,2.2,0.034375,1.2703515668696899,0.0,5.0,31.77241379310345,0.4964439655172414,4.358626742253866,19.0,47.0,9.211870283811532
Single-sweep,heldout_sensor_cohort,256,enroll_2_test_4,129-256,128,10.866666666666667,0.08489583333333334,4.477786809646444,3.0,22.0,63.42758620689655,0.4955280172413793,6.294182194285554,45.0,82.0,9.622983563043773
Single-sweep,heldout_sensor_cohort,256,enroll_2_test_5,1-64,64,1.5666666666666667,0.024479166666666666,1.6120950886075684,0.0,7.0,31.486206896551725,0.4919719827586207,4.247159002074823,18.0,44.0,9.314175566518788
Single-sweep,heldout_sensor_cohort,256,enroll_2_test_5,65-128,64,2.3666666666666667,0.03697916666666667,1.5643293888377885,0.0,6.0,31.773563218390805,0.49646192528735633,4.379362622364383,18.0,46.0,8.942864705466878
Single-sweep,heldout_sensor_cohort,256,enroll_2_test_5,129-256,128,9.8,0.0765625,3.717618815205832,4.0,19.0,63.37931034482759,0.4951508620689655,6.287586871031479,44.0,83.0,10.37353653658851
Single-sweep,heldout_sensor_cohort,256,enroll_3_test_1,1-64,64,1.8666666666666667,0.029166666666666667,1.4319827906241327,0.0,5.0,31.627586206896552,0.49418103448275863,4.224338752434707,18.0,43.0,9.435886004567175
Single-sweep,heldout_sensor_cohort,256,enroll_3_test_1,65-128,64,2.966666666666667,0.04635416666666667,1.8096167118144553,0.0,8.0,31.660919540229884,0.49470186781609193,4.530293287000969,20.0,46.0,8.318350700737048
Single-sweep,heldout_sensor_cohort,256,enroll_3_test_1,129-256,128,11.033333333333333,0.08619791666666667,3.557249357088388,3.0,19.0,63.785057471264366,0.49832076149425286,5.990672241847021,45.0,82.0,10.707597366700899
Single-sweep,heldout_sensor_cohort,256,enroll_3_test_2,1-64,64,1.1,0.0171875,0.9228890171255885,0.0,4.0,31.6816091954023,0.4950251436781609,4.214174905575588,17.0,46.0,10.025142262475887
Single-sweep,heldout_sensor_cohort,256,enroll_3_test_2,65-128,64,2.3,0.0359375,1.6846159902134252,0.0,6.0,31.748275862068965,0.4960668103448276,4.586701196281882,18.0,47.0,8.523074375855375
Single-sweep,heldout_sensor_cohort,256,enroll_3_test_2,129-256,128,9.566666666666666,0.07473958333333333,3.883504756711687,5.0,23.0,63.79425287356322,0.49839260057471263,6.021649784486436,41.0,84.0,10.70284922474686
Single-sweep,heldout_sensor_cohort,256,enroll_3_test_4,1-64,64,0.8333333333333334,0.013020833333333334,0.8339078479367938,0.0,3.0,31.695402298850574,0.4952406609195402,4.23969428208194,18.0,44.0,10.10097064092029
Single-sweep,heldout_sensor_cohort,256,enroll_3_test_4,65-128,64,1.8,0.028125,1.5624913792865636,0.0,6.0,31.78390804597701,0.4966235632183908,4.557694932589751,17.0,45.0,8.800930607572615
Single-sweep,heldout_sensor_cohort,256,enroll_3_test_4,129-256,128,9.933333333333334,0.07760416666666667,3.9473547085867895,5.0,20.0,63.62988505747126,0.49710847701149424,5.956383757502107,48.0,83.0,10.62724012331041
Single-sweep,heldout_sensor_cohort,256,enroll_3_test_5,1-64,64,1.2,0.01875,0.9247553264475439,0.0,3.0,31.673563218390804,0.4948994252873563,4.241730864824014,17.0,44.0,9.926860071835161
Single-sweep,heldout_sensor_cohort,256,enroll_3_test_5,65-128,64,2.2,0.034375,1.1566896880679618,0.0,5.0,31.836781609195402,0.49744971264367815,4.492779399231194,19.0,46.0,9.034303108728517
Single-sweep,heldout_sensor_cohort,256,enroll_3_test_5,129-256,128,9.733333333333333,0.07604166666666666,3.9473547085867895,4.0,22.0,63.75632183908046,0.49809626436781607,5.962709224858525,48.0,84.0,10.683961274052738
Single-sweep,heldout_sensor_cohort,256,enroll_4_test_1,1-64,64,2.2666666666666666,0.035416666666666666,2.3915560269174247,0.0,10.0,31.49655172413793,0.49213362068965516,4.192092075184742,19.0,44.0,8.565007537027963
Single-sweep,heldout_sensor_cohort,256,enroll_4_test_1,65-128,64,3.3666666666666667,0.05260416666666667,1.938419785383913,0.0,7.0,31.679310344827588,0.49498922413793106,4.294606512062388,19.0,46.0,8.497829527938109
Single-sweep,heldout_sensor_cohort,256,enroll_4_test_1,129-256,128,12.833333333333334,0.10026041666666667,4.76396917484261,4.0,25.0,63.48850574712644,0.4960039511494253,6.09659350047988,42.0,83.0,9.258837394486143
Single-sweep,heldout_sensor_cohort,256,enroll_4_test_2,1-64,64,1.4666666666666666,0.022916666666666665,1.6344003083137537,0.0,7.0,31.53793103448276,0.4927801724137931,4.245114741287888,18.0,45.0,9.348946749286938
Single-sweep,heldout_sensor_cohort,256,enroll_4_test_2,65-128,64,2.6333333333333333,0.04114583333333333,1.8285727114117007,0.0,6.0,31.739080459770115,0.49592313218390804,4.309351202220892,18.0,46.0,8.792878628715856
Single-sweep,heldout_sensor_cohort,256,enroll_4_test_2,129-256,128,10.4,0.08125,3.728732797595192,4.0,19.0,63.45977011494253,0.4957794540229885,5.95631314070844,45.0,81.0,10.678245912126961
Single-sweep,heldout_sensor_cohort,256,enroll_4_test_3,1-64,64,1.4,0.021875,1.3796551293211172,0.0,5.0,31.510344827586206,0.49234913793103446,4.2658230320802275,18.0,44.0,9.497847592100378
Single-sweep,heldout_sensor_cohort,256,enroll_4_test_3,65-128,64,2.4,0.0375,1.6103115997457949,0.0,6.0,31.763218390804596,0.4963002873563218,4.2183258188582045,21.0,45.0,9.196826320409171
Single-sweep,heldout_sensor_cohort,256,enroll_4_test_3,129-256,128,9.9,0.07734375,4.113476589841301,3.0,18.0,63.44942528735632,0.49569863505747125,6.04121581364793,42.0,82.0,10.361679479161872
Single-sweep,heldout_sensor_cohort,256,enroll_4_test_5,1-64,64,1.3,0.0203125,1.0875470659652644,0.0,4.0,31.53448275862069,0.4927262931034483,4.286149384305401,17.0,45.0,9.669445415852161
Single-sweep,heldout_sensor_cohort,256,enroll_4_test_5,65-128,64,2.466666666666667,0.03854166666666667,1.3060425438846859,0.0,5.0,31.7816091954023,0.49658764367816094,4.19744370493183,21.0,46.0,9.43088339812228
Single-sweep,heldout_sensor_cohort,256,enroll_4_test_5,129-256,128,10.533333333333333,0.08229166666666667,4.5768030804024775,1.0,20.0,63.46896551724138,0.4958512931034483,5.9948829415823015,41.0,82.0,9.925705048979728
Single-sweep,heldout_sensor_cohort,256,enroll_5_test_1,1-64,64,2.4,0.0375,1.8118384642924588,0.0,7.0,31.754022988505746,0.4961566091954023,4.106095964918354,19.0,44.0,9.249598766454135
Single-sweep,heldout_sensor_cohort,256,enroll_5_test_1,65-128,64,3.2333333333333334,0.050520833333333334,1.6333450621206846,1.0,7.0,32.00344827586207,0.5000538793103448,3.9998546658252843,22.0,44.0,9.417234013381643
Single-sweep,heldout_sensor_cohort,256,enroll_5_test_1,129-256,128,11.666666666666666,0.09114583333333333,4.751285367527209,2.0,22.0,63.314942528735635,0.49464798850574715,5.914786696515592,46.0,83.0,9.627480399150864
Single-sweep,heldout_sensor_cohort,256,enroll_5_test_2,1-64,64,1.5,0.0234375,1.5256428831468234,0.0,7.0,31.84022988505747,0.497503591954023,4.090572949931905,18.0,47.0,9.828068261603576
Single-sweep,heldout_sensor_cohort,256,enroll_5_test_2,65-128,64,2.6,0.040625,1.7140393911700977,0.0,7.0,32.0735632183908,0.5011494252873563,4.064680160018566,21.0,43.0,9.448898403769437
Single-sweep,heldout_sensor_cohort,256,enroll_5_test_2,129-256,128,10.266666666666667,0.08020833333333334,4.362325647802014,2.0,22.0,63.314942528735635,0.49464798850574715,6.124307409904287,45.0,82.0,9.9774552851638
Single-sweep,heldout_sensor_cohort,256,enroll_5_test_3,1-64,64,1.2666666666666666,0.019791666666666666,1.3113124074319809,0.0,6.0,31.763218390804596,0.4963002873563218,4.122578514913836,17.0,44.0,9.969389614184784
Single-sweep,heldout_sensor_cohort,256,enroll_5_test_3,65-128,64,2.5,0.0390625,1.6764083117147226,0.0,6.0,32.02873563218391,0.5004489942528736,4.0184101089170765,21.0,44.0,9.591002299914612
Single-sweep,heldout_sensor_cohort,256,enroll_5_test_3,129-256,128,9.733333333333333,0.07604166666666666,5.009875305305775,1.0,21.0,63.36551724137931,0.49504310344827585,6.103797749791379,44.0,80.0,9.605149966598999
Single-sweep,heldout_sensor_cohort,256,enroll_5_test_4,1-64,64,1.0333333333333334,0.016145833333333335,0.6686751354593717,0.0,2.0,31.80574712643678,0.4969647988505747,4.078088642803029,18.0,44.0,10.530740320772415
Single-sweep,heldout_sensor_cohort,256,enroll_5_test_4,65-128,64,2.1,0.0328125,1.3982747990981972,0.0,6.0,32.01724137931034,0.5002693965517241,4.028771864723366,21.0,43.0,9.92123778326042
Single-sweep,heldout_sensor_cohort,256,enroll_5_test_4,129-256,128,10.033333333333333,0.07838541666666667,4.491243076010927,2.0,23.0,63.327586206896555,0.49474676724137934,6.026756406724976,45.0,82.0,10.02761929567007
Single-sweep,heldout_sensor_cohort,256,aggregate,1-64,64,1.5333333333333334,0.023958333333333335,1.5338872968010726,0.0,10.0,31.61942528735632,0.4940535201149425,4.204168082877831,17.0,47.0,9.507442884498474
Single-sweep,heldout_sensor_cohort,256,aggregate,65-128,64,2.5733333333333333,0.04020833333333333,1.6378114256528091,0.0,8.0,31.85183908045977,0.4976849856321839,4.28914989002392,17.0,49.0,9.018545559237923
Single-sweep,heldout_sensor_cohort,256,aggregate,129-256,128,10.683333333333334,0.08346354166666667,4.410458304944622,1.0,26.0,63.47505747126437,0.4958988864942529,6.098079410836151,41.0,85.0,9.920284975501257
Multi-sweep,heldout_sensor_cohort,256,test_1,1-64,64,2.0,0.03125,1.6815428055498771,0.0,7.0,31.466666666666665,0.49166666666666664,4.198269868500717,18.0,46.0,9.214396652024467
Multi-sweep,heldout_sensor_cohort,256,test_1,65-128,64,2.533333333333333,0.03958333333333333,1.6553639735893346,0.0,7.0,31.95402298850575,0.4992816091954023,4.221453362527065,20.0,45.0,9.175860521791257
Multi-sweep,heldout_sensor_cohort,256,test_1,129-256,128,10.033333333333333,0.07838541666666667,3.3986136456860874,4.0,18.0,63.46781609195402,0.4958423132183908,5.885814005079286,45.0,80.0,11.11851359469456
Multi-sweep,heldout_sensor_cohort,256,test_2,1-64,64,1.0666666666666667,0.016666666666666666,1.2576204496597132,0.0,5.0,31.616091954022988,0.4940014367816092,4.299727653837321,18.0,43.0,9.64389083934294
Multi-sweep,heldout_sensor_cohort,256,test_2,65-128,64,2.2,0.034375,1.3995073024658258,0.0,5.0,31.875862068965517,0.4980603448275862,4.437339355551605,18.0,46.0,9.019935274793442
Multi-sweep,heldout_sensor_cohort,256,test_2,129-256,128,9.7,0.07578125,4.186596016681876,3.0,20.0,63.38045977011494,0.49515984195402296,5.80038765182968,47.0,81.0,10.612426035508777
Multi-sweep,heldout_sensor_cohort,256,test_3,1-64,64,0.9,0.0140625,0.9228890171255885,0.0,3.0,31.57126436781609,0.49330100574712643,4.31886188940878,17.0,44.0,9.821585017903978
Multi-sweep,heldout_sensor_cohort,256,test_3,65-128,64,1.7666666666666666,0.027604166666666666,1.3565507307349296,0.0,5.0,32.1,0.5015625,4.334450005127585,21.0,45.0,9.445172017775382
Multi-sweep,heldout_sensor_cohort,256,test_3,129-256,128,9.833333333333334,0.07682291666666667,4.756725426342075,1.0,23.0,63.82183908045977,0.49860811781609193,5.961652007423731,44.0,84.0,10.010948844309977
Multi-sweep,heldout_sensor_cohort,256,test_4,1-64,64,1.2,0.01875,0.9965457582448796,0.0,4.0,31.618390804597702,0.4940373563218391,4.261491031079449,17.0,45.0,9.829426710294003
Multi-sweep,heldout_sensor_cohort,256,test_4,65-128,64,1.9333333333333333,0.030208333333333334,1.529780992514115,0.0,6.0,31.779310344827586,0.496551724137931,4.376107794806772,19.0,47.0,9.104938982625038
Multi-sweep,heldout_sensor_cohort,256,test_4,129-256,128,9.433333333333334,0.07369791666666667,4.336559365030851,2.0,18.0,63.47241379310345,0.4958782327586207,6.083125552823078,46.0,82.0,10.2297801504576
Multi-sweep,heldout_sensor_cohort,256,test_5,1-64,64,1.0,0.015625,0.8709883407113854,0.0,3.0,31.379310344827587,0.49030172413793105,4.199680461597599,16.0,43.0,10.016868107876514
Multi-sweep,heldout_sensor_cohort,256,test_5,65-128,64,2.433333333333333,0.03802083333333333,1.7157150581957192,0.0,6.0,31.939080459770114,0.49904813218390803,4.2699166123172105,20.0,46.0,9.067781014823648
Multi-sweep,heldout_sensor_cohort,256,test_5,129-256,128,8.966666666666667,0.07005208333333333,3.736892802328153,3.0,18.0,63.635632183908044,0.4971533764367816,5.990162188173212,43.0,85.0,10.950625010519278
Multi-sweep,heldout_sensor_cohort,256,aggregate,1-64,64,1.2333333333333334,0.019270833333333334,1.233844141151241,0.0,7.0,31.530344827586205,0.49266163793103446,4.254965975476457,16.0,46.0,9.671339891536805
Multi-sweep,heldout_sensor_cohort,256,aggregate,65-128,64,2.1733333333333333,0.03395833333333333,1.544623351351115,0.0,7.0,31.929655172413792,0.4989008620689655,4.32780915121972,18.0,47.0,9.157787116336989
Multi-sweep,heldout_sensor_cohort,256,aggregate,129-256,128,9.593333333333334,0.07494791666666667,4.071667809043806,1.0,23.0,63.555632183908045,0.4965283764367816,5.9443273845800935,43.0,85.0,10.591689901382694
