Scenario,Cohort_Protocol,ID_Bits,Fold,Training_Indices,Authentication_Index,PCA_Training_Devices,Template_Devices,Enrollment_Rows,PCA_Training_Rows,Fit_Seconds,Mean_Transform_Milliseconds,Directed_Impostor_Comparisons,Variance_Explained_By_ID_Components,Intra_Mean,Intra_Mean_Normalized,Intra_Std_Normalized,Intra_Std,Intra_Min,Intra_Q05,Intra_Median,Intra_Q95,Intra_Max,Intra_Count,Inter_Mean,Inter_Mean_Normalized,Inter_Std_Normalized,Inter_Std,Inter_Min,Inter_Q05,Inter_Median,Inter_Q95,Inter_Max,Inter_Count,Fixed_Threshold,FAR_At_Fixed_Threshold,FRR_At_Fixed_Threshold,Descriptive_EER_Threshold,Descriptive_EER,Minimum_Balanced_Error_Threshold,Minimum_Balanced_Error,Empirical_Overlap_Coefficient,Separation_Score,D_Prime
Single-sweep,enrolled_cohort,64,enroll_1_test_2,1,2,295,295,295,295,1.6030394000117667,0.5568077961393332,86730,0.984770228799311,1.6813559322033897,0.026271186440677965,0.02522169087837771,1.6141882162161734,0.0,0.0,1.0,5.0,11.0,295,32.05718897728583,0.5008935777700911,0.060861745822732884,3.8951517326549046,13.0,26.0,32.0,38.0,49.0,86730,8,0.0,0.006779661016949152,11,0.0,11,0.0,0.0,30.375833045082445,10.188354724084139
Single-sweep,enrolled_cohort,64,enroll_1_test_3,1,3,295,295,295,295,1.6374474000185728,0.7127176275697805,86730,0.984770228799311,2.1050847457627118,0.03289194915254237,0.0312996837834887,2.0031797621432768,0.0,0.0,2.0,5.0,14.0,295,32.06173181136862,0.5009645595526346,0.060856406830952066,3.894810037180932,13.0,26.0,32.0,38.0,48.0,86730,8,0.0,0.013559322033898305,14,1.1530035743110804e-05,14,1.1530035743110804e-05,2.3060071486221608e-05,29.956647065605907,9.67293236674904
Single-sweep,enrolled_cohort,64,enroll_1_test_4,1,4,295,295,295,295,1.609733999997843,0.6797332204168,86730,0.984770228799311,2.3627118644067795,0.03691737288135593,0.033583549690681495,2.1493471802036157,0.0,0.0,2.0,6.0,14.0,295,32.06673584688112,0.5010427476075175,0.06083647283624537,3.8935342615197035,14.0,26.0,32.0,38.0,49.0,86730,8,0.0,0.020338983050847456,14,1.1530035743110804e-05,14,1.1530035743110804e-05,2.3060071486221608e-05,29.704023982474343,9.445496688946458
Single-sweep,enrolled_cohort,64,enroll_1_test_5,1,5,295,295,295,295,1.8177888999925926,0.6610986445162256,86730,0.984770228799311,2.5016949152542374,0.03908898305084746,0.034983088197679896,2.2389176446515133,0.0,0.0,2.0,6.0,14.0,295,32.06673584688112,0.5010427476075175,0.06084517121850223,3.8940909579841425,13.0,26.0,32.0,38.0,49.0,86730,8,0.0,0.023728813559322035,14,1.1530035743110804e-05,14,1.1530035743110804e-05,2.3060071486221608e-05,29.565040931626886,9.308258821503246
Single-sweep,enrolled_cohort,64,enroll_2_test_1,2,1,295,295,295,295,1.8273694000090472,1.5411898300398963,86730,0.9849036665525384,1.505084745762712,0.023516949152542373,0.022054625211317725,1.4114960135243344,0.0,0.0,1.0,4.0,8.0,295,32.0718090626081,0.5011220166032515,0.06072381452224469,3.8863241294236603,13.0,26.0,32.0,38.0,47.0,86730,8,0.0,0.0,8,0.0,8,0.0,0.0,30.566724316845384,10.454872079888881
Single-sweep,enrolled_cohort,64,enroll_2_test_3,2,3,295,295,295,295,2.3922348999767564,1.288648472972593,86730,0.9849036665525384,1.305084745762712,0.020391949152542374,0.0239811240789343,1.5347919410517952,0.0,0.0,1.0,4.0,14.0,295,32.074184249971175,0.5011591289057996,0.06065716099611963,3.8820583037516565,14.0,26.0,32.0,38.0,47.0,86730,8,0.0,0.006779661016949152,14,1.1530035743110804e-05,14,1.1530035743110804e-05,2.3060071486221608e-05,30.769099504208462,10.423927703530428
Single-sweep,enrolled_cohort,64,enroll_2_test_4,2,4,295,295,295,295,1.4354426000500098,0.922794573174758,86730,0.9849036665525384,1.5389830508474576,0.024046610169491524,0.02585983010964875,1.65502912701752,0.0,0.0,1.0,4.300000000000011,13.0,295,32.073792228755906,0.501153003574311,0.06070232317662202,3.884948683303809,14.0,26.0,32.0,38.0,48.0,86730,8,0.0,0.006779661016949152,13,0.0,13,0.0,0.0,30.53480917790845,10.226118416577357
Single-sweep,enrolled_cohort,64,enroll_2_test_5,2,5,295,295,295,295,1.7842966999742202,0.9606000002457807,86730,0.9849036665525384,1.5627118644067797,0.024417372881355932,0.025622527777805847,1.6398417777795742,0.0,0.0,1.0,4.0,13.0,295,32.07351550789807,0.5011486798109074,0.060701570422147876,3.884900507017464,14.0,26.0,32.0,38.0,48.0,86730,8,0.0,0.006779661016949152,13,0.0,13,0.0,0.0,30.510803643491293,10.232553987124327
Single-sweep,enrolled_cohort,64,enroll_3_test_1,3,1,295,295,295,295,1.4770114999846555,0.6709427109098661,86730,0.9849221735850369,2.0508474576271185,0.03204449152542373,0.0323755282794463,2.072033809884563,0.0,0.0,2.0,5.300000000000011,17.0,295,32.07284676582498,0.5011382307160153,0.06068344677002081,3.883740593281332,15.0,26.0,32.0,38.0,48.0,86730,8,0.0,0.013559322033898305,17,0.00016142050040355126,17,0.00016142050040355126,0.00020754064337599447,30.02199930819786,9.645260712407431
Single-sweep,enrolled_cohort,64,enroll_3_test_2,3,2,295,295,295,295,1.6466818999615498,0.688211524945889,86730,0.9849221735850369,1.2779661016949153,0.019968220338983052,0.025339275156256596,1.6217136100004221,0.0,0.0,1.0,4.0,14.0,295,32.076374956762365,0.501193358699412,0.060697137523216156,3.884616801485834,15.0,26.0,32.0,38.0,47.0,86730,8,0.0,0.010169491525423728,14,0.0,14,0.0,0.0,30.79840885506745,10.34686862396065
Single-sweep,enrolled_cohort,64,enroll_3_test_4,3,4,295,295,295,295,1.640038600016851,0.672559321944807,86730,0.9849221735850369,1.0440677966101695,0.016313559322033898,0.01739609234727162,1.1133499102253837,0.0,0.0,1.0,3.0,7.0,295,32.07674391790614,0.5011991237172835,0.06068324819084064,3.8837278842138008,15.0,26.0,32.0,38.0,48.0,86730,8,0.0,0.0,7,0.0,7,0.0,0.0,31.032676121295975,10.862647727089984
Single-sweep,enrolled_cohort,64,enroll_3_test_5,3,5,295,295,295,295,1.5717223000247031,0.6885783064131767,86730,0.9849221735850369,1.2474576271186442,0.019491525423728815,0.02165937047325755,1.386199710288483,0.0,0.0,1.0,4.0,9.0,295,32.07524501325954,0.5011757033321803,0.06074796591437821,3.8878698185202056,14.0,26.0,32.0,38.0,47.0,86730,8,0.0,0.003389830508474576,9,0.0,9,0.0,0.0,30.827787386140894,10.562330537829308
Single-sweep,enrolled_cohort,64,enroll_4_test_1,4,1,295,295,295,295,1.5175255000358447,0.7790776295192793,86730,0.9849121191482502,2.298305084745763,0.035911016949152545,0.032008092577641915,2.0485179249690826,0.0,0.0,2.0,6.0,15.0,295,32.066366885737345,0.501036982589646,0.06072092220909963,3.8861390213823763,13.0,26.0,32.0,38.0,51.0,86730,8,0.0,0.013559322033898305,15,2.3060071486221608e-05,15,2.3060071486221608e-05,4.6120142972443216e-05,29.768061800991582,9.583050015369565
Single-sweep,enrolled_cohort,64,enroll_4_test_2,4,2,295,295,295,295,1.5863335999893025,0.7590874557983194,86730,0.9849121191482502,1.4677966101694915,0.022934322033898304,0.025539006155744438,1.634496393967644,0.0,0.0,1.0,4.0,13.0,295,32.068880433529344,0.501076256773896,0.060745453313575344,3.887709012068822,15.0,26.0,32.0,38.0,51.0,86730,8,0.0,0.006779661016949152,13,0.0,13,0.0,0.0,30.601083823359854,10.261583271699303
Single-sweep,enrolled_cohort,64,enroll_4_test_3,4,3,295,295,295,295,1.5349414000520483,0.6892942357808352,86730,0.9849121191482502,1.0271186440677966,0.016048728813559322,0.018446898431143617,1.1806014995931915,0.0,0.0,1.0,3.0,7.0,295,32.07040239824743,0.5011000374726161,0.060645869425087484,3.881335643205599,15.0,26.0,32.0,38.0,50.0,86730,8,0.0,0.0,7,0.0,7,0.0,0.0,31.043283754179633,10.821473200838733
Single-sweep,enrolled_cohort,64,enroll_4_test_5,4,5,295,295,295,295,1.5526438999804668,0.6894457639368662,86730,0.9849121191482502,1.023728813559322,0.015995762711864408,0.01847053589558336,1.182114297317335,0.0,0.0,1.0,3.0,7.0,295,32.070240977747034,0.5010975152772974,0.06069838969580044,3.8846969405312284,13.0,26.0,32.0,38.0,50.0,86730,8,0.0,0.0,7,0.0,7,0.0,0.0,31.04651216418771,10.81285408014419
Single-sweep,enrolled_cohort,64,enroll_5_test_1,5,1,295,295,295,295,1.5460582000087015,0.737043728231121,86730,0.9849231980424146,2.31864406779661,0.03622881355932203,0.03429140385999983,2.1946498470399893,0.0,0.0,2.0,6.0,15.0,295,32.06864983281448,0.5010726536377262,0.060782485580886066,3.890079077176708,15.0,26.0,32.0,38.0,48.0,86730,8,0.0,0.01694915254237288,15,1.1530035743110804e-05,15,1.1530035743110804e-05,2.3060071486221608e-05,29.750005765017868,9.419747798678348
Single-sweep,enrolled_cohort,64,enroll_5_test_2,5,2,295,295,295,295,1.4883180999895558,0.7065928813417331,86730,0.9849231980424146,1.6610169491525424,0.025953389830508475,0.027641669893303706,1.7690668731714372,0.0,0.0,1.0,4.0,15.0,295,32.0718090626081,0.5011220166032515,0.06063000792132769,3.880320506964972,14.0,26.0,32.0,38.0,48.0,86730,8,0.0,0.010169491525423728,15,1.1530035743110804e-05,15,1.1530035743110804e-05,1.1530035743110804e-05,30.410792113455553,10.084824568426951
Single-sweep,enrolled_cohort,64,enroll_5_test_3,5,3,295,295,295,295,2.2999870000057854,0.6781844069028936,86730,0.9849231980424146,1.2677966101694915,0.019809322033898305,0.020454762232990788,1.3091047829114104,0.0,0.0,1.0,3.0,9.0,295,32.06724316845382,0.501050674507091,0.06063188976283794,3.880440944821628,15.0,26.0,32.0,38.0,48.0,86730,8,0.0,0.003389830508474576,9,0.0,9,0.0,0.0,30.79944655828433,10.635819465216851
Single-sweep,enrolled_cohort,64,enroll_5_test_4,5,4,295,295,295,295,2.0463502000202425,0.6485545782814339,86730,0.9849231980424146,1.088135593220339,0.017002118644067796,0.018309660594651063,1.171818278057668,0.0,0.0,1.0,3.0,7.0,295,32.07201660325147,0.5011252594258042,0.060610305210155244,3.8790595334499356,14.0,26.0,32.0,38.0,47.0,86730,8,0.0,0.0,7,0.0,7,0.0,0.0,30.98388101003113,10.813363110757217
Multi-sweep,enrolled_cohort,64,test_1,"2,3,4,5",1,295,295,1180,1180,1.6123260000022128,0.6223861001810785,86730,0.9847766978182305,1.9389830508474577,0.030296610169491527,0.02851122655184046,1.8247184993177894,0.0,0.0,2.0,5.300000000000011,13.0,295,32.074368730543064,0.5011620114147354,0.06068257855601992,3.883685027585275,15.0,26.0,32.0,38.0,48.0,86730,8,0.0,0.006779661016949152,13,0.0,13,0.0,0.0,30.135385679695606,9.931940522323844
Multi-sweep,enrolled_cohort,64,test_2,"1,3,4,5",2,295,295,1180,1180,1.6008330999757163,0.6926827099158476,86730,0.9847200514780182,1.1084745762711865,0.01731991525423729,0.022773123471075463,1.4574799021488296,0.0,0.0,1.0,3.0,13.0,295,32.07872708405396,0.5012301106883431,0.060626657482507375,3.880106078880472,15.0,26.0,32.0,38.0,48.0,86730,8,0.0,0.006779661016949152,13,0.0,13,0.0,0.0,30.970252507782774,10.567076529154297
Multi-sweep,enrolled_cohort,64,test_3,"1,2,4,5",3,295,295,1180,1180,1.6309158999938518,0.6417254268160184,86730,0.9847123006650716,0.9491525423728814,0.014830508474576272,0.018591603663519467,1.1898626344652459,0.0,0.0,1.0,3.0,8.0,295,32.077274299550325,0.5012074109304738,0.06060180358922742,3.878515429710555,14.0,26.0,32.0,38.0,48.0,86730,8,0.0,0.0,8,0.0,8,0.0,0.0,31.128121757177443,10.851024476100024
Multi-sweep,enrolled_cohort,64,test_4,"1,2,3,5",4,295,295,1180,1180,1.7656677999766544,0.6622952570886178,86730,0.984718351150984,1.0915254237288134,0.01705508474576271,0.01846367652332817,1.181675297493003,0.0,0.0,1.0,3.0,6.0,295,32.08043352934394,0.5012567738959991,0.06058941834945528,3.877722774365138,14.0,26.0,32.0,38.0,50.0,86730,8,0.0,0.0,6,0.0,6,0.0,0.0,30.988908105615128,10.81089500420795
Multi-sweep,enrolled_cohort,64,test_5,"1,2,3,4",5,295,295,1180,1180,1.9499683000030927,0.6230454228944697,86730,0.984718625920799,1.3728813559322033,0.021451271186440676,0.020998423482960455,1.3438991029094691,0.0,0.0,1.0,4.0,8.0,295,32.08124063184596,0.5012693848725931,0.06065954818031604,3.8822110835402266,12.0,26.0,32.0,38.0,49.0,86730,8,0.0,0.0,8,0.0,8,0.0,0.0,30.708359275913754,10.570996027039115
Single-sweep,heldout_sensor_cohort,64,enroll_1_test_2,1,2,265,30,30,265,1.7643405999988317,0.6058066714710245,870,0.9855020619215153,1.4,0.021875,0.02232450717685959,1.4287684593190138,0.0,0.0,1.0,4.549999999999997,5.0,30,31.567816091954022,0.4932471264367816,0.06603967764659659,4.2265393693821816,17.0,24.0,32.0,38.0,43.0,870,8,0.0,0.0,5,0.0,5,0.0,0.0,30.167816091954023,9.562635943517485
Single-sweep,heldout_sensor_cohort,64,enroll_1_test_3,1,3,265,30,30,265,1.1591725000180304,0.7325666607357562,870,0.9855020619215153,1.7666666666666666,0.027604166666666666,0.02451143477290623,1.5687318254659988,0.0,0.0,1.0,5.0,5.0,30,31.617241379310343,0.4940193965517241,0.0666116051575587,4.263142730083757,18.0,24.0,32.0,38.0,44.0,870,8,0.0,0.0,5,0.0,5,0.0,0.0,29.850574712643677,9.293134946900825
Single-sweep,heldout_sensor_cohort,64,enroll_1_test_4,1,4,265,30,30,265,1.4532764000468887,0.5462033305472384,870,0.9855020619215153,2.1666666666666665,0.033854166666666664,0.030176422404075597,1.9312910338608382,0.0,0.0,2.0,5.549999999999997,8.0,30,31.55977011494253,0.49312140804597704,0.06587119544545464,4.215756508509097,17.0,24.0,32.0,38.0,42.0,870,8,0.0,0.0,8,0.0,8,0.0,0.0,29.393103448275863,8.9642938445221
Single-sweep,heldout_sensor_cohort,64,enroll_1_test_5,1,5,265,30,30,265,1.6898295999853872,0.6049166646941254,870,0.9855020619215153,2.1333333333333333,0.03333333333333333,0.03250013815178418,2.0800088417141875,0.0,0.0,2.0,5.549999999999997,10.0,30,31.597701149425287,0.4937140804597701,0.06631497971670247,4.244158701868958,16.0,24.0,32.0,38.0,44.0,870,8,0.0,0.03333333333333333,10,0.0,10,0.0,0.0,29.464367816091954,8.816113076573146
Single-sweep,heldout_sensor_cohort,64,enroll_2_test_1,2,1,265,30,30,265,1.8265295999590307,0.5443900008685887,870,0.9856122571164887,1.6,0.025,0.023066386575603306,1.4762487408386116,0.0,0.0,1.5,3.549999999999997,7.0,30,31.480459770114944,0.491882183908046,0.06737823548384639,4.312207070966169,20.0,24.0,32.0,38.0,43.0,870,8,0.0,0.0,7,0.0,7,0.0,0.0,29.880459770114943,9.271235417159119
Single-sweep,heldout_sensor_cohort,64,enroll_2_test_3,2,3,265,30,30,265,1.381646699970588,0.7560666747546444,870,0.9856122571164887,1.1,0.0171875,0.01607645224576445,1.0288929437289247,0.0,0.0,1.0,3.0999999999999943,4.0,30,31.417241379310344,0.4908943965517241,0.06805939544594429,4.355801308540435,19.0,24.0,32.0,38.0,43.0,870,8,0.0,0.0,4,0.0,4,0.0,0.0,30.317241379310342,9.57958247297255
Single-sweep,heldout_sensor_cohort,64,enroll_2_test_4,2,4,265,30,30,265,1.1515736000146717,1.1977533460594714,870,0.9856122571164887,1.5666666666666667,0.024479166666666666,0.02079513380093647,1.330888563259934,0.0,0.0,1.0,3.0,6.0,30,31.4816091954023,0.49190014367816093,0.06751993400500568,4.3212757763203635,19.0,24.0,32.0,38.0,43.0,870,8,0.0,0.0,6,0.0,6,0.0,0.0,29.914942528735633,9.35648917660489
Single-sweep,heldout_sensor_cohort,64,enroll_2_test_5,2,5,265,30,30,265,1.1300869000260718,0.6758466634588937,870,0.9856122571164887,1.7333333333333334,0.027083333333333334,0.02560335152270894,1.638614497453372,0.0,0.0,2.0,4.549999999999997,7.0,30,31.47816091954023,0.4918462643678161,0.06783103442267874,4.341186203051439,19.0,24.0,32.0,38.0,43.0,870,8,0.0,0.0,7,0.0,7,0.0,0.0,29.744827586206895,9.06556353365384
Single-sweep,heldout_sensor_cohort,64,enroll_3_test_1,3,1,265,30,30,265,1.8067962999921292,0.6685600033961236,870,0.9856343382802717,2.066666666666667,0.03229166666666667,0.023187725585233493,1.4840144374549435,0.0,0.0,2.0,4.0,6.0,30,31.595402298850576,0.49367816091954025,0.06541579724441583,4.186611023642613,17.0,25.0,32.0,38.0,43.0,870,8,0.0,0.0,6,0.0,6,0.0,0.0,29.52873563218391,9.401479186914337
Single-sweep,heldout_sensor_cohort,64,enroll_3_test_2,3,2,265,30,30,265,1.280571700015571,1.2839100071384262,870,0.9856343382802717,1.4,0.021875,0.013975424859373685,0.8944271909999159,0.0,0.0,1.0,3.0,4.0,30,31.664367816091954,0.4947557471264368,0.06551538919404992,4.192984908419195,18.0,25.0,32.0,38.0,45.0,870,8,0.0,0.0,4,0.0,4,0.0,0.0,30.264367816091955,9.982988947815494
Single-sweep,heldout_sensor_cohort,64,enroll_3_test_4,3,4,265,30,30,265,1.254693099996075,1.061273335168759,870,0.9856343382802717,0.8666666666666667,0.013541666666666667,0.014055513909650113,0.8995528902176072,0.0,0.0,1.0,2.549999999999997,3.0,30,31.664367816091954,0.4947557471264368,0.06606200095656181,4.227968061219956,18.0,25.0,32.0,38.0,44.0,870,8,0.0,0.0,3,0.0,3,0.0,0.0,30.797701149425286,10.075991695563054
Single-sweep,heldout_sensor_cohort,64,enroll_3_test_5,3,5,265,30,30,265,1.4294535999651998,0.8601266619128486,870,0.9856343382802717,1.2333333333333334,0.019270833333333334,0.0127687524087012,0.8172001541568767,0.0,0.0,1.0,2.0,3.0,30,31.631034482758622,0.49423491379310347,0.06610571880574745,4.230766003567837,18.0,24.450000000000003,32.0,38.0,44.0,870,8,0.0,0.0,3,0.0,3,0.0,0.0,30.397701149425288,9.976600121528909
Single-sweep,heldout_sensor_cohort,64,enroll_4_test_1,4,1,265,30,30,265,1.3467503999709152,0.8848866680637002,870,0.9856236451117971,2.433333333333333,0.03802083333333333,0.03449804909734735,2.2078751422302303,0.0,0.0,2.0,6.099999999999994,9.0,30,31.497701149425286,0.4921515804597701,0.0644986969850977,4.127916607046253,19.0,25.0,32.0,38.0,42.0,870,8,0.0,0.03333333333333333,9,0.0,9,0.0,0.0,29.064367816091952,8.780333376076646
Single-sweep,heldout_sensor_cohort,64,enroll_4_test_2,4,2,265,30,30,265,1.196521500009112,0.5828799990316232,870,0.9856236451117971,1.5333333333333334,0.023958333333333335,0.022374731103502073,1.4319827906241327,0.0,0.0,1.0,4.549999999999997,5.0,30,31.517241379310345,0.49245689655172414,0.06460694825701643,4.134844688449052,19.0,25.0,32.0,38.0,44.0,870,8,0.0,0.0,5,0.0,5,0.0,0.0,29.98390804597701,9.690518665906788
Single-sweep,heldout_sensor_cohort,64,enroll_4_test_3,4,3,265,30,30,265,1.4651646999991499,0.5224666655218849,870,0.9856236451117971,1.2333333333333334,0.019270833333333334,0.01625006907589209,1.0400044208570938,0.0,0.0,1.0,3.0,4.0,30,31.51609195402299,0.4924389367816092,0.06510949403160214,4.167007618022537,19.0,25.0,32.0,38.0,43.0,870,8,0.0,0.0,4,0.0,4,0.0,0.0,30.282758620689656,9.971591770140742
Single-sweep,heldout_sensor_cohort,64,enroll_4_test_5,4,5,265,30,30,265,1.5090163999702781,0.6084500055294484,870,0.9856236451117971,1.3333333333333333,0.020833333333333332,0.017569392387062642,1.124441112772009,0.0,0.0,1.0,3.0,4.0,30,31.52413793103448,0.49256465517241377,0.06565460347161953,4.20189462218365,19.0,24.0,32.0,38.0,44.0,870,8,0.0,0.0,4,0.0,4,0.0,0.0,30.19080459770115,9.8158030080282
Single-sweep,heldout_sensor_cohort,64,enroll_5_test_1,5,1,265,30,30,265,1.8809241999988444,0.8813066602063676,870,0.9856121328017744,2.2666666666666666,0.035416666666666666,0.030961310209438122,1.9815238534040398,0.0,0.0,2.0,6.6499999999999915,8.0,30,31.71034482758621,0.4954741379310345,0.06353653320877989,4.066338125361913,19.0,25.0,32.0,38.0,43.0,870,8,0.0,0.0,8,0.0,8,0.0,0.0,29.443678160919543,9.20529846841863
Single-sweep,heldout_sensor_cohort,64,enroll_5_test_2,5,2,265,30,30,265,1.5886289000045508,0.6786066670125971,870,0.9856121328017744,1.6333333333333333,0.025520833333333333,0.024095760897865963,1.5421286974634216,0.0,0.0,1.0,3.0,8.0,30,31.764367816091955,0.4963182471264368,0.06312772594077219,4.04017446020942,17.0,25.0,32.0,38.0,47.0,870,8,0.0,0.0,8,0.0,8,0.0,0.0,30.131034482758622,9.853593556320252
Single-sweep,heldout_sensor_cohort,64,enroll_5_test_3,5,3,265,30,30,265,1.304791699978523,1.0127066673400502,870,0.9856121328017744,1.3,0.0203125,0.021770841926523083,1.3933338832974773,0.0,0.0,1.0,3.0999999999999943,7.0,30,31.764367816091955,0.4963182471264368,0.06398089007527,4.09477696481728,16.0,25.0,32.0,38.0,44.0,870,8,0.0,0.0,7,0.0,7,0.0,0.0,30.464367816091954,9.96062940573681
Single-sweep,heldout_sensor_cohort,64,enroll_5_test_4,5,4,265,30,30,265,1.0556171999778599,0.4770699985480557,870,0.9856121328017744,1.3,0.0203125,0.010972082029028225,0.7022132498578064,0.0,0.0,1.0,2.0,2.0,30,31.78965517241379,0.4967133620689655,0.06314955475818965,4.041571504524137,18.0,25.0,32.0,38.0,44.0,870,8,0.0,0.0,2,0.0,2,0.0,0.0,30.48965517241379,10.511361054298074
Multi-sweep,heldout_sensor_cohort,64,test_1,"2,3,4,5",1,265,30,120,1060,1.472964399959892,0.4916933384568741,870,0.9854644118510204,2.0,0.03125,0.027218385647230794,1.7419766814227708,0.0,0.0,2.0,5.0,7.0,30,31.388505747126437,0.4904454022988506,0.06587182049378879,4.215796511602482,18.0,24.0,31.0,38.0,47.0,870,8,0.0,0.0,7,0.0,7,0.0,0.0,29.388505747126437,9.11136311506291
Multi-sweep,heldout_sensor_cohort,64,test_2,"1,3,4,5",2,265,30,120,1060,2.655299100035336,0.5445099940213064,870,0.9854085237796854,1.0333333333333334,0.016145833333333335,0.018571044948750344,1.188546876720022,0.0,0.0,1.0,3.0,5.0,30,31.54597701149425,0.4929058908045977,0.06639217811783042,4.249099399541147,18.0,24.0,32.0,38.0,43.0,870,8,0.0,0.0,5,0.0,5,0.0,0.0,30.512643678160916,9.780022681425125
Multi-sweep,heldout_sensor_cohort,64,test_3,"1,2,4,5",3,265,30,120,1060,1.4798208000138402,0.5638266622554511,870,0.9853965875532827,0.8,0.0125,0.014449301975742875,0.924755326447544,0.0,0.0,1.0,3.0,3.0,30,31.482758620689655,0.49191810344827586,0.06692655159390522,4.283299302009934,17.0,24.0,32.0,38.0,44.0,870,8,0.0,0.0,3,0.0,3,0.0,0.0,30.682758620689654,9.902347070977935
Multi-sweep,heldout_sensor_cohort,64,test_4,"1,2,3,5",4,265,30,120,1060,1.672017099976074,0.5527333278829852,870,0.9854006753934628,1.2,0.01875,0.018533229709046282,1.186126701378962,0.0,0.0,1.0,3.0999999999999943,5.0,30,31.551724137931036,0.49299568965517243,0.06594106363871159,4.220228072877542,17.0,24.0,32.0,38.0,45.0,870,8,0.0,0.0,5,0.0,5,0.0,0.0,30.351724137931036,9.79158652020268
Multi-sweep,heldout_sensor_cohort,64,test_5,"1,2,3,4",5,265,30,120,1060,1.8253290000138804,0.6252466681568573,870,0.985406719535997,1.1,0.0171875,0.013824007337936072,0.8847364696279086,0.0,0.0,1.0,2.549999999999997,3.0,30,31.368965517241378,0.49014008620689653,0.06550373849667583,4.192239263787253,15.0,24.0,32.0,38.0,43.0,870,8,0.0,0.0,3,0.0,3,0.0,0.0,30.268965517241377,9.990892499384785
Single-sweep,enrolled_cohort,128,enroll_1_test_2,1,2,295,295,295,295,2.2924333999981172,1.1421793227289188,86730,0.9964280412304827,4.979661016949152,0.03890360169491525,0.022218316370239632,2.843944495390673,0.0,1.0,4.0,10.0,21.0,295,64.12221837887698,0.5009548310849764,0.04092106489358671,5.237896306379099,39.0,55.0,64.0,73.0,86.0,86730,14,0.0,0.010169491525423728,21,0.0,21,0.0,0.0,59.14255736192783,14.033201022227534
Single-sweep,enrolled_cohort,128,enroll_1_test_3,1,3,295,295,295,295,2.8683920000330545,1.1458955955754777,86730,0.9964280412304827,5.688135593220339,0.044438559322033895,0.0260362523917357,3.3326403061421694,0.0,1.0,5.0,12.0,27.0,295,64.12528536838464,0.500978791940505,0.04086597958947376,5.230845387452641,39.0,55.0,64.0,73.0,88.0,86730,14,0.0,0.020338983050847456,27,0.0,27,0.0,0.0,58.4371497751643,13.32456051937364
Single-sweep,enrolled_cohort,128,enroll_1_test_4,1,4,295,295,295,295,3.007912300003227,1.191657287723748,86730,0.9964280412304827,6.244067796610169,0.04878177966101695,0.026577295231494755,3.4018937896313286,0.0,2.0,6.0,12.0,24.0,295,64.12835235789231,0.5010027527960337,0.04090901356294857,5.236353736057417,39.0,55.0,64.0,73.0,87.0,86730,14,0.0,0.03389830508474576,24,0.0,24,0.0,0.0,57.88428456128214,13.109506475135495
Single-sweep,enrolled_cohort,128,enroll_1_test_5,1,5,295,295,295,295,2.7154338999534957,1.1861216947752036,86730,0.9964280412304827,6.4271186440677965,0.05021186440677966,0.028139548903608223,3.6018622596618526,0.0,2.0,6.0,13.300000000000011,22.0,295,64.13178830854376,0.5010295961604981,0.04097948805743648,5.2453744713518695,38.0,55.0,64.0,73.0,87.0,86730,14,0.0,0.03389830508474576,22,0.0,22,0.0,0.0,57.704669664475965,12.825260650790533
Single-sweep,enrolled_cohort,128,enroll_2_test_1,2,1,295,295,295,295,2.242100899980869,1.1105488145218816,86730,0.9964835540520164,4.8474576271186445,0.03787076271186441,0.022182115449215983,2.8393107774996458,0.0,1.0,4.0,10.0,18.0,295,64.14278796264269,0.501115530958146,0.040771561256008684,5.218759840769112,38.0,56.0,64.0,73.0,87.0,86730,14,0.0,0.006779661016949152,18,0.0,18,0.0,0.0,59.29533033552404,14.11450760799644
Single-sweep,enrolled_cohort,128,enroll_2_test_3,2,3,295,295,295,295,2.39348719996633,1.2119064399562145,86730,0.9964835540520164,4.230508474576271,0.03305084745762712,0.023816754318528973,3.0485445527717085,0.0,0.7000000000000011,4.0,10.0,31.0,295,64.14165801913985,0.5011067032745301,0.04072346076312101,5.212602977679489,38.0,56.0,64.0,73.0,86.0,86730,14,0.0,0.006779661016949152,31,0.0,31,0.0,0.0,59.911149544563585,14.030896234835733
Single-sweep,enrolled_cohort,128,enroll_2_test_4,2,4,295,295,295,295,2.397111800033599,1.1681335601340033,86730,0.9964835540520164,4.708474576271186,0.03678495762711864,0.023923743713824618,3.062239195369551,0.0,1.0,4.0,9.300000000000011,31.0,295,64.14299550328606,0.5011171523694223,0.04068015708717957,5.207060107158985,38.0,56.0,64.0,73.0,84.0,86730,14,0.0,0.006779661016949152,31,0.0,31,0.0,0.0,59.43452092701487,13.914325800322233
Single-sweep,enrolled_cohort,128,enroll_2_test_5,2,5,295,295,295,295,2.6376232000184245,1.1274566120168164,86730,0.9964835540520164,4.654237288135593,0.03636122881355932,0.025387996999781247,3.2496636159719996,0.0,1.0,4.0,10.0,30.0,295,64.14251124178485,0.5011133690764441,0.040781423233889606,5.22002217393787,38.0,56.0,64.0,73.0,85.0,86730,14,0.0,0.010169491525423728,30,0.0,30,0.0,0.0,59.488273953649255,13.681984234800312
Single-sweep,enrolled_cohort,128,enroll_3_test_1,3,1,295,295,295,295,2.2768482000101358,1.1232786452776546,86730,0.9964840970564388,5.569491525423729,0.04351165254237288,0.02768639116347459,3.5438580689247474,0.0,1.0,5.0,12.0,26.0,295,64.15030554594719,0.5011742620777124,0.04078340816785386,5.2202762454852945,37.0,55.0,64.0,73.0,84.0,86730,14,0.0,0.013559322033898305,26,0.0,26,0.0,0.0,58.58081402052346,13.130254484536717
Single-sweep,enrolled_cohort,128,enroll_3_test_2,3,2,295,295,295,295,2.3893509000190534,1.1681728804941778,86730,0.9964840970564388,4.2,0.0328125,0.024397501823713332,3.1228802334353065,0.0,1.0,4.0,9.300000000000011,28.0,295,64.1527960336677,0.5011937190130289,0.04074394715430267,5.215225235750742,39.0,56.0,64.0,73.0,83.0,86730,14,0.0,0.006779661016949152,28,0.0,28,0.0,0.0,59.952796033667695,13.947989288113233
Single-sweep,enrolled_cohort,128,enroll_3_test_4,3,4,295,295,295,295,2.120727999950759,1.6081101707009189,86730,0.9964840970564388,3.7966101694915255,0.029661016949152543,0.019297585092865336,2.470090891886763,0.0,1.0,3.0,8.0,17.0,295,64.15171221030785,0.5011852516430301,0.04076482951843197,5.217898178359293,36.0,55.0,64.0,73.0,87.0,86730,14,0.0,0.003389830508474576,17,0.0,17,0.0,0.0,60.35510204081633,14.78514524558972
Single-sweep,enrolled_cohort,128,enroll_3_test_5,3,5,295,295,295,295,2.2805737999733537,1.568549489247281,86730,0.9964840970564388,4.2101694915254235,0.03289194915254237,0.02087466084935602,2.6719565887175705,0.0,1.0,4.0,9.0,19.0,295,64.15049002651908,0.5011757033321803,0.04074405646435426,5.215239227437345,37.0,56.0,64.0,73.0,86.0,86730,14,0.0,0.003389830508474576,19,0.0,19,0.0,0.0,59.94032053499366,14.465921500737226
Single-sweep,enrolled_cohort,128,enroll_4_test_1,4,1,295,295,295,295,2.077213299984578,1.5767013573214033,86730,0.9964683484451416,6.138983050847457,0.04796080508474576,0.030637132077161032,3.921552905876612,0.0,1.0,5.0,13.0,29.0,295,64.12985126253892,0.5010144629885853,0.040771197927123845,5.218713334671852,39.0,56.0,64.0,73.0,86.0,86730,14,0.0,0.03389830508474576,29,0.0,29,0.0,0.0,57.99086821169146,12.563214390266332
Single-sweep,enrolled_cohort,128,enroll_4_test_2,4,2,295,295,295,295,2.615173100028187,1.4828922029710927,86730,0.9964683484451416,4.755932203389831,0.03715572033898305,0.026764109275136012,3.4258059872174096,0.0,1.0,4.0,9.300000000000011,31.0,295,64.13176524847228,0.5010294160036897,0.040695166955392714,5.208981370290267,40.0,56.0,64.0,73.0,87.0,86730,14,0.0,0.020338983050847456,31,0.0,31,0.0,0.0,59.375833045082445,13.468508056063317
Single-sweep,enrolled_cohort,128,enroll_4_test_3,4,3,295,295,295,295,2.6121884000021964,1.3905467816739012,86730,0.9964683484451416,3.830508474576271,0.02992584745762712,0.02033336668446598,2.6026709356116453,0.0,1.0,3.0,8.0,22.0,295,64.133886775049,0.5010459904300704,0.040658619905699425,5.204303347929526,39.0,56.0,64.0,73.0,87.0,86730,14,0.0,0.010169491525423728,22,0.0,22,0.0,0.0,60.30337830047274,14.656210621744416
Single-sweep,enrolled_cohort,128,enroll_4_test_5,4,5,295,295,295,295,1.9157110000378452,1.4803664387850943,86730,0.9964683484451416,3.5864406779661016,0.02801906779661017,0.019209973260847158,2.4588765773884362,0.0,1.0,3.0,7.300000000000011,20.0,295,64.13665398362735,0.5010676092470887,0.04072548940335446,5.212862643629371,39.0,56.0,64.0,73.0,88.0,86730,14,0.0,0.006779661016949152,20,0.0,20,0.0,0.0,60.55021330566125,14.856988579478806
Single-sweep,enrolled_cohort,128,enroll_5_test_1,5,1,295,295,295,295,2.6240792000317015,1.549134575919706,86730,0.9964894214941922,5.9932203389830505,0.04682203389830508,0.029794391823202114,3.8136821533698706,0.0,1.0,5.0,12.300000000000011,32.0,295,64.13822206848842,0.5010798599100658,0.0408004392251296,5.222456220816589,38.0,56.0,64.0,73.0,86.0,86730,14,0.0,0.02711864406779661,32,0.0,32,0.0,0.0,58.14500172950537,12.715827017005319
Single-sweep,enrolled_cohort,128,enroll_5_test_2,5,2,295,295,295,295,2.6640843999921344,1.425006440090868,86730,0.9964894214941922,4.877966101694915,0.03810911016949153,0.02690791962517724,3.4442137120226866,0.0,1.0,4.0,10.300000000000011,31.0,295,64.13670010377032,0.5010679695607057,0.040719465992141594,5.212091646994124,38.0,56.0,64.0,73.0,87.0,86730,14,0.0,0.020338983050847456,31,0.0,31,0.0,0.0,59.25873400207541,13.414558860826093
Single-sweep,enrolled_cohort,128,enroll_5_test_3,5,3,295,295,295,295,2.7125021999818273,1.4460328796689035,86730,0.9964894214941922,4.0,0.03125,0.02155491954891514,2.759029702261138,0.0,1.0,3.0,9.0,18.0,295,64.13616972212614,0.5010638259541105,0.04065531839684798,5.2038807547965416,37.0,56.0,64.0,73.0,86.0,86730,14,0.0,0.010169491525423728,18,0.0,18,0.0,0.0,60.13616972212614,14.438836957518612
Single-sweep,enrolled_cohort,128,enroll_5_test_4,5,4,295,295,295,295,2.4258899000124075,1.4561640663009325,86730,0.9964894214941922,3.7084745762711866,0.028972457627118645,0.01885758276730025,2.413770594214432,0.0,1.0,3.0,8.0,17.0,295,64.14274184249972,0.501115170644529,0.040694930637986224,5.208951121662237,36.0,56.0,64.0,73.0,86.0,86730,14,0.0,0.003389830508474576,17,0.0,17,0.0,0.0,60.43426726622853,14.887035125957082
Multi-sweep,enrolled_cohort,128,test_1,"2,3,4,5",1,295,295,1180,1180,2.388908199965954,1.4267474582608222,86730,0.9961946006843762,5.179661016949153,0.040466101694915255,0.025128045075022132,3.216389769602833,0.0,1.0,5.0,11.0,19.0,295,64.14177331949729,0.5011076040585726,0.04070191562110827,5.209845199501858,42.0,56.0,64.0,73.0,85.0,86730,14,0.0,0.020338983050847456,19,0.0,19,0.0,0.0,58.962112302548135,13.618959309502225
Multi-sweep,enrolled_cohort,128,test_2,"1,3,4,5",2,295,295,1180,1180,2.9835888000088744,1.3184247435844045,86730,0.9961542200039484,3.6271186440677967,0.028336864406779662,0.02084487143381067,2.6681435435277656,0.0,1.0,3.0,8.0,21.0,295,64.14590107229333,0.5011398521272916,0.040594427380725835,5.196086704732907,42.0,56.0,64.0,73.0,84.0,86730,14,0.0,0.006779661016949152,21,0.0,21,0.0,0.0,60.51878242822553,14.65249032570478
Multi-sweep,enrolled_cohort,128,test_3,"1,2,4,5",3,295,295,1180,1180,2.6250257999636233,1.4445525396741548,86730,0.9961490426495521,3.223728813559322,0.025185381355932204,0.018266523794690608,2.338115045720398,0.0,1.0,3.0,8.0,15.0,295,64.15427187824282,0.5012052490487721,0.04050626532991147,5.1848019622286685,39.0,56.0,64.0,73.0,86.0,86730,14,0.0,0.003389830508474576,15,0.0,15,0.0,0.0,60.930543064683505,15.150254554884373
Multi-sweep,enrolled_cohort,128,test_4,"1,2,3,5",4,295,295,1180,1180,2.6599647999973968,1.3505474565613826,86730,0.9961545653293609,3.3389830508474576,0.026085805084745763,0.018474840755809647,2.364779616743635,0.0,0.0,3.0,8.0,17.0,295,64.1472846765825,0.5011506615358008,0.04068131627239457,5.207208482866505,39.0,56.0,64.0,73.0,87.0,86730,14,0.0,0.003389830508474576,17,0.0,17,0.0,0.0,60.80830162573504,15.036825836536114
Multi-sweep,enrolled_cohort,128,test_5,"1,2,3,4",5,295,295,1180,1180,2.9118642999674194,1.5080325445554899,86730,0.996155699747959,3.9322033898305087,0.03072033898305085,0.02015451169115365,2.5797774964676674,0.0,1.0,4.0,8.0,22.0,295,64.15334947538338,0.5011980427764327,0.04076640635124431,5.218100012959272,38.0,56.0,64.0,73.0,85.0,86730,14,0.0,0.003389830508474576,22,0.0,22,0.0,0.0,60.221146085552874,14.630791905003662
Single-sweep,heldout_sensor_cohort,128,enroll_1_test_2,1,2,265,30,30,265,2.880547199980356,1.5430533307759713,870,0.9968705515521787,3.8333333333333335,0.029947916666666668,0.018129473907806885,2.3205726601992813,0.0,1.0,3.5,7.0,9.0,30,63.64252873563218,0.49720725574712643,0.047981101934124304,6.141581047567911,44.0,53.0,64.0,73.0,84.0,870,14,0.0,0.0,9,0.0,9,0.0,0.0,59.80919540229885,12.88320127327107
Single-sweep,heldout_sensor_cohort,128,enroll_1_test_3,1,3,265,30,30,265,2.520172899996396,1.6206966674265761,870,0.9968705515521787,4.466666666666667,0.034895833333333334,0.01773630735016565,2.270247340821203,1.0,1.4500000000000002,4.0,8.549999999999997,10.0,30,63.632183908045974,0.49712643678160917,0.048015103698021804,6.145933273346791,44.0,53.0,64.0,73.0,88.0,870,14,0.0,0.0,10,0.0,10,0.0,0.0,59.165517241379305,12.770880127438604
Single-sweep,heldout_sensor_cohort,128,enroll_1_test_4,1,4,265,30,30,265,2.719393100007437,1.4504366690137733,870,0.9968705515521787,4.933333333333334,0.03854166666666667,0.022468598378063386,2.8759805923921133,0.0,1.4500000000000002,4.5,9.649999999999991,13.0,30,63.675862068965515,0.4974676724137931,0.04801824439349741,6.1463352823676685,42.0,53.0,64.0,73.0,86.0,870,14,0.0,0.0,13,0.0,13,0.0,0.0,58.74252873563218,12.242185064219669
Single-sweep,heldout_sensor_cohort,128,enroll_1_test_5,1,5,265,30,30,265,2.477776299987454,1.7988533324872453,870,0.9968705515521787,5.066666666666666,0.03958333333333333,0.023386558624167195,2.993479503893401,0.0,1.3500000000000005,4.5,10.0,14.0,30,63.682758620689654,0.4975215517241379,0.048079527546642645,6.1541795259702585,39.0,53.45,64.0,73.0,86.0,870,14,0.0,0.0,14,0.0,14,0.0,0.0,58.61609195402299,12.112877167182369
Single-sweep,heldout_sensor_cohort,128,enroll_2_test_1,2,1,265,30,30,265,2.1629611999960616,1.737663330277428,870,0.9969055066236472,4.133333333333334,0.03229166666666667,0.018885703842495168,2.4173700918393815,0.0,0.9000000000000004,4.0,7.099999999999994,12.0,30,63.271264367816094,0.49430675287356324,0.04923114324642736,6.301586335542702,43.0,53.0,63.0,74.0,79.0,870,14,0.0,0.0,12,0.0,12,0.0,0.0,59.13793103448276,12.391373446021476
Single-sweep,heldout_sensor_cohort,128,enroll_2_test_3,2,3,265,30,30,265,2.56607579998672,1.4082233343894284,870,0.9969055066236472,2.966666666666667,0.023177083333333334,0.014137630561050432,1.8096167118144553,0.0,0.4500000000000002,3.0,6.099999999999994,8.0,30,63.157471264367814,0.49341774425287355,0.049875658470573014,6.384084284233346,41.0,52.0,63.0,74.0,81.0,870,14,0.0,0.0,8,0.0,8,0.0,0.0,60.190804597701145,12.828168768100161
Single-sweep,heldout_sensor_cohort,128,enroll_2_test_4,2,4,265,30,30,265,2.2738050999469124,1.605780003592372,870,0.9969055066236472,3.8,0.0296875,0.018049971045444348,2.3103962938168765,1.0,1.4500000000000002,3.0,7.549999999999997,10.0,30,63.241379310344826,0.49407327586206895,0.04889568315771916,6.258647444188052,40.0,53.0,63.0,74.0,81.0,870,14,0.0,0.0,10,0.0,10,0.0,0.0,59.44137931034483,12.60032987023561
Single-sweep,heldout_sensor_cohort,128,enroll_2_test_5,2,5,265,30,30,265,2.33843830000842,1.5512800057573866,870,0.9969055066236472,4.066666666666666,0.03177083333333333,0.01868403146029238,2.3915560269174247,1.0,1.0,3.5,8.099999999999994,11.0,30,63.275862068965516,0.4943426724137931,0.04967837515281769,6.358832019560665,40.0,52.0,64.0,74.0,82.0,870,14,0.0,0.0,11,0.0,11,0.0,0.0,59.209195402298846,12.325318311631968
Single-sweep,heldout_sensor_cohort,128,enroll_3_test_1,3,1,265,30,30,265,2.88345250004204,1.897453338218232,870,0.9969130218282579,4.966666666666667,0.038802083333333334,0.018291278625148545,2.3412836640190138,1.0,1.4500000000000002,5.0,8.549999999999997,11.0,30,63.23103448275862,0.49399245689655175,0.04957277029255945,6.34531459744761,37.0,54.0,63.0,73.0,82.0,870,14,0.0,0.0,11,0.0,11,0.0,0.0,58.264367816091955,12.182824647644793
Single-sweep,heldout_sensor_cohort,128,enroll_3_test_2,3,2,265,30,30,265,2.4778272999683395,3.572096663992852,870,0.9969130218282579,3.466666666666667,0.027083333333333334,0.015856758231403905,2.0296650536197,0.0,1.0,3.0,7.0,7.0,30,63.37011494252874,0.49507902298850576,0.04985410556349115,6.3813255121268675,40.0,53.0,63.0,73.0,84.0,870,14,0.0,0.0,7,0.0,7,0.0,0.0,59.90344827586207,12.651146231173923
Single-sweep,heldout_sensor_cohort,128,enroll_3_test_4,3,4,265,30,30,265,1.9511528000002727,1.6943966659406822,870,0.9969130218282579,3.0,0.0234375,0.014507448295082177,1.8569533817705186,0.0,0.4500000000000002,3.0,6.549999999999997,7.0,30,63.39770114942529,0.49529454022988506,0.04969859023417266,6.361419549974101,41.0,53.0,64.0,73.0,83.0,870,14,0.0,0.0,7,0.0,7,0.0,0.0,60.39770114942529,12.889151905340647
Single-sweep,heldout_sensor_cohort,128,enroll_3_test_5,3,5,265,30,30,265,1.976026999996975,1.8408333300612867,870,0.9969130218282579,3.6666666666666665,0.028645833333333332,0.011666249735981947,1.4932799662056893,1.0,1.4500000000000002,3.5,6.0,8.0,30,63.46436781609195,0.49581537356321836,0.04989323631727319,6.386334248610968,41.0,53.0,64.0,74.0,82.0,870,14,0.0,0.0,8,0.0,8,0.0,0.0,59.797701149425286,12.894032614684853
Single-sweep,heldout_sensor_cohort,128,enroll_4_test_1,4,1,265,30,30,265,2.1241511999978684,1.592996666052689,870,0.9969139245526447,5.766666666666667,0.04505208333333333,0.027193888386053973,3.4808177134149085,0.0,1.4500000000000002,5.0,11.0,15.0,30,63.272413793103446,0.4943157327586207,0.047263295978953374,6.049701885306032,46.0,53.0,63.0,73.0,79.0,870,14,0.0,0.03333333333333333,15,0.0,15,0.0,0.0,57.50574712643678,11.651852067399963
Single-sweep,heldout_sensor_cohort,128,enroll_4_test_2,4,2,265,30,30,265,2.0270079000038095,1.865196672345822,870,0.9969139245526447,4.4,0.034375,0.02108327086447517,2.6986586706528217,0.0,2.0,4.0,9.549999999999997,11.0,30,63.37011494252874,0.49507902298850576,0.04809733295972805,6.15645861884519,46.0,53.0,63.0,73.0,81.0,870,14,0.0,0.0,11,0.0,11,0.0,0.0,58.97011494252874,12.40655119102804
Single-sweep,heldout_sensor_cohort,128,enroll_4_test_3,4,3,265,30,30,265,2.5502346999710426,1.2685066612903029,870,0.9969139245526447,3.966666666666667,0.030989583333333334,0.019189722319729725,2.4562844569254048,0.0,0.4500000000000002,4.0,8.649999999999991,11.0,30,63.345977011494256,0.4948904454022989,0.0475022617842728,6.080289508386919,43.0,53.0,63.0,73.0,81.0,870,14,0.0,0.0,11,0.0,11,0.0,0.0,59.37931034482759,12.80558691622709
Single-sweep,heldout_sensor_cohort,128,enroll_4_test_5,4,5,265,30,30,265,2.5907505999784917,1.5105866691252838,870,0.9969139245526447,4.033333333333333,0.031510416666666666,0.012727478453902024,1.629117242099459,1.0,1.4500000000000002,4.0,6.549999999999997,8.0,30,63.36206896551724,0.4950161637931034,0.04785880561012753,6.125927118096324,42.0,53.0,63.0,73.54999999999995,81.0,870,14,0.0,0.0,8,0.0,8,0.0,0.0,59.32873563218391,13.236394051348155
Single-sweep,heldout_sensor_cohort,128,enroll_5_test_1,5,1,265,30,30,265,2.3046861000475474,1.8116933313043166,870,0.9969140492800699,5.5,0.04296875,0.02049096829797931,2.6228439421413516,1.0,2.0,5.0,10.0,10.0,30,63.757471264367815,0.49810524425287356,0.04599149583879657,5.886911467365961,44.0,54.0,64.0,73.0,80.0,870,14,0.0,0.0,10,0.0,10,0.0,0.0,58.257471264367815,12.78378113776581
Single-sweep,heldout_sensor_cohort,128,enroll_5_test_2,5,2,265,30,30,265,2.5488070999854244,1.700513338437304,870,0.9969140492800699,4.0,0.03125,0.016413304107465318,2.1009029257555607,0.0,1.0,4.0,6.0,10.0,30,63.91034482758621,0.49929956896551725,0.04572744160341389,5.853112525236978,44.0,53.0,64.0,73.0,81.0,870,14,0.0,0.0,10,0.0,10,0.0,0.0,59.91034482758621,13.624308265318025
Single-sweep,heldout_sensor_cohort,128,enroll_5_test_3,5,3,265,30,30,265,2.696059999987483,1.8623899998298536,870,0.9969140492800699,4.133333333333334,0.03229166666666667,0.019217121870574318,2.4597915994335127,0.0,0.4500000000000002,4.0,8.549999999999997,9.0,30,63.811494252873565,0.49852729885057473,0.04573978774153565,5.854692830916563,42.0,54.0,64.0,73.0,83.0,870,14,0.0,0.0,9,0.0,9,0.0,0.0,59.67816091954023,13.290063971191426
Single-sweep,heldout_sensor_cohort,128,enroll_5_test_4,5,4,265,30,30,265,2.623195099993609,2.0232033294936023,870,0.9969140492800699,3.066666666666667,0.023958333333333335,0.016659368912340926,2.1323992207796385,0.0,1.0,3.0,7.099999999999994,9.0,30,63.786206896551725,0.49832974137931035,0.04576216258109691,5.857556810380404,43.0,54.0,64.0,73.0,82.0,870,14,0.0,0.0,9,0.0,9,0.0,0.0,60.719540229885055,13.775351880537082
Multi-sweep,heldout_sensor_cohort,128,test_1,"2,3,4,5",1,265,30,120,1060,2.8141162000247277,1.8736500040783237,870,0.9965919323874572,4.4,0.034375,0.024499983506328017,3.135997888809986,0.0,0.0,4.0,9.649999999999991,12.0,30,63.367816091954026,0.49506106321839083,0.04666046608549181,5.972539658942952,44.0,54.0,64.0,73.0,79.0,870,14,0.0,0.0,12,0.0,12,0.0,0.0,58.96781609195403,12.362237448962407
Multi-sweep,heldout_sensor_cohort,128,test_2,"1,3,4,5",2,265,30,120,1060,2.487485399993602,1.4633899981466432,870,0.9965528010558964,3.466666666666667,0.027083333333333334,0.01663408273194928,2.129162589689508,0.0,0.4500000000000002,3.5,6.0,8.0,30,63.44827586206897,0.4956896551724138,0.048665209309312146,6.229146791591955,44.0,53.0,64.0,74.0,81.0,870,14,0.0,0.0,8,0.0,8,0.0,0.0,59.9816091954023,12.885779287209479
Multi-sweep,heldout_sensor_cohort,128,test_3,"1,2,4,5",3,265,30,120,1060,2.7499418000224978,1.2797633341203134,870,0.9965455664944715,2.566666666666667,0.020052083333333335,0.012082768206661895,1.5465943304527225,0.0,0.0,2.0,5.0,6.0,30,63.60574712643678,0.49691989942528736,0.04784473175025917,6.124125664033174,41.0,53.0,64.0,73.0,80.0,870,14,0.0,0.0,6,0.0,6,0.0,0.0,61.03908045977011,13.666382506570697
Multi-sweep,heldout_sensor_cohort,128,test_4,"1,2,3,5",4,265,30,120,1060,2.6098130000173114,1.4723766692137967,870,0.9965498325167385,3.2333333333333334,0.025260416666666667,0.014461435072158791,1.8510636892363252,0.0,0.4500000000000002,3.0,6.0,7.0,30,63.40574712643678,0.49535739942528734,0.04666608970539284,5.973259482290284,44.0,53.0,64.0,73.0,80.0,870,14,0.0,0.0,7,0.0,7,0.0,0.0,60.172413793103445,13.607842007763086
Multi-sweep,heldout_sensor_cohort,128,test_5,"1,2,3,4",5,265,30,120,1060,2.786139899981208,1.2103033329670627,870,0.9965559474354547,3.7,0.02890625,0.01718382601798503,2.1995297303020838,0.0,1.4500000000000002,3.0,7.549999999999997,8.0,30,63.240229885057474,0.4940642959770115,0.0476631041464846,6.100877330750029,41.0,52.0,64.0,73.0,81.0,870,14,0.0,0.0,8,0.0,8,0.0,0.0,59.54022988505747,12.983683398967806
Single-sweep,enrolled_cohort,256,enroll_1_test_2,1,2,295,295,295,295,4.014171799994074,1.3594308497100058,86730,0.9998876292538981,26.810169491525425,0.10472722457627119,0.033203022999297345,8.49997388782012,0.0,14.0,26.0,40.0,75.0,295,128.2398708635997,0.5009369955609363,0.026556302230388504,6.798413370979457,101.0,117.0,128.0,139.0,157.0,86730,25,0.0,0.5491525423728814,75,0.0,75,0.0,0.0,101.42970137207426,13.178914855404312
Single-sweep,enrolled_cohort,256,enroll_1_test_3,1,3,295,295,295,295,4.055612199997995,1.4031335577305595,86730,0.9998876292538981,28.152542372881356,0.1099708686440678,0.03442688081304546,8.813281488139637,10.0,16.0,28.0,40.60000000000002,72.0,295,128.23952496252738,0.5009356443848726,0.026683484481669625,6.830972027307424,98.0,117.0,128.0,139.5500000000029,156.0,86730,25,0.0,0.6169491525423729,72,0.0,72,0.0,0.0,100.08698258964603,12.693867398178321
Single-sweep,enrolled_cohort,256,enroll_1_test_4,1,4,295,295,295,295,5.824303500005044,1.1971949151780268,86730,0.9998876292538981,29.647457627118644,0.1158103813559322,0.037072878855484236,9.490656987003964,8.0,16.700000000000003,29.0,44.0,74.0,295,128.24056266574425,0.5009396979130635,0.02680095469777002,6.861044402629125,95.0,117.0,128.0,140.0,163.0,86730,25,0.0,0.6542372881355932,74,0.0,74,0.0,0.0,98.59310503862561,11.906090439297282
Single-sweep,enrolled_cohort,256,enroll_1_test_5,1,5,295,295,295,295,4.985323200002313,1.079301351002591,86730,0.9998876292538981,29.789830508474576,0.11636652542372881,0.038191127094904034,9.776928536295433,10.0,16.0,29.0,45.0,76.0,295,128.2381413582382,0.500930239680618,0.02673717150009069,6.844715904023217,99.0,117.0,128.0,139.0,159.0,86730,25,0.0,0.6372881355932203,76,0.0,76,0.0,0.0,98.44831084976363,11.665668224140715
Single-sweep,enrolled_cohort,256,enroll_2_test_1,2,1,295,295,295,295,4.471337200026028,1.4504257654692283,86730,0.999888469190329,26.1864406779661,0.10229078389830508,0.03172041254640406,8.120425611879439,0.0,14.0,26.0,39.0,59.0,295,128.24464429839733,0.5009556417906146,0.02656727569295135,6.801222577395546,99.0,117.0,128.0,139.0,157.0,86730,25,0.0,0.5186440677966102,59,0.0,59,0.0,0.0,102.05820362043123,13.62606557949679
Single-sweep,enrolled_cohort,256,enroll_2_test_3,2,3,295,295,295,295,3.7983995999675244,1.453634236457805,86730,0.999888469190329,24.82033898305085,0.09695444915254238,0.03467274725446702,8.876223297143557,0.0,13.0,24.0,39.0,73.0,295,128.25352242591953,0.5009903219762482,0.026483226346934174,6.779705944815149,95.0,117.0,128.0,139.0,166.0,86730,25,0.0,0.43050847457627117,73,0.0,73,0.0,0.0,103.43318344286868,13.096388847671609
Single-sweep,enrolled_cohort,256,enroll_2_test_4,2,4,295,295,295,295,3.7201231999788433,1.2849074567399792,86730,0.999888469190329,25.63728813559322,0.10014565677966102,0.03360761292934805,8.603548909913101,10.0,13.0,26.0,39.0,74.0,295,128.250224835697,0.5009774407644414,0.02647680836530101,6.778062941517058,100.0,117.0,128.0,139.0,161.0,86730,25,0.0,0.5050847457627119,74,0.0,74,0.0,0.0,102.61293670010377,13.24930537302853
Single-sweep,enrolled_cohort,256,enroll_2_test_5,2,5,295,295,295,295,4.333195699960925,1.521318304447173,86730,0.999888469190329,26.37627118644068,0.1030323093220339,0.03500774234762836,8.96198204099286,9.0,13.0,26.0,40.0,79.0,295,128.2589184826473,0.501011400322841,0.026582345719805722,6.805080504270265,98.0,117.0,128.0,139.0,156.0,86730,25,0.0,0.5152542372881356,79,0.0,79,0.0,0.0,101.88264729620661,12.8042268100692
Single-sweep,enrolled_cohort,256,enroll_3_test_1,3,1,295,295,295,295,3.9094253999646753,0.9550552550797998,86730,0.9998881804896752,27.901694915254236,0.10899099576271186,0.035969250361316145,9.208128092496933,10.0,15.0,27.0,43.0,65.0,295,128.24978669433875,0.5009757292747608,0.026695608784886776,6.834075848931015,97.0,117.0,128.0,139.0,159.0,86730,25,0.0,0.5559322033898305,65,0.0,65,0.0,0.0,100.34809177908451,12.375729026927415
Single-sweep,enrolled_cohort,256,enroll_3_test_2,3,2,295,295,295,295,3.862615599995479,0.9984664407842871,86730,0.9998881804896752,24.640677966101695,0.09625264830508475,0.0358317391981601,9.172925234728986,0.0,12.700000000000001,24.0,40.0,77.0,295,128.25716591721434,0.5010045543641185,0.0264956219392839,6.782879216456679,96.0,117.0,128.0,139.0,164.0,86730,25,0.0,0.41694915254237286,77,0.0,77,0.0,0.0,103.61648795111265,12.844634965680713
Single-sweep,enrolled_cohort,256,enroll_3_test_4,3,4,295,295,295,295,3.9466175999841653,1.109162711940895,86730,0.9998881804896752,23.73898305084746,0.09273040254237289,0.03291693520468748,8.426735412399994,7.0,12.0,23.0,37.0,55.0,295,128.27358468811252,0.5010686901879395,0.02641476763679775,6.762180515020224,100.0,117.0,128.0,139.0,159.0,86730,25,0.0,0.39322033898305087,55,0.0,55,0.0,0.0,104.53460163726507,13.68267104533682
Single-sweep,enrolled_cohort,256,enroll_3_test_5,3,5,295,295,295,295,4.364227900048718,1.014124746513316,86730,0.9998881804896752,24.420338983050847,0.09539194915254237,0.032351538363829535,8.281993821140361,8.0,12.0,24.0,38.30000000000001,58.0,295,128.26715092816787,0.5010435583131557,0.02646029221065707,6.77383480592821,100.0,117.0,128.0,139.0,162.0,86730,25,0.0,0.43728813559322033,58,0.0,58,0.0,0.0,103.84681194511703,13.726204051920336
Single-sweep,enrolled_cohort,256,enroll_4_test_1,4,1,295,295,295,295,3.628050700004678,1.0407905086432978,86730,0.9998906933267008,29.027118644067798,0.11338718220338984,0.03890525793109479,9.959746030360266,11.0,14.0,28.0,47.0,68.0,295,128.24475959875477,0.5009560921826358,0.026594463220959267,6.808182584565572,97.0,117.0,128.0,139.0,161.0,86730,25,0.0,0.6033898305084746,68,0.0,68,0.0,0.0,99.21764095468697,11.63056830221658
Single-sweep,enrolled_cohort,256,enroll_4_test_2,4,2,295,295,295,295,3.866662699962035,1.0168040688228557,86730,0.9998906933267008,26.040677966101693,0.10172139830508474,0.03644896880225422,9.33093601337708,10.0,13.0,25.0,42.0,74.0,295,128.2619162919405,0.5010231105153926,0.02649068826481362,6.781616195792287,95.0,117.0,128.0,139.0,159.0,86730,25,0.0,0.4542372881355932,74,0.0,74,0.0,0.0,102.22123832583881,12.532502093837921
Single-sweep,enrolled_cohort,256,enroll_4_test_3,4,3,295,295,295,295,3.936912300006952,1.1172857591329868,86730,0.9998906933267008,24.003389830508475,0.09376324152542373,0.03366224241204061,8.617534057482397,8.0,12.0,23.0,39.0,58.0,295,128.25878012221838,0.5010108598524156,0.026342467041923463,6.743671562732406,101.0,117.0,128.0,139.0,163.0,86730,25,0.0,0.376271186440678,58,0.0,58,0.0,0.0,104.25539029170992,13.473973969611567
Single-sweep,enrolled_cohort,256,enroll_4_test_5,4,5,295,295,295,295,4.094210300012492,1.1483677970719035,86730,0.9998906933267008,23.52542372881356,0.09189618644067797,0.034866858071748864,8.92591566636771,0.0,11.0,23.0,39.0,55.0,295,128.26023290672202,0.5010165347918829,0.02632676248943251,6.739651197294722,100.0,117.0,128.0,139.0,163.0,86730,25,0.0,0.3898305084745763,55,0.0,55,0.0,0.0,104.73480917790846,13.242997459195276
Single-sweep,enrolled_cohort,256,enroll_5_test_1,5,1,295,295,295,295,3.6442181999445893,1.0552572873736716,86730,0.9998889560143899,28.48135593220339,0.11125529661016949,0.03687517527078358,9.440044869320596,9.0,14.0,28.0,44.0,77.0,295,128.266966447596,0.5010428376859218,0.026729390018517752,6.8427238447405445,97.0,117.0,128.0,140.0,158.0,86730,25,0.0,0.6,77,0.0,77,0.0,0.0,99.7856105153926,12.10357233552861
Single-sweep,enrolled_cohort,256,enroll_5_test_2,5,2,295,295,295,295,4.115007699991111,1.064976950381267,86730,0.9998889560143899,25.877966101694916,0.10108580508474577,0.035993380556959165,9.214305422581546,10.0,12.700000000000001,25.0,40.0,78.0,295,128.2801337484146,0.5010942724547446,0.02648566539925944,6.780330342210417,98.0,117.0,128.0,139.0,157.0,86730,25,0.0,0.49491525423728816,78,0.0,78,0.0,0.0,102.4021676467197,12.658832017733587
Single-sweep,enrolled_cohort,256,enroll_5_test_3,5,3,295,295,295,295,4.077325199963525,1.3452216933512966,86730,0.9998889560143899,23.589830508474577,0.09214777542372882,0.03142668474118182,8.045231293742546,9.0,12.0,22.0,37.0,56.0,295,128.28149429263232,0.501099587080595,0.02643513839911805,6.767395430174221,97.0,117.0,128.0,139.0,163.0,86730,25,0.0,0.39322033898305087,56,0.0,56,0.0,0.0,104.69166378415774,14.083156516214995
Single-sweep,enrolled_cohort,256,enroll_5_test_4,5,4,295,295,295,295,4.104830100026447,1.331818644036302,86730,0.9998889560143899,23.48135593220339,0.09172404661016949,0.033807361099406824,8.654684441448147,0.0,11.0,22.0,37.0,54.0,295,128.27960336677043,0.501092200651447,0.026430106504654712,6.766107265191606,100.0,117.0,128.0,139.0,162.0,86730,25,0.0,0.38305084745762713,54,0.0,54,0.0,0.0,104.79824743456705,13.491013688396265
Multi-sweep,enrolled_cohort,256,test_1,"2,3,4,5",1,295,295,1180,1180,3.904271000006702,1.9199325432764145,86730,0.9995388903848358,25.45084745762712,0.09941737288135594,0.03170592201617508,8.11671603614082,10.0,14.0,25.0,39.30000000000001,65.0,295,128.26472962066183,0.5010341000807103,0.026272674055269188,6.725804558148912,99.0,117.0,128.0,139.0,157.0,86730,25,0.0,0.41694915254237286,65,0.0,65,0.0,0.0,102.8138821630347,13.793531590413723
Multi-sweep,enrolled_cohort,256,test_2,"1,3,4,5",2,295,295,1180,1180,4.947792000020854,1.7759698328672577,86730,0.9995237740084906,21.864406779661017,0.08540783898305085,0.027228270133321946,6.970437154130418,8.0,12.0,21.0,33.0,58.0,295,128.2636227372305,0.5010297763173066,0.026188849200749414,6.70434539539185,96.0,117.0,128.0,139.0,164.0,86730,25,0.0,0.28135593220338984,58,0.0,58,0.0,0.0,106.39921595756948,15.558430709955738
Multi-sweep,enrolled_cohort,256,test_3,"1,2,4,5",3,295,295,1180,1180,4.371066399966367,1.8737047456867866,86730,0.999522453090975,21.71864406779661,0.08483845338983051,0.025415292767740672,6.506314948541612,9.0,12.0,21.0,33.0,45.0,295,128.27337714746915,0.5010678794823014,0.026094330177419522,6.680148525419398,96.0,117.0,128.0,139.0,161.0,86730,25,0.0,0.2677966101694915,45,0.0,45,0.0,0.0,106.55473307967253,16.15982567641667
Multi-sweep,enrolled_cohort,256,test_4,"1,2,3,5",4,295,295,1180,1180,4.451184000005014,1.8228755932364424,86730,0.9995230311973634,22.11864406779661,0.0864009533898305,0.02598598372070955,6.652411832501644,7.0,13.0,22.0,32.0,58.0,295,128.2608785887236,0.5010190569872016,0.026168965914475907,6.699255274105832,94.0,117.0,128.0,139.0,161.0,86730,25,0.0,0.26440677966101694,58,0.0,58,0.0,0.0,106.142234520927,15.899375025054434
Multi-sweep,enrolled_cohort,256,test_5,"1,2,3,4",5,295,295,1180,1180,4.700281800003722,1.8039159336664035,86730,0.9995262820110947,22.572881355932203,0.08817531779661017,0.026318728747135298,6.737594559266636,8.0,13.0,22.0,34.0,55.0,295,128.26772742995504,0.5010458102732619,0.026199088234391578,6.706966588004244,101.0,117.0,128.0,139.0,157.0,86730,25,0.0,0.288135593220339,55,0.0,55,0.0,0.0,105.69484607402285,15.723022961396689
Single-sweep,heldout_sensor_cohort,256,enroll_1_test_2,1,2,265,30,30,265,3.6266990000149235,1.0779833382305999,870,0.9999788479801164,14.066666666666666,0.054947916666666666,0.0224966821867341,5.75915063980393,3.0,6.45,13.5,23.64999999999999,26.0,30,126.97931034482758,0.49601293103448274,0.03701138890030379,9.47491555847777,92.0,112.0,127.0,141.0,155.0,870,25,0.0,0.03333333333333333,26,0.0,26,0.0,0.0,112.91264367816092,14.401499634272989
Single-sweep,heldout_sensor_cohort,256,enroll_1_test_3,1,3,265,30,30,265,3.4013972000102513,1.3781533343717456,870,0.9999788479801164,16.3,0.063671875,0.02321531720632526,5.943121204819267,5.0,7.0,16.0,26.099999999999994,32.0,30,127.13218390804597,0.4966100933908046,0.03624392267690296,9.278444205287158,97.0,111.0,127.0,141.0,158.0,870,25,0.0,0.06666666666666667,32,0.0,32,0.0,0.0,110.83218390804598,14.225032652056687
Single-sweep,heldout_sensor_cohort,256,enroll_1_test_4,1,4,265,30,30,265,3.150140299985651,1.2851399990419548,870,0.9999788479801164,17.166666666666668,0.06705729166666667,0.024685763638377527,6.319555491424647,5.0,8.45,17.0,28.099999999999994,34.0,30,127.2448275862069,0.4970501077586207,0.036679040472407505,9.389834360936321,92.0,111.0,127.0,142.0,158.0,870,25,0.0,0.1,34,0.0,34,0.0,0.0,110.07816091954022,13.754088543087231
Single-sweep,heldout_sensor_cohort,256,enroll_1_test_5,1,5,265,30,30,265,3.0958234000136144,1.3000066741369665,870,0.9999788479801164,16.933333333333334,0.06614583333333333,0.030360684611500825,7.772335260544211,3.0,7.45,14.5,28.0,36.0,30,127.21609195402299,0.4969378591954023,0.037340067287708986,9.5590572256535,86.0,111.0,127.0,142.0,159.0,870,25,0.0,0.2,36,0.0,36,0.0,0.0,110.28275862068965,12.65926583448068
Single-sweep,heldout_sensor_cohort,256,enroll_2_test_1,2,1,265,30,30,265,3.651971700019203,0.9741000016219914,870,0.9999792625757771,15.366666666666667,0.06002604166666667,0.02148090521876582,5.49911173600405,4.0,5.3500000000000005,16.0,24.099999999999994,27.0,30,126.56436781609196,0.4943920617816092,0.03738483625482845,9.570518081236083,98.0,111.0,127.0,142.0,152.0,870,25,0.0,0.03333333333333333,27,0.0,27,0.0,0.0,111.19770114942528,14.247041539393605
Single-sweep,heldout_sensor_cohort,256,enroll_2_test_3,2,3,265,30,30,265,3.746486200019717,1.0399833360376458,870,0.9999792625757771,13.966666666666667,0.05455729166666667,0.022060943219675323,5.647601464236883,8.0,8.0,12.0,23.549999999999997,32.0,30,126.30229885057472,0.4933683548850575,0.037815775948165375,9.680838642730336,92.0,111.0,126.0,143.0,150.0,870,25,0.0,0.03333333333333333,32,0.0,32,0.0,0.0,112.33563218390805,14.174685808288165
Single-sweep,heldout_sensor_cohort,256,enroll_2_test_4,2,4,265,30,30,265,3.092444899957627,1.0920566661904256,870,0.9999792625757771,14.433333333333334,0.056380208333333334,0.02225565824771652,5.697448511415429,6.0,7.0,13.0,23.549999999999997,26.0,30,126.65632183908046,0.49475125718390806,0.03741308753804389,9.577750409739236,92.0,110.0,127.0,142.0,153.0,870,25,0.0,0.03333333333333333,26,0.0,26,0.0,0.0,112.22298850574713,14.241185100462765
Single-sweep,heldout_sensor_cohort,256,enroll_2_test_5,2,5,265,30,30,265,3.255548399989493,1.9709233233394723,870,0.9999792625757771,13.733333333333333,0.05364583333333333,0.01946198205502352,4.982267406086021,5.0,8.0,12.5,23.0,26.0,30,126.63908045977011,0.494683908045977,0.037420697165310934,9.5796984743196,96.0,112.0,127.0,143.0,152.0,870,25,0.0,0.03333333333333333,26,0.0,26,0.0,0.0,112.90574712643678,14.787462953256592
Single-sweep,heldout_sensor_cohort,256,enroll_3_test_1,3,1,265,30,30,265,3.183381900016684,1.36383999682342,870,0.9999791390340375,15.866666666666667,0.06197916666666667,0.019510585332438588,4.994709845104278,6.0,7.9,15.5,23.549999999999997,28.0,30,127.0735632183908,0.49638110632183907,0.03616037509833188,9.257056025172961,89.0,112.0,127.0,143.0,156.0,870,25,0.0,0.03333333333333333,28,0.0,28,0.0,0.0,111.20689655172413,14.95168772345195
Single-sweep,heldout_sensor_cohort,256,enroll_3_test_2,3,2,265,30,30,265,3.241312999976799,1.2516599982821692,870,0.9999791390340375,12.966666666666667,0.05065104166666667,0.019930808862840547,5.10228706888718,6.0,8.0,12.0,21.19999999999999,30.0,30,127.22413793103448,0.4969692887931034,0.036292214795215966,9.290806987575287,84.0,112.0,127.0,142.0,151.0,870,25,0.0,0.03333333333333333,30,0.0,30,0.0,0.0,114.25747126436781,15.244331179727295
Single-sweep,heldout_sensor_cohort,256,enroll_3_test_4,3,4,265,30,30,265,3.1902114000404254,1.4440833202873666,870,0.9999791390340375,12.566666666666666,0.049088541666666666,0.018878737432794432,4.8329567827953746,6.0,7.0,11.0,21.099999999999994,23.0,30,127.10919540229885,0.4965202945402299,0.03579073461039759,9.162428060261783,91.0,112.0,127.0,142.0,154.0,870,25,0.0,0.0,23,0.0,23,0.0,0.0,114.54252873563219,15.637474201760108
Single-sweep,heldout_sensor_cohort,256,enroll_3_test_5,3,5,265,30,30,265,3.310450299992226,1.367123337695375,870,0.9999791390340375,13.133333333333333,0.05130208333333333,0.01662775517853504,4.25670532570497,8.0,8.0,13.0,20.64999999999999,25.0,30,127.26666666666667,0.49713541666666666,0.03574299337640665,9.150206304360102,91.0,112.0,128.0,141.0,154.0,870,25,0.0,0.0,25,0.0,25,0.0,0.0,114.13333333333333,15.993956253614328
Single-sweep,heldout_sensor_cohort,256,enroll_4_test_1,4,1,265,30,30,265,2.9616165999905206,1.5317133317391078,870,0.9999794315607359,18.466666666666665,0.07213541666666666,0.02746343367963254,7.03063902198593,5.0,10.45,18.0,32.19999999999999,36.0,30,126.66436781609195,0.4947826867816092,0.036062324311082083,9.231955023637013,88.0,111.0,127.0,141.0,149.0,870,25,0.0,0.1,36,0.0,36,0.0,0.0,108.19770114942528,13.186074787072979
Single-sweep,heldout_sensor_cohort,256,enroll_4_test_2,4,2,265,30,30,265,2.8841008000308648,1.2704833391277741,870,0.9999794315607359,14.5,0.056640625,0.018936249443032536,4.847679857416329,9.0,9.0,13.0,24.64999999999999,29.0,30,126.7367816091954,0.49506555316091955,0.03545756031093795,9.077135439600115,90.0,111.0,127.0,141.0,150.0,870,25,0.0,0.06666666666666667,29,0.0,29,0.0,0.0,112.2367816091954,15.424593614825707
Single-sweep,heldout_sensor_cohort,256,enroll_4_test_3,4,3,265,30,30,265,3.0527311000041664,1.1216533409121137,870,0.9999794315607359,13.7,0.053515625,0.02067375010229218,5.292480026186798,4.0,5.9,12.0,23.099999999999994,24.0,30,126.72298850574713,0.4950116738505747,0.03553263357470009,9.096354195123222,89.0,111.0,127.0,141.0,151.0,870,25,0.0,0.0,24,0.0,24,0.0,0.0,113.02298850574712,15.188051654864847
Single-sweep,heldout_sensor_cohort,256,enroll_4_test_5,4,5,265,30,30,265,2.9496279999730177,1.2039233387137454,870,0.9999794315607359,14.3,0.055859375,0.02046913044197644,5.240097393145969,3.0,6.9,13.5,22.0,25.0,30,126.78505747126437,0.49525413074712643,0.035632947409971104,9.122034536952603,92.0,111.0,127.0,140.0,150.0,870,25,0.0,0.0,25,0.0,25,0.0,0.0,112.48505747126437,15.121490917517502
Single-sweep,heldout_sensor_cohort,256,enroll_5_test_1,5,1,265,30,30,265,2.855540699965786,1.3121566638195266,870,0.9999787805550604,17.3,0.067578125,0.0252769129762058,6.4708897219086845,7.0,7.45,16.0,27.64999999999999,32.0,30,127.07241379310345,0.49637661637931035,0.03429856915642144,8.780433704043888,91.0,112.0,127.0,141.54999999999995,153.0,870,25,0.0,0.1,32,0.0,32,0.0,0.0,109.77241379310345,14.232865556300151
Single-sweep,heldout_sensor_cohort,256,enroll_5_test_2,5,2,265,30,30,265,2.9272614999790676,1.2247000083637734,870,0.9999787805550604,14.366666666666667,0.05611979166666667,0.022108592815963737,5.659799760886717,6.0,6.0,14.5,24.549999999999997,25.0,30,127.22873563218391,0.4969872485632184,0.03485289020293806,8.922339891952143,93.0,112.0,128.0,141.0,153.0,870,25,0.0,0.0,25,0.0,25,0.0,0.0,112.86206896551724,15.1060253033855
Single-sweep,heldout_sensor_cohort,256,enroll_5_test_3,5,3,265,30,30,265,3.249480099999346,1.4765233383513987,870,0.9999787805550604,13.5,0.052734375,0.02634909680318758,6.745368781616021,3.0,4.0,12.0,25.099999999999994,30.0,30,127.15747126436781,0.4967088721264368,0.0345375802109225,8.84162053399616,94.0,112.0,128.0,141.0,149.0,870,25,0.0,0.06666666666666667,30,0.0,30,0.0,0.0,113.65747126436781,14.453510358255382
Single-sweep,heldout_sensor_cohort,256,enroll_5_test_4,5,4,265,30,30,265,2.9657843000022694,1.2843499949667603,870,0.9999787805550604,13.166666666666666,0.051432291666666664,0.021000335273091614,5.376085829911453,6.0,6.0,13.0,23.099999999999994,25.0,30,127.15057471264367,0.49668193247126435,0.03423473066999573,8.764091051518907,94.0,112.0,128.0,141.0,150.0,870,25,0.0,0.0,25,0.0,25,0.0,0.0,113.983908045977,15.678237417095966
Multi-sweep,heldout_sensor_cohort,256,test_1,"2,3,4,5",1,265,30,120,1060,4.240902799996547,2.08995333329464,870,0.9996073754792324,14.566666666666666,0.056901041666666666,0.02058533130623426,5.26984481439597,5.0,6.45,14.0,24.0,24.0,30,126.88850574712643,0.4956582255747126,0.03518600129261558,9.007616330909588,99.0,111.45,127.0,141.0,152.0,870,25,0.0,0.0,24,0.0,24,0.0,0.0,112.32183908045977,15.221185617371486
Multi-sweep,heldout_sensor_cohort,256,test_2,"1,3,4,5",2,265,30,120,1060,3.8792572999955155,2.2450966760516167,870,0.9995913416400858,12.966666666666667,0.05065104166666667,0.020140898295966412,5.1560699637674015,6.0,6.45,12.0,22.0,23.0,30,126.87241379310345,0.49559536637931034,0.034872370965581184,8.927326967188783,95.0,112.0,127.0,141.0,153.0,870,25,0.0,0.0,23,0.0,23,0.0,0.0,113.90574712643678,15.625370270736115
Multi-sweep,heldout_sensor_cohort,256,test_3,"1,2,4,5",3,265,30,120,1060,4.209974500001408,2.1661266626324505,870,0.9995883141825924,12.5,0.048828125,0.018486326257155353,4.7324995218317705,3.0,5.0,12.0,21.19999999999999,23.0,30,127.49310344827586,0.4980199353448276,0.03471203852043497,8.886281861231351,92.0,112.0,128.0,142.0,152.0,870,25,0.0,0.0,23,0.0,23,0.0,0.0,114.99310344827586,16.152807366767902
Multi-sweep,heldout_sensor_cohort,256,test_4,"1,2,3,5",4,265,30,120,1060,4.0266714000026695,1.9855200002590816,870,0.9995909469653393,12.566666666666666,0.049088541666666666,0.019017580772991493,4.868500677885822,2.0,5.9,12.0,20.549999999999997,23.0,30,126.87011494252873,0.49558638649425285,0.03507857936063162,8.980116316321695,97.0,112.0,127.0,141.0,150.0,870,25,0.0,0.0,23,0.0,23,0.0,0.0,114.30344827586207,15.82482622980499
Multi-sweep,heldout_sensor_cohort,256,test_5,"1,2,3,4",5,265,30,120,1060,4.279000099981204,2.206999994814396,870,0.9995946900055093,12.4,0.0484375,0.017517405906648274,4.484455912101958,6.0,7.0,11.5,21.549999999999997,22.0,30,126.95402298850574,0.49591415229885055,0.035071530214774,8.978311734982144,88.0,112.0,127.0,141.0,149.0,870,25,0.0,0.0,22,0.0,22,0.0,0.0,114.55402298850574,16.14234279165093
