Method,Scenario,Seed,ID_Bits,Fold,Training_Indices,Authentication_Index,Devices,Enrollment_Rows,Parameter_Count,Fit_Seconds,Mean_Transform_Milliseconds,Directed_Impostor_Comparisons,Unique_Identifiers,Collision_Rate,Empirical_Codeword_Entropy_Bits,Mean_Absolute_Bit_Bias,Mean_Absolute_Bit_Correlation,Final_Total_Loss,Final_Reconstruction_Loss,Final_Balance_Loss,Final_Decorrelation_Loss,Final_Quantization_Loss,Intra_Mean,Intra_Mean_Normalized,Intra_Std,Intra_Min,Intra_Max,Intra_Q05,Intra_Median,Intra_Q95,Intra_Count,Inter_Mean,Inter_Mean_Normalized,Inter_Std,Inter_Min,Inter_Max,Inter_Q05,Inter_Median,Inter_Q95,Inter_Count,Fixed_Threshold,FAR_At_Fixed_Threshold,FRR_At_Fixed_Threshold,Descriptive_EER,Descriptive_EER_Threshold,Minimum_Balanced_Error,Minimum_Balanced_Error_Threshold,Empirical_Overlap_Coefficient
Unsupervised autoencoder,Single-sweep,20260903,128,enroll_1_test_2,1,2,295,295,2136226,2.304479699996591,0.57171220364349,86730,284,0.037288135593220306,8.129994873062763,0.0016949152542372614,0.39714205005262304,0.1636933833360672,0.16000595688819885,0.0052888705395162106,0.044760607182979584,0.2975378930568695,1.9559322033898305,0.015280720338983051,5.009659756883867,0,66,0.0,1.0,6.0,295,64.21072293324109,0.501646272915946,30.10240391308695,0,126,13.0,66.0,109.0,86730,14,0.05763864867981091,0.010169491525423728,0.0283869479995388,8,0.023163841807909605,10,0.04632768361581921
Unsupervised autoencoder,Single-sweep,20260903,128,enroll_1_test_3,1,3,295,295,2136226,3.0685213999968255,0.7016776273149398,86730,284,0.037288135593220306,8.129994873062763,0.0016949152542372614,0.39714205005262304,0.1636933833360672,0.16000595688819885,0.0052888705395162106,0.044760607182979584,0.2975378930568695,2.3491525423728814,0.018352754237288136,6.22017708918881,0,97,0.0,1.0,8.0,295,64.20922402859449,0.5016345627233945,30.079779430126482,0,126,13.0,66.0,109.0,86730,14,0.057903839501902456,0.010169491525423728,0.033344863369076445,10,0.032047734347976475,12,0.06302317537184365
Unsupervised autoencoder,Single-sweep,20260903,128,enroll_1_test_4,1,4,295,295,2136226,2.761649700005364,0.6066616947942224,86730,284,0.037288135593220306,8.129994873062763,0.0016949152542372614,0.39714205005262304,0.1636933833360672,0.16000595688819885,0.0052888705395162106,0.044760607182979584,0.2975378930568695,2.359322033898305,0.01843220338983051,3.036015035190144,0,20,0.0,2.0,8.0,295,64.20936238902341,0.5016356436642454,30.09601993399007,0,125,13.0,66.0,109.0,86730,14,0.05824974057419578,0.013559322033898305,0.03599100657212037,9,0.031822898650985816,10,0.062204542834082784
Unsupervised autoencoder,Single-sweep,20260903,128,enroll_1_test_5,1,5,295,295,2136226,2.7158029999991413,0.5766142372059699,86730,284,0.037288135593220306,8.129994873062763,0.0016949152542372614,0.39714205005262304,0.1636933833360672,0.16000595688819885,0.0052888705395162106,0.044760607182979584,0.2975378930568695,2.4949152542372883,0.019491525423728815,2.9884940198031464,0,20,0.0,2.0,9.0,295,64.2087167070218,0.5016305992736078,30.086168763716387,0,125,13.0,66.0,109.0,86730,14,0.05822668050270956,0.01694915254237288,0.035212729159460394,10,0.031275221953188055,11,0.05085898766286175
Unsupervised autoencoder,Single-sweep,20260903,128,enroll_2_test_1,2,1,295,295,2136226,2.725351499997487,0.5118183049736387,86730,275,0.06779661016949157,8.03938790372988,0.0016949152542372614,0.3901145629298744,0.16426418721675873,0.16056279838085175,0.006250053644180298,0.04369613900780678,0.2951914370059967,1.8677966101694916,0.014592161016949153,4.919019061756159,0,63,0.0,1.0,6.0,295,64.21153003574311,0.501652578404243,30.010556177960638,0,124,13.0,65.0,109.0,86730,14,0.057408047964948694,0.006779661016949152,0.025781159921595756,7,0.02532572350974288,9,0.04700795572466275
Unsupervised autoencoder,Single-sweep,20260903,128,enroll_2_test_3,2,3,295,295,2136226,2.6606826999995974,0.6211562712590005,86730,275,0.06779661016949157,8.03938790372988,0.0016949152542372614,0.3901145629298744,0.16426418721675873,0.16056279838085175,0.006250053644180298,0.04369613900780678,0.2951914370059967,1.4745762711864407,0.011520127118644068,6.7807147803228,0,87,0.0,0.0,4.0,295,64.21275221953188,0.5016621267150928,29.9245678699346,0,124,13.0,66.0,109.0,86730,14,0.05724662746454514,0.010169491525423728,0.016389945808832008,5,0.016389945808832008,5,0.032779891617664016
Unsupervised autoencoder,Single-sweep,20260903,128,enroll_2_test_4,2,4,295,295,2136226,2.6543782000007923,0.5117372879255326,86730,275,0.06779661016949157,8.03938790372988,0.0016949152542372614,0.3901145629298744,0.16426418721675873,0.16056279838085175,0.006250053644180298,0.04369613900780678,0.2951914370059967,1.4983050847457626,0.01170550847457627,4.871738976475036,0,61,0.0,1.0,4.0,295,64.21256773895999,0.5016606854606249,29.952419366442975,0,124,13.0,66.0,109.0,86730,14,0.05703908682116914,0.010169491525423728,0.02217802375187363,7,0.019774011299435026,5,0.03954802259887005
Unsupervised autoencoder,Single-sweep,20260903,128,enroll_2_test_5,2,5,295,295,2136226,2.7096252999981516,0.525864068037925,86730,275,0.06779661016949157,8.03938790372988,0.0016949152542372614,0.3901145629298744,0.16426418721675873,0.16056279838085175,0.006250053644180298,0.04369613900780678,0.2951914370059967,1.664406779661017,0.013003177966101695,4.6808977390551165,0,61,0.0,1.0,5.0,295,64.21208347745878,0.5016569021676467,29.928230890155483,0,125,13.0,66.0,109.0,86730,14,0.056704715784618935,0.006779661016949152,0.020114147353856797,6,0.020114147353856797,6,0.040228294707713594
Unsupervised autoencoder,Single-sweep,20260903,128,enroll_3_test_1,3,1,295,295,2136226,2.5384984999982407,0.6205291526986018,86730,284,0.037288135593220306,8.120656271360515,0.0016949152542372614,0.39010466657401344,0.163753479719162,0.16013628244400024,0.006009314674884081,0.0488196462392807,0.2828536629676819,2.2033898305084745,0.017213983050847457,5.611515313729685,0,90,0.0,1.0,7.0,295,64.20977747031016,0.5016388864867981,30.017239434140077,0,124,13.0,65.0,109.0,86730,14,0.056762365963334484,0.003389830508474576,0.023469387755102038,8,0.023469387755102038,8,0.043203043929436184
Unsupervised autoencoder,Single-sweep,20260903,128,enroll_3_test_2,3,2,295,295,2136226,2.6772998000014923,0.5071915254999205,86730,284,0.037288135593220306,8.120656271360515,0.0016949152542372614,0.39010466657401344,0.163753479719162,0.16013628244400024,0.006009314674884081,0.0488196462392807,0.2828536629676819,1.4813559322033898,0.011573093220338983,6.709128581154157,0,89,0.0,0.0,4.0,295,64.21240631845959,0.5016594243629655,30.004169989793265,0,124,13.0,65.0,109.0,86730,14,0.05679695607056382,0.010169491525423728,0.01701256773895999,6,0.016833852184941774,5,0.03366770436988355
Unsupervised autoencoder,Single-sweep,20260903,128,enroll_3_test_4,3,4,295,295,2136226,2.8300310999984504,0.5364705084071305,86730,284,0.037288135593220306,8.120656271360515,0.0016949152542372614,0.39010466657401344,0.163753479719162,0.16013628244400024,0.006009314674884081,0.0488196462392807,0.2828536629676819,1.0610169491525423,0.008289194915254237,5.369636762602921,0,89,0.0,0.0,3.0,295,64.21464314539375,0.5016768995733887,29.957265315732172,0,124,13.0,66.0,109.0,86730,14,0.05663553557016027,0.006779661016949152,0.011714516315000575,5,0.011714516315000575,5,0.02342903263000115
Unsupervised autoencoder,Single-sweep,20260903,128,enroll_3_test_5,3,5,295,295,2136226,2.620166699998663,0.5440050847552148,86730,284,0.037288135593220306,8.120656271360515,0.0016949152542372614,0.39010466657401344,0.163753479719162,0.16013628244400024,0.006009314674884081,0.0488196462392807,0.2828536629676819,1.2779661016949153,0.009984110169491526,5.286745967418623,0,89,0.0,1.0,3.3000000000000114,295,64.21392828317768,0.5016713147123256,29.969199940757775,0,124,13.0,66.0,109.0,86730,14,0.05682001614205004,0.003389830508474576,0.015173527037933818,5,0.014228064106998731,7,0.028052576962988584
Unsupervised autoencoder,Single-sweep,20260903,128,enroll_4_test_1,4,1,295,295,2136226,2.5892531999998027,0.5115559325362082,86730,283,0.04067796610169494,8.118097330675214,0.0016949152542372614,0.393083271761034,0.16443610191345215,0.16068436205387115,0.007941590622067451,0.04854797199368477,0.28691667318344116,2.311864406779661,0.0180614406779661,3.0131844493441866,0,23,0.0,1.0,7.0,295,64.21028479188286,0.5016428499365848,30.29794261622585,0,126,13.0,66.0,109.0,86730,14,0.058641761789461545,0.010169491525423728,0.029684077020638765,9,0.029684077020638765,9,0.056843076213536264
Unsupervised autoencoder,Single-sweep,20260903,128,enroll_4_test_2,4,2,295,295,2136226,2.6276796000020113,0.5093067795900486,86730,283,0.04067796610169494,8.118097330675214,0.0016949152542372614,0.393083271761034,0.16443610191345215,0.16068436205387115,0.007941590622067451,0.04854797199368477,0.28691667318344116,1.6372881355932203,0.012791313559322033,4.642377202486339,0,61,0.0,1.0,5.0,295,64.21226795803067,0.5016583434221146,30.240957201704564,0,125,13.0,66.0,109.0,86730,14,0.058180560359737114,0.010169491525423728,0.020903954802259886,7,0.01991237172835236,8,0.03866020984665053
Unsupervised autoencoder,Single-sweep,20260903,128,enroll_4_test_3,4,3,295,295,2136226,2.6315832000036607,0.5469803390304274,86730,283,0.04067796610169494,8.118097330675214,0.0016949152542372614,0.393083271761034,0.16443610191345215,0.16068436205387115,0.007941590622067451,0.04854797199368477,0.28691667318344116,1.0338983050847457,0.008077330508474576,5.49510017269843,0,91,0.0,0.0,2.0,295,64.21408970367808,0.501672575809985,30.166383757711806,0,125,13.0,66.0,109.0,86730,14,0.05813444021676467,0.006779661016949152,0.01327683615819209,5,0.011806756600945463,6,0.023613513201890923
Unsupervised autoencoder,Single-sweep,20260903,128,enroll_4_test_5,4,5,295,295,2136226,2.6672283000007155,0.6022166102874029,86730,283,0.04067796610169494,8.118097330675214,0.0016949152542372614,0.393083271761034,0.16443610191345215,0.16068436205387115,0.007941590622067451,0.04854797199368477,0.28691667318344116,0.7457627118644068,0.005826271186440678,1.516274753194913,0,19,0.0,0.0,2.0,295,64.21487374610861,0.5016787011414735,30.14572324896025,0,125,13.0,66.0,109.0,86730,14,0.05811138014527845,0.003389830508474576,0.011789461547330796,5,0.011789461547330796,5,0.023578923094661593
Unsupervised autoencoder,Single-sweep,20260903,128,enroll_5_test_1,5,1,295,295,2136226,2.5636587999979383,0.5449549152942027,86730,277,0.06101694915254241,8.0635215155223,0.0016949152542372614,0.3942235072630875,0.16443470120429993,0.160823255777359,0.005849163047969341,0.048967570066452026,0.28292950987815857,2.328813559322034,0.01819385593220339,2.7237336099638694,0,17,0.0,2.0,8.0,295,64.20961604980975,0.5016376253891387,30.22635593737214,0,124,13.0,65.0,109.0,86730,14,0.060371267150928165,0.010169491525423728,0.032745301510434685,8,0.02703216879972328,9,0.05091663784157731
Unsupervised autoencoder,Single-sweep,20260903,128,enroll_5_test_2,5,2,295,295,2136226,2.555574099998921,0.8286037289693368,86730,277,0.06101694915254241,8.0635215155223,0.0016949152542372614,0.3942235072630875,0.16443470120429993,0.160823255777359,0.005849163047969341,0.048967570066452026,0.28292950987815857,1.6745762711864407,0.013082627118644068,4.417328016984828,0,60,0.0,1.0,5.0,295,64.211714516315,0.5016540196587109,30.183810919200607,0,124,13.0,65.0,109.0,86730,14,0.05962181482762596,0.006779661016949152,0.01924362965525193,6,0.01814251124178485,7,0.0362850224835697
Unsupervised autoencoder,Single-sweep,20260903,128,enroll_5_test_3,5,3,295,295,2136226,2.699915899996995,0.5793901697793675,86730,277,0.06101694915254241,8.0635215155223,0.0016949152542372614,0.3942235072630875,0.16443470120429993,0.160823255777359,0.005849163047969341,0.048967570066452026,0.28292950987815857,1.240677966101695,0.009692796610169491,5.210504781978062,0,88,0.0,1.0,3.3000000000000114,295,64.21337484146201,0.501666990948922,30.134388906181183,0,124,13.0,65.0,109.0,86730,14,0.05943733425573619,0.003389830508474576,0.010250201775625504,5,0.010250201775625504,5,0.020500403551251007
Unsupervised autoencoder,Single-sweep,20260903,128,enroll_5_test_4,5,4,295,295,2136226,2.9587781000009272,0.5820711866964318,86730,277,0.06101694915254241,8.0635215155223,0.0016949152542372614,0.3942235072630875,0.16443470120429993,0.160823255777359,0.005849163047969341,0.048967570066452026,0.28292950987815857,0.7322033898305085,0.0057203389830508475,1.2881512193582123,0,14,0.0,0.0,3.0,295,64.21503516660901,0.5016799622391329,30.126656271050596,0,125,13.0,65.0,109.0,86730,14,0.059102963219185976,0.0,0.009817825435258849,4,0.008537991467773549,5,0.0170759829355471
Unsupervised autoencoder,Multi-sweep,20260903,128,test_1,"2,3,4,5",1,295,1180,2136226,7.78955169999972,0.579533559394511,86730,275,0.06779661016949157,8.057080381522672,0.0028336864406779453,0.395685903512663,0.16442252695560455,0.16083435714244843,0.005912326741963625,0.049963172525167465,0.2792920470237732,2.152542372881356,0.016816737288135594,3.311562712072285,0,30,0.0,1.0,7.0,295,64.20996195088205,0.501640327741266,30.388358360124357,0,127,13.0,65.0,109.0,86730,14,0.05841116107459933,0.010169491525423728,0.0316960682578116,9,0.03091779084515162,12,0.05499827049463853
Unsupervised autoencoder,Multi-sweep,20260903,128,test_2,"1,3,4,5",2,295,1180,2136226,7.749304999997548,0.5496047459142204,86730,286,0.03050847457627115,8.143554195096662,0.0028866525423728614,0.3990248796521009,0.16515739262104034,0.16144974529743195,0.006540665868669748,0.045633263885974884,0.292427122592926,1.1694915254237288,0.009136652542372881,4.465866548195152,0,59,0.0,0.0,2.3000000000000114,295,64.21270609938891,0.5016617664014759,30.43826846779756,0,124,13.0,65.0,109.0,86730,14,0.060509627579845494,0.010169491525423728,0.017283523578923092,6,0.015121641877089819,4,0.030243283754179638
Unsupervised autoencoder,Multi-sweep,20260903,128,test_3,"1,2,4,5",3,295,1180,2136226,7.589616199999,0.53138813582028,86730,280,0.05084745762711862,8.088419745922117,0.002568855932203369,0.39833877542121376,0.1638372391462326,0.16020041704177856,0.005783136934041977,0.046578649431467056,0.2881883680820465,1.0745762711864406,0.008395127118644067,5.626818473113115,0,91,0.0,0.0,3.0,295,64.21300588031824,0.5016641084399862,30.423116460454924,0,126,13.0,66.0,110.0,86730,14,0.06025596679349706,0.006779661016949152,0.01713939813213421,5,0.014222299089127175,6,0.02844459817825435
Unsupervised autoencoder,Multi-sweep,20260903,128,test_4,"1,2,3,5",4,295,1180,2136226,7.546104100001685,0.6399711863072668,86730,284,0.037288135593220306,8.124876991692165,0.003363347457627099,0.3877533813809847,0.1633821278810501,0.1597968339920044,0.004832801409065723,0.04648827388882637,0.2878771126270294,1.2033898305084745,0.009401483050847457,2.788336135034126,0,31,0.0,1.0,3.0,295,64.21427418424997,0.5016740170644529,29.8050942679907,0,125,14.0,66.0,109.0,86730,14,0.05456012913640032,0.010169491525423728,0.018257811599215957,6,0.01692609247088666,7,0.032872131903608895
Unsupervised autoencoder,Multi-sweep,20260903,128,test_5,"1,2,3,4",5,295,1180,2136226,8.142941700003576,0.5601722035030203,86730,284,0.037288135593220306,8.122318051006864,0.0032838983050847274,0.3895602001102874,0.16407208144664764,0.16045799851417542,0.004858237225562334,0.04537695273756981,0.2917388677597046,1.376271186440678,0.010752118644067797,2.534948843762628,0,27,0.0,1.0,5.0,295,64.21367462239132,0.5016693329874322,29.97086952557377,0,125,13.0,66.0,109.0,86730,14,0.058042199930819785,0.006779661016949152,0.017468004150812868,6,0.017468004150812868,6,0.033206502940159116
Unsupervised autoencoder,Single-sweep,20260904,128,enroll_1_test_2,1,2,295,295,2136226,3.1972889000026044,0.5116755932557665,86730,288,0.023728813559321993,8.157113517130561,0.0016949152542372614,0.40533062288545907,0.16370181739330292,0.1597384363412857,0.011358555406332016,0.05045325309038162,0.28909116983413696,1.9050847457627118,0.014883474576271186,4.395940603023513,0,55,0.0,1.0,7.0,295,64.21159921595756,0.5016531188746685,30.596400998731998,0,123,13.0,65.0,109.0,86730,14,0.059310503862561974,0.010169491525423728,0.030785195434105846,8,0.024057419578000692,10,0.041773319497290434
Unsupervised autoencoder,Single-sweep,20260904,128,enroll_1_test_3,1,3,295,295,2136226,2.5561224999983096,0.5083322032725722,86730,288,0.023728813559321993,8.157113517130561,0.0016949152542372614,0.40533062288545907,0.16370181739330292,0.1597384363412857,0.011358555406332016,0.05045325309038162,0.28909116983413696,2.2813559322033896,0.01782309322033898,5.9970648879965065,0,96,0.0,1.0,7.0,295,64.2105615127407,0.5016450118182867,30.56247762401321,0,124,13.0,65.0,109.0,86730,14,0.05957569468465352,0.006779661016949152,0.03091779084515162,8,0.026778508013374842,11,0.053557016026749685
Unsupervised autoencoder,Single-sweep,20260904,128,enroll_1_test_4,1,4,295,295,2136226,2.858261699999275,0.5520383051450569,86730,288,0.023728813559321993,8.157113517130561,0.0016949152542372614,0.40533062288545907,0.16370181739330292,0.1597384363412857,0.011358555406332016,0.05045325309038162,0.28909116983413696,2.2915254237288134,0.017902542372881355,2.70482613117029,0,19,0.0,2.0,8.0,295,64.21028479188286,0.5016428499365848,30.570821239823797,0,124,13.0,65.0,109.0,86730,14,0.059460394327222416,0.006779661016949152,0.031649948114839156,9,0.026784273031246395,11,0.05356854606249279
Unsupervised autoencoder,Single-sweep,20260904,128,enroll_1_test_5,1,5,295,295,2136226,2.609546200001205,0.5606044066815353,86730,288,0.023728813559321993,8.157113517130561,0.0016949152542372614,0.40533062288545907,0.16370181739330292,0.1597384363412857,0.011358555406332016,0.05045325309038162,0.28909116983413696,2.464406779661017,0.019253177966101695,2.7400880560770164,0,20,0.0,2.0,8.0,295,64.20975441023867,0.5016387063299896,30.57639770584936,0,124,13.0,65.0,109.0,86730,14,0.05989853568546062,0.003389830508474576,0.03503401360544218,9,0.0267323878704024,11,0.0534647757408048
Unsupervised autoencoder,Single-sweep,20260904,128,enroll_2_test_1,2,1,295,295,2136226,2.7813821000017924,0.5601325425293723,86730,280,0.05084745762711862,8.095199406939068,0.0016949152542372614,0.41307709439915496,0.16291871666908264,0.15902704000473022,0.010429474525153637,0.051001522690057755,0.2860179841518402,1.8135593220338984,0.014168432203389831,4.408073052529293,0,57,0.0,1.0,6.0,295,64.21159921595756,0.5016531188746685,31.30657863678024,0,125,12.0,65.0,110.0,86730,14,0.06772742995503286,0.010169491525423728,0.025919520350513085,7,0.024754986740458895,9,0.04950997348091779
Unsupervised autoencoder,Single-sweep,20260904,128,enroll_2_test_3,2,3,295,295,2136226,2.5565445000029285,0.5226077964495852,86730,280,0.05084745762711862,8.095199406939068,0.0016949152542372614,0.41307709439915496,0.16291871666908264,0.15902704000473022,0.010429474525153637,0.051001522690057755,0.2860179841518402,1.5457627118644068,0.012076271186440678,6.896004019727763,0,97,0.0,1.0,4.300000000000011,295,64.21256773895999,0.5016606854606249,31.241593844752185,0,125,12.0,65.0,110.0,86730,14,0.066701256773896,0.010169491525423728,0.019526115530958146,6,0.019526115530958146,6,0.03905223106191629
Unsupervised autoencoder,Single-sweep,20260904,128,enroll_2_test_4,2,4,295,295,2136226,2.5863696000014897,0.4807257630183535,86730,280,0.05084745762711862,8.095199406939068,0.0016949152542372614,0.41307709439915496,0.16291871666908264,0.15902704000473022,0.010429474525153637,0.051001522690057755,0.2860179841518402,1.5491525423728814,0.012102754237288136,4.144924479316447,0,55,0.0,1.0,5.0,295,64.21245243860255,0.5016597846765825,31.26335817322923,0,125,12.0,65.0,110.0,86730,14,0.06688573734578578,0.006779661016949152,0.0237461086129367,7,0.021244090856681656,6,0.0377839271301741
Unsupervised autoencoder,Single-sweep,20260904,128,enroll_2_test_5,2,5,295,295,2136226,2.522854999995616,0.5087732200528559,86730,280,0.05084745762711862,8.095199406939068,0.0016949152542372614,0.41307709439915496,0.16291871666908264,0.15902704000473022,0.010429474525153637,0.051001522690057755,0.2860179841518402,1.7220338983050847,0.013453389830508474,4.164641730947131,0,55,0.0,1.0,5.0,295,64.21176063645797,0.5016543799723279,31.26068779018711,0,125,12.0,65.0,111.0,86730,14,0.06679349705984089,0.006779661016949152,0.021249855874553213,6,0.01978554133517814,8,0.03957108267035628
Unsupervised autoencoder,Single-sweep,20260904,128,enroll_3_test_1,3,1,295,295,2136226,2.655112899999949,0.5940054239945928,86730,277,0.06101694915254241,8.0635215155223,0.0016949152542372614,0.41379615796094915,0.16375425457954407,0.15979953110218048,0.011600451543927193,0.05017279088497162,0.2872978448867798,2.216949152542373,0.01731991525423729,5.852528744182926,0,93,0.0,1.0,6.0,295,64.20998501095353,0.5016405078980745,31.228504189486383,0,125,12.0,65.0,110.0,86730,14,0.06521388216303471,0.010169491525423728,0.024495560936238902,7,0.024495560936238902,7,0.047619047619047616
Unsupervised autoencoder,Single-sweep,20260904,128,enroll_3_test_2,3,2,295,295,2136226,2.740100799994252,0.5500294917787946,86730,277,0.06101694915254241,8.0635215155223,0.0016949152542372614,0.41379615796094915,0.16375425457954407,0.15979953110218048,0.011600451543927193,0.05017279088497162,0.2872978448867798,1.4813559322033898,0.011573093220338983,6.544886215218739,0,88,0.0,0.0,3.0,295,64.2127291594604,0.5016619465582843,31.185916228609667,0,125,12.0,65.0,110.0,86730,14,0.06501787155540183,0.010169491525423728,0.020010377032168798,6,0.01706445289980399,4,0.03412890579960798
Unsupervised autoencoder,Single-sweep,20260904,128,enroll_3_test_4,3,4,295,295,2136226,3.0294377999962308,0.7274769491247707,86730,277,0.06101694915254241,8.0635215155223,0.0016949152542372614,0.41379615796094915,0.16375425457954407,0.15979953110218048,0.011600451543927193,0.05017279088497162,0.2872978448867798,1.0338983050847457,0.008077330508474576,5.243609981289747,0,88,0.0,0.0,3.0,295,64.21404358353512,0.5016722154963681,31.133937719285893,0,125,12.0,65.0,110.0,86730,14,0.0646835005188516,0.006779661016949152,0.010250201775625505,4,0.010250201775625505,4,0.020500403551251007
Unsupervised autoencoder,Single-sweep,20260904,128,enroll_3_test_5,3,5,295,295,2136226,2.7729435000001104,0.6526416947994128,86730,277,0.06101694915254241,8.0635215155223,0.0016949152542372614,0.41379615796094915,0.16375425457954407,0.15979953110218048,0.011600451543927193,0.05017279088497162,0.2872978448867798,1.2271186440677966,0.00958686440677966,5.352151023757999,0,90,0.0,1.0,3.0,295,64.21337484146201,0.501666990948922,31.12646015641813,0,125,12.0,65.0,110.0,86730,14,0.06463738037587917,0.003389830508474576,0.012291018102156116,5,0.012291018102156116,5,0.024582036204312232
Unsupervised autoencoder,Single-sweep,20260904,128,enroll_4_test_1,4,1,295,295,2136226,3.7609863999969093,1.06790474582941,86730,283,0.04067796610169494,8.108420201955644,0.0016949152542372614,0.41515067501516384,0.16632337868213654,0.16233451664447784,0.011252342723309994,0.048994455486536026,0.2936292886734009,2.3796610169491523,0.018591101694915253,2.7525362244687295,0,16,0.0,2.0,7.300000000000011,295,64.20959298973827,0.5016374452323302,31.264418231768204,0,126,12.0,65.0,110.0,86730,14,0.0641415888389254,0.010169491525423728,0.029413121180675662,8,0.029413121180675662,8,0.054006687420731
Unsupervised autoencoder,Single-sweep,20260904,128,enroll_4_test_2,4,2,295,295,2136226,2.8813987000030465,0.5771983047884147,86730,283,0.04067796610169494,8.108420201955644,0.0016949152542372614,0.41515067501516384,0.16632337868213654,0.16233451664447784,0.011252342723309994,0.048994455486536026,0.2936292886734009,1.5491525423728814,0.012102754237288136,4.102859998065558,0,57,0.0,1.0,4.0,295,64.21247549867405,0.501659964833391,31.22320041023058,0,126,12.0,65.0,110.0,86730,14,0.06365732733771474,0.010169491525423728,0.01973365617433414,7,0.01973365617433414,7,0.03946731234866828
Unsupervised autoencoder,Single-sweep,20260904,128,enroll_4_test_3,4,3,295,295,2136226,2.810774699995818,0.5775715255521837,86730,283,0.04067796610169494,8.108420201955644,0.0016949152542372614,0.41515067501516384,0.16632337868213654,0.16233451664447784,0.011252342723309994,0.048994455486536026,0.2936292886734009,1.0271186440677966,0.008024364406779661,5.647762500440852,0,95,0.0,0.0,3.0,295,64.21432030439294,0.5016743773780699,31.193555458363928,0,126,12.0,65.0,110.0,86730,14,0.06381874783811829,0.003389830508474576,0.013121180675660093,5,0.013121180675660093,5,0.026242361351320187
Unsupervised autoencoder,Single-sweep,20260904,128,enroll_4_test_5,4,5,295,295,2136226,3.1936149000030127,0.6394976272516079,86730,283,0.04067796610169494,8.108420201955644,0.0016949152542372614,0.41515067501516384,0.16632337868213654,0.16233451664447784,0.011252342723309994,0.048994455486536026,0.2936292886734009,0.7084745762711865,0.005534957627118644,1.0673395202850495,0,10,0.0,0.0,3.0,295,64.21533494753834,0.5016823042776433,31.143424759809644,0,125,12.0,65.0,110.0,86730,14,0.06316153580076098,0.0,0.009391214112763748,4,0.007880779430416235,5,0.01576155886083247
Unsupervised autoencoder,Single-sweep,20260904,128,enroll_5_test_1,5,1,295,295,2136226,2.918949999999313,0.5779979659749542,86730,284,0.037288135593220306,8.127435932377464,0.0016949152542372614,0.4143141445368308,0.1642693728208542,0.16035737097263336,0.010755746625363827,0.05043739080429077,0.2869841456413269,2.4203389830508475,0.018908898305084746,3.098100123381354,0,23,0.0,2.0,7.0,295,64.20947768938083,0.5016365444482878,31.21423068305875,0,125,12.0,65.0,110.0,86730,14,0.06387639801683385,0.010169491525423728,0.03130404704254583,9,0.028283177677850803,8,0.05563242246050963
Unsupervised autoencoder,Single-sweep,20260904,128,enroll_5_test_2,5,2,295,295,2136226,2.783345999996527,0.6061413556720145,86730,284,0.037288135593220306,8.127435932377464,0.0016949152542372614,0.4143141445368308,0.1642693728208542,0.16035737097263336,0.010755746625363827,0.05043739080429077,0.2869841456413269,1.7661016949152541,0.013797669491525423,4.54264038751729,0,63,0.0,1.0,5.0,295,64.2118759368154,0.5016552807563703,31.20515873415198,0,124,12.0,65.0,110.0,86730,14,0.06391098812406318,0.010169491525423728,0.017266228525308427,7,0.017266228525308427,7,0.03453245705061686
Unsupervised autoencoder,Single-sweep,20260904,128,enroll_5_test_3,5,3,295,295,2136226,2.7932258999935584,0.5906213558835404,86730,284,0.037288135593220306,8.127435932377464,0.0016949152542372614,0.4143141445368308,0.1642693728208542,0.16035737097263336,0.010755746625363827,0.05043739080429077,0.2869841456413269,1.264406779661017,0.009878177966101695,5.636185408271845,0,95,0.0,0.0,3.3000000000000114,295,64.2135593220339,0.5016684322033899,31.157950980181106,0,124,12.0,65.0,110.0,86730,14,0.06402628848149429,0.003389830508474576,0.012850224835696991,5,0.012850224835696991,5,0.02570044967139398
Unsupervised autoencoder,Single-sweep,20260904,128,enroll_5_test_4,5,4,295,295,2136226,2.6173399000035715,0.5255844067659828,86730,284,0.037288135593220306,8.127435932377464,0.0016949152542372614,0.4143141445368308,0.1642693728208542,0.16035737097263336,0.010755746625363827,0.05043739080429077,0.2869841456413269,0.711864406779661,0.005561440677966102,1.0375738225949303,0,7,0.0,0.0,2.0,295,64.21512740689496,0.5016806828663669,31.17370131298498,0,124,12.0,65.0,110.0,86730,14,0.06344978669433875,0.0,0.010976594027441486,4,0.00782312925170068,5,0.01564625850340136
Unsupervised autoencoder,Multi-sweep,20260904,128,test_1,"2,3,4,5",1,295,1180,2136226,7.639949299998989,0.6735352540568259,86730,282,0.04406779661016946,8.113876610343567,0.0029131355932203217,0.4087990463469991,0.16342675685882568,0.1595139056444168,0.010804775170981884,0.049496136605739594,0.2877652049064636,2.3084745762711862,0.018034957627118643,3.7656380572345154,0,39,0.0,1.0,8.300000000000011,295,64.21081517352704,0.50164699354318,30.82602900684818,0,123,12.0,65.0,110.0,86730,14,0.0630808255505592,0.013559322033898305,0.03576040585725816,10,0.03502824858757062,13,0.07005649717514124
Unsupervised autoencoder,Multi-sweep,20260904,128,test_2,"1,3,4,5",2,295,1180,2136226,7.589802199996484,0.6344135594159618,86730,277,0.06101694915254241,8.07486042388822,0.0028601694915254047,0.41521475586038065,0.16355694830417633,0.15963630378246307,0.011140690185129642,0.049766771495342255,0.2865947186946869,1.159322033898305,0.009057203389830508,4.60386995759194,0,59,0.0,0.0,3.3000000000000114,295,64.21153003574311,0.501652578404243,31.237222737164736,0,124,12.0,65.0,110.0,86730,14,0.06481033091202583,0.010169491525423728,0.015092816787732041,6,0.015092816787732041,6,0.030185633575464086
Unsupervised autoencoder,Multi-sweep,20260904,128,test_3,"1,2,4,5",3,295,1180,2136226,8.430911099996592,0.6069877966537961,86730,276,0.06440677966101693,8.049962193488401,0.002807203389830489,0.41443077858525235,0.16356845200061798,0.1596744805574417,0.011200817301869392,0.05105568841099739,0.28233641386032104,1.1423728813559322,0.00892478813559322,5.732714431963775,0,94,0.0,0.0,3.0,295,64.21332872131903,0.5016666306353049,31.106197293466312,0,124,12.0,65.0,110.0,86730,14,0.06448748991121872,0.006779661016949152,0.016678196702409775,6,0.014458664821860947,4,0.02891732964372189
Unsupervised autoencoder,Multi-sweep,20260904,128,test_4,"1,2,3,5",4,295,1180,2136226,8.49026369999774,0.5692844068477625,86730,280,0.05084745762711862,8.100317288309668,0.0030190677966101492,0.4130929923481965,0.1634301245212555,0.15950724482536316,0.011136353947222233,0.050929658114910126,0.2856777310371399,1.1220338983050848,0.008765889830508475,2.6596038140720486,0,36,0.0,1.0,3.0,295,64.2144125446789,0.5016750980053039,31.11732985234782,0,126,12.0,65.0,110.0,86730,14,0.06474115069756717,0.006779661016949152,0.015513663092355585,6,0.014902571197970713,5,0.029805142395941425
Unsupervised autoencoder,Multi-sweep,20260904,128,test_5,"1,2,3,4",5,295,1180,2136226,8.124625000004016,0.5981227120836423,86730,280,0.05084745762711862,8.09264046625377,0.0033103813559321855,0.4113260979247077,0.1633535623550415,0.15944041311740875,0.011749661527574062,0.05077040195465088,0.2817970812320709,1.505084745762712,0.011758474576271187,2.9042206987320003,0,38,0.0,1.0,5.0,295,64.21325954110458,0.5016660901648795,31.000363858657504,0,125,12.0,65.0,110.0,86730,14,0.0632883661939352,0.010169491525423728,0.014971751412429377,6,0.014971751412429377,6,0.02994350282485876
Unsupervised autoencoder,Single-sweep,20260905,128,enroll_1_test_2,1,2,295,295,2136226,3.1538199999995413,0.5326227118730766,86730,283,0.04067796610169494,8.120656271360515,0.0016949152542372614,0.4023285944378809,0.16263705492019653,0.15897053480148315,0.0070047201588749886,0.05349757522344589,0.27813073992729187,1.8271186440677967,0.014274364406779661,4.845287720881042,0,64,0.0,1.0,6.0,295,64.21173757638648,0.5016541998155194,30.500457309741236,0,126,14.0,65.0,110.0,86730,14,0.055424881817133634,0.010169491525423728,0.020166032514700796,8,0.020166032514700796,8,0.04033206502940159
Unsupervised autoencoder,Single-sweep,20260905,128,enroll_1_test_3,1,3,295,295,2136226,2.517117600000347,0.5828854237225348,86730,283,0.04067796610169494,8.120656271360515,0.0016949152542372614,0.4023285944378809,0.16263705492019653,0.15897053480148315,0.0070047201588749886,0.05349757522344589,0.27813073992729187,2.298305084745763,0.017955508474576273,6.349714534411091,0,103,0.0,1.0,6.300000000000011,295,64.2100311310965,0.5016408682116914,30.429339495817413,0,126,14.0,66.0,110.0,86730,14,0.0550674507090972,0.006779661016949152,0.02344632768361582,8,0.02344632768361582,8,0.042246050962757985
Unsupervised autoencoder,Single-sweep,20260905,128,enroll_1_test_4,1,4,295,295,2136226,2.619241200001852,0.5472471185030526,86730,283,0.04067796610169494,8.120656271360515,0.0016949152542372614,0.4023285944378809,0.16263705492019653,0.15897053480148315,0.0070047201588749886,0.05349757522344589,0.27813073992729187,2.2677966101694915,0.017717161016949153,2.6054913672116284,0,16,0.0,2.0,7.0,295,64.21026173181137,0.5016426697797763,30.44678956759683,0,126,14.0,66.0,110.0,86730,14,0.05547100196010608,0.003389830508474576,0.029222875590914334,9,0.02692839847803528,12,0.050905107805834196
Unsupervised autoencoder,Single-sweep,20260905,128,enroll_1_test_5,1,5,295,295,2136226,2.56791279999743,0.5467227117999031,86730,283,0.04067796610169494,8.120656271360515,0.0016949152542372614,0.4023285944378809,0.16263705492019653,0.15897053480148315,0.0070047201588749886,0.05349757522344589,0.27813073992729187,2.3491525423728814,0.018352754237288136,2.679626641761257,0,17,0.0,2.0,7.0,295,64.21007725123948,0.5016412285253085,30.44862899042255,0,126,14.0,66.0,110.0,86730,14,0.055286521388216305,0.003389830508474576,0.029153695376455666,9,0.026836158192090398,8,0.046811945117029866
Unsupervised autoencoder,Single-sweep,20260905,128,enroll_2_test_1,2,1,295,295,2136226,3.3596858000018983,0.7445515251828957,86730,278,0.057627118644067776,8.0719629561856,0.0016949152542372614,0.41283102009690803,0.1659737527370453,0.16229483485221863,0.007344291545450687,0.05484682321548462,0.2763248383998871,1.9254237288135594,0.015042372881355933,4.853766095831202,0,62,0.0,1.0,5.300000000000011,295,64.21118413467082,0.5016498760521158,31.19114346096703,0,127,13.0,65.0,111.0,86730,14,0.06190476190476191,0.010169491525423728,0.024778046811945117,7,0.02385564395249625,8,0.0477112879049925
Unsupervised autoencoder,Single-sweep,20260905,128,enroll_2_test_3,2,3,295,295,2136226,2.64302250000037,0.5845166101777468,86730,278,0.057627118644067776,8.0719629561856,0.0016949152542372614,0.41283102009690803,0.1659737527370453,0.16229483485221863,0.007344291545450687,0.05484682321548462,0.2763248383998871,1.5796610169491525,0.012341101694915254,6.861575443859411,0,90,0.0,1.0,3.3000000000000114,295,64.2122218378877,0.5016579831084976,31.13494898332735,0,127,12.0,65.0,111.0,86730,14,0.06176640147584458,0.010169491525423728,0.021307506053268765,7,0.020402398247434568,8,0.03934048195549406
Unsupervised autoencoder,Single-sweep,20260905,128,enroll_2_test_4,2,4,295,295,2136226,2.8224801999967895,0.5976630506989689,86730,278,0.057627118644067776,8.0719629561856,0.0016949152542372614,0.41283102009690803,0.1659737527370453,0.16229483485221863,0.007344291545450687,0.05484682321548462,0.2763248383998871,1.6101694915254237,0.012579449152542372,4.724436939249333,0,60,0.0,1.0,4.0,295,64.21231407817365,0.5016587037357316,31.155125107785754,0,127,12.0,65.0,111.0,86730,14,0.0621123025481379,0.010169491525423728,0.02570621468926554,8,0.023976709327798915,5,0.04459817825435258
Unsupervised autoencoder,Single-sweep,20260905,128,enroll_2_test_5,2,5,295,295,2136226,2.6673167000044486,0.5472050845559876,86730,278,0.057627118644067776,8.0719629561856,0.0016949152542372614,0.41283102009690803,0.1659737527370453,0.16229483485221863,0.007344291545450687,0.05484682321548462,0.2763248383998871,1.7084745762711864,0.013347457627118644,4.586629790514577,0,59,0.0,1.0,4.300000000000011,295,64.21206041738729,0.5016567220108382,31.15325671973072,0,127,12.0,65.0,111.0,86730,14,0.06208924247665168,0.006779661016949152,0.023135016718551827,7,0.022299089127176295,8,0.04048195549406203
Unsupervised autoencoder,Single-sweep,20260905,128,enroll_3_test_1,3,1,295,295,2136226,2.70145059999777,0.5824206779973377,86730,271,0.08135593220338988,8.015166727364704,0.0016949152542372614,0.42416928066182774,0.16665111482143402,0.1630241721868515,0.006650784984230995,0.057118356227874756,0.2723231017589569,2.389830508474576,0.018670550847457626,5.737503276576488,0,88,0.0,1.0,8.0,295,64.20943156923786,0.5016361841346708,31.917458583795078,0,128,12.0,65.0,112.0,86730,14,0.06710480802490487,0.010169491525423728,0.035189669087974176,9,0.03250317075982936,11,0.06238902340597256
Unsupervised autoencoder,Single-sweep,20260905,128,enroll_3_test_2,3,2,295,295,2136226,2.8468395000018063,0.5185196609522406,86730,271,0.08135593220338988,8.015166727364704,0.0016949152542372614,0.42416928066182774,0.16665111482143402,0.1630241721868515,0.006650784984230995,0.057118356227874756,0.2723231017589569,1.6440677966101696,0.01284427966101695,6.812759916690358,0,88,0.0,0.0,4.0,295,64.21208347745878,0.5016569021676467,31.940826680035833,0,128,12.0,65.0,112.0,86730,14,0.06710480802490487,0.010169491525423728,0.024126599792459357,7,0.021221030785195435,5,0.04128905799607979
Unsupervised autoencoder,Single-sweep,20260905,128,enroll_3_test_4,3,4,295,295,2136226,2.7046473000009428,0.5657755930846857,86730,271,0.08135593220338988,8.015166727364704,0.0016949152542372614,0.42416928066182774,0.16665111482143402,0.1630241721868515,0.006650784984230995,0.057118356227874756,0.2723231017589569,1.1288135593220339,0.00881885593220339,5.25768148274172,0,88,0.0,0.0,3.0,295,64.21378992274876,0.5016702337714747,31.88078224248244,0,128,12.0,65.0,112.0,86730,14,0.06738152888273953,0.003389830508474576,0.014395249625273839,5,0.014395249625273839,5,0.028790499250547674
Unsupervised autoencoder,Single-sweep,20260905,128,enroll_3_test_5,3,5,295,295,2136226,2.6472677000056137,0.5247223728644204,86730,271,0.08135593220338988,8.015166727364704,0.0016949152542372614,0.42416928066182774,0.16665111482143402,0.1630241721868515,0.006650784984230995,0.057118356227874756,0.2723231017589569,1.3491525423728814,0.010540254237288136,5.260893230117153,0,88,0.0,1.0,4.0,295,64.21298282024674,0.5016639282831776,31.886072580615334,0,128,12.0,65.0,112.0,86730,14,0.06716245820362043,0.003389830508474576,0.0161708751297129,5,0.015698143664245358,7,0.030185633575464083
Unsupervised autoencoder,Single-sweep,20260905,128,enroll_4_test_1,4,1,295,295,2136226,2.759841899998719,0.6001281358648912,86730,277,0.06101694915254241,8.070639703556571,0.0016949152542372614,0.4146686433138901,0.1642056703567505,0.16054092347621918,0.007731105200946331,0.0597916841506958,0.2680273652076721,2.23728813559322,0.017478813559322032,2.640210921349372,0,17,0.0,1.0,7.300000000000011,295,64.21067681309812,0.501645912602329,31.310255842087013,0,127,13.0,65.0,111.0,86730,14,0.06174334140435835,0.003389830508474576,0.03332180329759023,9,0.02827164764210769,12,0.05654329528421538
Unsupervised autoencoder,Single-sweep,20260905,128,enroll_4_test_2,4,2,295,295,2136226,2.9829528000045684,0.7880837286593614,86730,277,0.06101694915254241,8.070639703556571,0.0016949152542372614,0.4146686433138901,0.1642056703567505,0.16054092347621918,0.007731105200946331,0.0597916841506958,0.2680273652076721,1.5627118644067797,0.012208686440677966,4.532794272112306,0,62,0.0,1.0,5.0,295,64.21261385910296,0.5016610457742419,31.298437934523005,0,127,13.0,66.0,111.0,86730,14,0.06145509051078058,0.006779661016949152,0.02192436296552519,7,0.02192436296552519,7,0.03914447134786118
Unsupervised autoencoder,Single-sweep,20260905,128,enroll_4_test_3,4,3,295,295,2136226,2.7052478000041447,0.5572677967809456,86730,277,0.06101694915254241,8.070639703556571,0.0016949152542372614,0.4146686433138901,0.1642056703567505,0.16054092347621918,0.007731105200946331,0.0597916841506958,0.2680273652076721,1.0542372881355933,0.008236228813559322,5.417009053560827,0,91,0.0,0.0,3.0,295,64.21418194396402,0.5016732964372189,31.24861898618445,0,127,13.0,66.0,111.0,86730,14,0.06170875129712902,0.003389830508474576,0.018044505937968407,6,0.015824974057419578,5,0.02483569699066067
Unsupervised autoencoder,Single-sweep,20260905,128,enroll_4_test_5,4,5,295,295,2136226,2.6027899000036996,0.5451210166753854,86730,277,0.06101694915254241,8.070639703556571,0.0016949152542372614,0.4146686433138901,0.1642056703567505,0.16054092347621918,0.007731105200946331,0.0597916841506958,0.2680273652076721,0.7050847457627119,0.005508474576271186,1.1507796423776078,0,8,0.0,0.0,3.0,295,64.21533494753834,0.5016823042776433,31.26294419359422,0,127,13.0,66.0,111.0,86730,14,0.06145509051078058,0.0,0.01257350397786233,5,0.011380145278450363,6,0.02276029055690073
Unsupervised autoencoder,Single-sweep,20260905,128,enroll_5_test_1,5,1,295,295,2136226,2.7829159000029904,0.6289593221065273,86730,285,0.03389830508474578,8.136774534079713,0.0016949152542372614,0.41474197248328926,0.1630568653345108,0.15938369929790497,0.007525810971856117,0.059282414615154266,0.2704061269760132,2.393220338983051,0.018697033898305085,2.6969284876711375,0,17,0.0,2.0,8.0,295,64.20922402859449,0.5016345627233945,31.34394061755788,0,128,13.0,65.0,111.0,86730,14,0.06181252161881702,0.003389830508474576,0.029874322610400093,9,0.02825435258849302,12,0.054456358814712336
Unsupervised autoencoder,Single-sweep,20260905,128,enroll_5_test_2,5,2,295,295,2136226,2.679382700000133,0.626992881672962,86730,285,0.03389830508474578,8.136774534079713,0.0016949152542372614,0.41474197248328926,0.1630568653345108,0.15938369929790497,0.007525810971856117,0.059282414615154266,0.2704061269760132,1.623728813559322,0.012685381355932203,4.2551425063488795,0,56,0.0,1.0,5.0,295,64.21173757638648,0.5016541998155194,31.35820227397995,0,127,13.0,65.0,111.0,86730,14,0.061639571082670354,0.006779661016949152,0.021555401821745646,7,0.021497751643030093,9,0.04133517813905223
Unsupervised autoencoder,Single-sweep,20260905,128,enroll_5_test_3,5,3,295,295,2136226,2.813183399994159,0.5303979661390659,86730,285,0.03389830508474578,8.136774534079713,0.0016949152542372614,0.41474197248328926,0.1630568653345108,0.15938369929790497,0.007525810971856117,0.059282414615154266,0.2704061269760132,1.1389830508474577,0.008898305084745763,5.738431632576323,0,97,0.0,0.0,3.0,295,64.21367462239132,0.5016693329874322,31.306571537954746,0,126,13.0,65.0,111.0,86730,14,0.06202006226219301,0.003389830508474576,0.017006802721088433,5,0.01405511357085207,6,0.024247665167762018
Unsupervised autoencoder,Single-sweep,20260905,128,enroll_5_test_4,5,4,295,295,2136226,2.660420599997451,0.686154576261149,86730,285,0.03389830508474578,8.136774534079713,0.0016949152542372614,0.41474197248328926,0.1630568653345108,0.15938369929790497,0.007525810971856117,0.059282414615154266,0.2704061269760132,0.5864406779661017,0.004581567796610169,1.0093875065978029,0,7,0.0,0.0,2.0,295,64.21563472846766,0.5016846463161536,31.305298490921523,0,127,13.0,65.0,111.0,86730,14,0.06191629194050501,0.0,0.01178369652945924,4,0.010394327222414389,5,0.02078865444482878
Unsupervised autoencoder,Multi-sweep,20260905,128,test_1,"2,3,4,5",1,295,1180,2136226,7.834717900004762,0.6541338983540408,86730,275,0.06779661016949157,8.044844312117801,0.0028072033898304907,0.416690190694514,0.1663680076599121,0.16272711753845215,0.007604194339364767,0.05866101011633873,0.2674074172973633,2.169491525423729,0.01694915254237288,3.730516471205393,0,39,0.0,1.0,8.0,295,64.21169145624351,0.5016538395019025,31.44741314377786,0,127,12.0,65.0,111.0,86730,14,0.06356508705176986,0.010169491525423728,0.03200737922287559,9,0.030900495791536954,11,0.0616972212613859
Unsupervised autoencoder,Multi-sweep,20260905,128,test_2,"1,3,4,5",2,295,1180,2136226,8.412064299998747,0.5849603392623791,86730,275,0.06779661016949157,8.050300720505724,0.0026218220338982863,0.4181256221589563,0.16539067029953003,0.16172637045383453,0.007193523924797773,0.0562315359711647,0.2742317318916321,1.1355932203389831,0.008871822033898306,4.625637029556641,0,56,0.0,0.0,3.0,295,64.21316730081863,0.5016653695376455,31.58144497809265,0,128,12.0,65.0,111.0,86730,14,0.0657442638072178,0.010169491525423728,0.016049809754410237,5,0.016049809754410237,5,0.030439294361812523
Unsupervised autoencoder,Multi-sweep,20260905,128,test_3,"1,2,4,5",3,295,1180,2136226,7.39190399999643,0.5471484743993951,86730,276,0.06440677966101693,8.065521822185971,0.0028601694915254047,0.4162655445571161,0.16497229039669037,0.16135409474372864,0.006817751098424196,0.05614204332232475,0.2715880274772644,1.0847457627118644,0.00847457627118644,5.768457909426974,0,94,0.0,0.0,3.0,295,64.21298282024674,0.5016639282831776,31.40272139503405,0,127,12.0,65.0,111.0,86730,14,0.06335754640839386,0.010169491525423728,0.013945578231292517,5,0.013945578231292517,5,0.027891156462585033
Unsupervised autoencoder,Multi-sweep,20260905,128,test_4,"1,2,3,5",4,295,1180,2136226,7.661119600001257,0.5982803387253671,86730,273,0.07457627118644072,8.028726049398603,0.0034957627118643877,0.41753735082551685,0.1653943508863449,0.1617315411567688,0.007283975835889578,0.056001611053943634,0.2738594710826874,1.1423728813559322,0.00892478813559322,2.7994292050509166,0,34,0.0,0.0,3.0,295,64.21349014181943,0.5016678917329643,31.467641580026687,0,127,12.0,65.0,111.0,86730,14,0.06433759944655829,0.006779661016949152,0.018148276259656405,6,0.018148276259656405,6,0.03530496944540528
Unsupervised autoencoder,Multi-sweep,20260905,128,test_5,"1,2,3,4",5,295,1180,2136226,8.541253800001869,0.6405877965103867,86730,277,0.06101694915254241,8.07486042388822,0.0032838983050847265,0.4126200983982605,0.1648682951927185,0.16121770441532135,0.007505552377551794,0.0552464984357357,0.2722855508327484,1.4,0.0109375,3.045460545134806,0,40,0.0,1.0,4.0,295,64.21319036089012,0.5016655496944541,31.179581289102206,0,127,12.0,65.0,111.0,86730,14,0.06338060647988009,0.006779661016949152,0.019479995387985703,6,0.018563357546408393,7,0.03668857373457858
